[{"quickAction":[{"queryId":548,"queryKey":"GET_BULK_PRISONERS_RELEASE_DATE","queryText":"select\n\toffender_book_id,\n\tlrd,\n\terd,\n\tcase when (hed = 'indefinite' or erd = 'indefinite')   then 'indefinite'\n\t\twhen (hed is not null and hed > erd) then hed else erd end expected_release_date\nfrom\n\t\toffender_bookings ob\nleft join (\n\tselect\n\t\t\toffenderBookId,\n\t\t\tMAX((case when Legal_summary_data.dateType = 'booking_LRD' then Legal_summary_data.datevalue end)) as lrd,\n\t\t\tMAX((case when Legal_summary_data.dateType = 'booking_ERD' then Legal_summary_data.datevalue end)) as erd,\n\t\t\tMAX((case when Legal_summary_data.dateType = 'booking_HED' then Legal_summary_data.datevalue end)) as hed\n\tfrom\n\t\t\t(\n\t\tselect\n\t\t\t\toffenderBookId,\n\t\t\t\tdateType,\n\t\t\t\tcase\n\t\t\t\t\twhen overrideindefinite = 'true' then 'indefinite'\n\t\t\t\twhen overridedatevalue <> '' then overrideDateValue\n\t\t\t\twhen indefinite = 'true' then 'indefinite'\n\t\t\t\twhen dateValue <> '' then dateValue\n\t\t\t\telse null\n\t\t\tend as datevalue\n\t\tfrom\n\t\t\t\t(\n\t\t\tselect\n\t\t\t\t\toffenderBookId,\n\t\t\t\t\tjsonb_array_elements(booking_dates::jsonb)->>'dateType' as dateType,\n\t\t\t\t\tjsonb_array_elements(booking_dates::jsonb)->>'dateValue' as dateValue,\n\t\t\t\t\tjsonb_array_elements(booking_dates::jsonb)->>'indefinite' as indefinite,\n\t\t\t\t\tjsonb_array_elements(booking_dates::jsonb)->>'overrideIndefinite' as overrideIndefinite,\n\t\t\t\t\tjsonb_array_elements(booking_dates::jsonb)->>'overrideDateValue' as overrideDateValue\n\t\t\tfrom\n\t\t\t\t\t(\n\t\t\t\tselect\n\t\t\t\t\t\toffenderBookId,\n\t\t\t\t\t\tbooking_dates\n\t\t\t\tfrom\n\t\t\t\t\t\t(\n\t\t\t\t\tselect\n\t\t\t\t\t\t\toffenderBookId,\n\t\t\t\t\t\t\tform_info_json as formInfoJson,\n\t\t\t\t\t\t\titems ->> 1 as booking_dates\n\t\t\t\t\tfrom\n\t\t\t\t\t\t\t(\n\t\t\t\t\t\tselect\n\t\t\t\t\t\t\t\tform_identifier::jsonb->>'offenderBookId' as offenderbookid,\n\t\t\t\t\t\t\t\tform_info_json,\n\t\t\t\t\t\t\t\tjsonb_path_query_array(encode(form_info_json, 'escape')::jsonb,\n\t\t\t\t\t\t\t\t'$.*') as items\n\t\t\t\t\t\tfrom\n\t\t\t\t\t\t\t\tocdlegls_data) as t\n\t\t\t\t\twhere\n\t\t\t\t\t\t\toffenderbookid::bigint in (:offenderBookIds)\n      ) as LEGAL_SUMMARY\n    ) as LEGAL_SUMMARY_1\n  ) as LEGAL_SUMMARY_2\n\t\twhere\n\t\t\t\tdatetype in ('booking_LRD', 'booking_ERD','booking_HED')\n\t\tgroup by\n\t\t\t\toffenderBookId,\n\t\t\t\toverrideindefinite,\n\t\t\t\toverrideDateValue,\n\t\t\t\tindefinite,\n\t\t\t\tdateValue,\n\t\t\t\tdateType) as Legal_summary_data\n\tgroup by\n\t\t\toffenderBookId)B on\n\t\tob.offender_book_id::text = B.offenderBookId\nwhere\n\tob.offender_book_id::bigint in(:offenderBookIds)","queryDesc":"Get Bulk Prisoner Release Date","category":"CLIENT"}],"actionParams":[{"createUserId":"OMS_OWNER","parameterId":2011,"queryKey":"GET_BULK_PRISONERS_RELEASE_DATE","parameterCode":"offenderBookIds","parameterDescription":"Offender Book Ids","parameterType":"List","createDatetime":1706760931778}],"createUserId":"OMS_OWNER","apiId":"GET_BULK_PRISONERS_RELEASE_DATE","apiDescription":"Get Bulk Prisoner Release Date","queryKey":"GET_BULK_PRISONERS_RELEASE_DATE","url":"Elite2Web/api/cmdaction/executeSelectQuery","queryId":0,"createDatetime":1706760931000,"category":"CLIENT"}]