[{"quickAction":[{"queryId":283,"queryKey":"GET_COMM_PRIMARY_OFFICER_MAIL_ID","queryText":"SELECT\n  cp.offender_book_id,\n  STRING_AGG(ia.internet_address, ',') AS internet_addresses\nFROM\n  case_plans cp\nJOIN\n  internet_addresses ia\nON\n  ia.owner_id = cp.sac_staff_id\nWHERE\n  cp.offender_book_id = :offenderBookId\n  AND case_plan_status = 'ACTIVE'\n  AND ia.owner_class = 'STF'\nGROUP BY\n  cp.offender_book_id","queryDesc":"Get Comm Primary Officer Mail Id","category":"CLIENT"}],"actionParams":[{"createUserId":"OMS_OWNER","parameterId":551,"queryKey":"GET_COMM_PRIMARY_OFFICER_MAIL_ID","parameterCode":"offenderBookId","parameterDescription":"Offender Book Id","parameterType":"Number","createDatetime":1692323374574,"modifyDatetime":1692323374574}],"createUserId":"OMS_OWNER","apiId":"GET_COMM_PRIMARY_OFFICER_MAIL_ID","apiDescription":"Get Comm Primary Officer Mail Id","queryKey":"GET_COMM_PRIMARY_OFFICER_MAIL_ID","url":"Elite2Web/api/cmdaction/executeSelectQuery","queryId":0,"createDatetime":1692323374000,"modifyDatetime":1692323374000,"category":"CLIENT"},{"quickAction":[{"queryId":282,"queryKey":"GET_OFFENDER_PROGRAM_STATUS","queryText":"select\n\tstatus\nfrom\n\toffender_prg_obligations\nwhere\n\toffender_book_id = :offenderBookId\n\tand program_id = (\n\tselect\n\t\tparent_program_id\n\tfrom\n\t\tprogram_services ps\n\twhere\n\t\tprogram_id = :programId)","queryDesc":"Get Offender Program Status","category":"CLIENT"}],"actionParams":[{"createUserId":"OMS_OWNER","parameterId":549,"queryKey":"GET_OFFENDER_PROGRAM_STATUS","parameterCode":"offenderBookId","parameterDescription":"Offender Book Id","parameterType":"Number","createDatetime":1692323374574,"modifyDatetime":1692323374574},{"createUserId":"OMS_OWNER","parameterId":550,"queryKey":"GET_OFFENDER_PROGRAM_STATUS","parameterCode":"programId","parameterDescription":"Program Id","parameterType":"Number","createDatetime":1692323374574,"modifyDatetime":1692323374574}],"createUserId":"OMS_OWNER","apiId":"GET_OFFENDER_PROGRAM_STATUS","apiDescription":"Get Offender Program Status","queryKey":"GET_OFFENDER_PROGRAM_STATUS","url":"Elite2Web/api/cmdaction/executeSelectQuery","queryId":0,"createDatetime":1692323374000,"modifyDatetime":1692323374000,"category":"CLIENT"},{"quickAction":[{"queryId":284,"queryKey":"GET_OFFENDER_DETAILS_FOR_PROG_ID","queryText":"select\n\tvo.first_name,\n\tvo.last_name,\n    vo.offender_book_id,\n\tvo.offender_id_display,\n\tps.description \nfrom\n\toffender_prg_obligations opo,\n\tv_offenders vo,\n\tprogram_services ps \nwhere \n\topo.offender_prg_obligation_id = :offenderPrgObligationId\n\tand opo.offender_book_id = vo.offender_book_id\n\tand ps.program_id = opo.program_id","queryDesc":"Get Offender Details For Prog Id","category":"CLIENT"}],"actionParams":[{"createUserId":"OMS_OWNER","parameterId":552,"queryKey":"GET_OFFENDER_DETAILS_FOR_PROG_ID","parameterCode":"offenderPrgObligationId","parameterDescription":"Prog Id","parameterType":"Number","createDatetime":1692323374574,"modifyDatetime":1692323374574,"modifyUserId":"OMS_OWNER"}],"createUserId":"OMS_OWNER","apiId":"GET_OFFENDER_DETAILS_FOR_PROG_ID","apiDescription":"Get Offender Details for Prog Id","queryKey":"GET_OFFENDER_DETAILS_FOR_PROG_ID","url":"Elite2Web/api/cmdaction/executeSelectQuery","queryId":0,"createDatetime":1692323374000,"modifyDatetime":1692323374000,"category":"CLIENT"}]