[{"quickAction":[{"queryId":268,"queryKey":"GET_OFF_PHY_MARK_DETAILS","queryText":"select\n   (select description from reference_codes rc where code = mark_type and \"domain\"='MARK_TYPE') as mark_type,\n   (select description from reference_codes rc where code = body_part_code and \"domain\"='BODY_PART') as body_part,\n   (select description from reference_codes rc where code = side_code and \"domain\"='SIDE') as side,\n   (select description from reference_codes rc where code = part_orientation_code and \"domain\"='PART_ORIENT') as part_orientation,\n   comment_text\nfrom\n\toffender_identifying_marks oim\nwhere \n\toffender_book_id = :offenderBookId","queryDesc":"Get Off Phy Mark Details","category":"CLIENT"}],"actionParams":[{"createUserId":"OMS_OWNER","parameterId":455,"queryKey":"GET_OFF_PHY_MARK_DETAILS","parameterCode":"offenderBookId","parameterDescription":"Offender Book Id","parameterType":"Number","createDatetime":1689231563872,"modifyDatetime":1689304587650,"modifyUserId":"OMS_OWNER"}],"createUserId":"OMS_OWNER","apiId":"GET_OFF_PHY_MARK_DETAILS","apiDescription":"Get Off Phy Mark Details","queryKey":"GET_OFF_PHY_MARK_DETAILS","url":"Elite2Web/api/cmdaction/executeSelectQuery","queryId":0,"createDatetime":1689231678000,"modifyDatetime":1689231678000,"category":"CLIENT"},{"quickAction":[{"queryId":267,"queryKey":"FORMAT_PHY_DESC_RESPONSE","queryText":"Select 1 from Dual","queryDesc":"Format Phy Desc Response","category":"CLIENT"}],"actionParams":[{"createUserId":"OMS_OWNER","parameterId":450,"queryKey":"FORMAT_PHY_DESC_RESPONSE","parameterCode":"correlationId","parameterDescription":"Correlation Id","parameterType":"String","createDatetime":1689226195073,"modifyDatetime":1689226195073},{"createUserId":"OMS_OWNER","parameterId":451,"queryKey":"FORMAT_PHY_DESC_RESPONSE","parameterCode":"specificationKey","parameterDescription":"Specification Key","parameterType":"String","createDatetime":1689226195073,"modifyDatetime":1689226195073},{"createUserId":"OMS_OWNER","parameterId":452,"queryKey":"FORMAT_PHY_DESC_RESPONSE","parameterCode":"staffDetails","parameterDescription":"Staff Details","parameterType":"String","createDatetime":1689226195073,"modifyDatetime":1689226195073},{"createUserId":"OMS_OWNER","parameterId":453,"queryKey":"FORMAT_PHY_DESC_RESPONSE","parameterCode":"phyAttributeDetails","parameterDescription":"Phy Attribute Details","parameterType":"String","createDatetime":1689226195073,"modifyDatetime":1689226195073},{"createUserId":"OMS_OWNER","parameterId":454,"queryKey":"FORMAT_PHY_DESC_RESPONSE","parameterCode":"offenderProfileDetails","parameterDescription":"Offender Profile Details","parameterType":"String","createDatetime":1689226195073,"modifyDatetime":1689226195073},{"createUserId":"OMS_OWNER","parameterId":456,"queryKey":"FORMAT_PHY_DESC_RESPONSE","parameterCode":"phyMarkDetails","parameterDescription":"Phy Mark Details","parameterType":"String","createDatetime":1689231790688,"modifyDatetime":1689231790688},{"createUserId":"OMS_OWNER","parameterId":457,"queryKey":"FORMAT_PHY_DESC_RESPONSE","parameterCode":"pin","parameterDescription":"Pin","parameterType":"String","createDatetime":1689307894753,"modifyDatetime":1689307894753}],"createUserId":"OMS_OWNER","apiId":"FORMAT_PHY_DESC_RESPONSE","apiDescription":"Format Phy Desc Response","queryKey":"FORMAT_PHY_DESC_RESPONSE","url":"Elite2Web/api/serviceBusController/convertJson","queryId":0,"createDatetime":1689226334000,"modifyDatetime":1689226334000,"category":"CLIENT"},{"quickAction":[{"queryId":266,"queryKey":"GET_OFF_PHY_ATTRIBUTE_DETAILS","queryText":"select\n\theight_cm,\n\tweight_kg \nfrom\n\toffender_physical_attributes opa\nwhere\n\toffender_book_id = :offenderBookId\n\tand attribute_seq = (select max(attribute_seq) from offender_physical_attributes where offender_book_id = :offenderBookId)","queryDesc":"Get Off Phy Attribute Details","category":"CLIENT"}],"actionParams":[{"createUserId":"OMS_OWNER","parameterId":449,"queryKey":"GET_OFF_PHY_ATTRIBUTE_DETAILS","parameterCode":"offenderBookId","parameterDescription":"Offednder Book Id","parameterType":"Number","createDatetime":1689219623423,"modifyDatetime":1689304383583,"modifyUserId":"OMS_OWNER"}],"createUserId":"OMS_OWNER","apiId":"GET_OFF_PHY_ATTRIBUTE_DETAILS","apiDescription":"Get Off Phy Attribute Details","queryKey":"GET_OFF_PHY_ATTRIBUTE_DETAILS","url":"Elite2Web/api/cmdaction/executeSelectQuery","queryId":0,"createDatetime":1689219667000,"modifyDatetime":1689219667000,"category":"CLIENT"},{"quickAction":[{"queryId":265,"queryKey":"FORMAT_PHYSICAL_DESC_ERROR_RESPONSE","queryText":"Select 1 from Dual","queryDesc":"Format Physical Desc Error Resp","category":"CLIENT"}],"actionParams":[{"createUserId":"OMS_OWNER","parameterId":446,"queryKey":"FORMAT_PHYSICAL_DESC_ERROR_RESPONSE","parameterCode":"correlationId","parameterDescription":"Correlation Id","parameterType":"String","createDatetime":1689217896794,"modifyDatetime":1689217896794},{"createUserId":"OMS_OWNER","parameterId":447,"queryKey":"FORMAT_PHYSICAL_DESC_ERROR_RESPONSE","parameterCode":"specificationKey","parameterDescription":"Specification Key","parameterType":"String","createDatetime":1689217896794,"modifyDatetime":1689217896794},{"createUserId":"OMS_OWNER","parameterId":448,"queryKey":"FORMAT_PHYSICAL_DESC_ERROR_RESPONSE","parameterCode":"staffDetails","parameterDescription":"Staff Details","parameterType":"String","createDatetime":1689217896794,"modifyDatetime":1689217896794},{"createUserId":"OMS_OWNER","parameterId":458,"queryKey":"FORMAT_PHYSICAL_DESC_ERROR_RESPONSE","parameterCode":"pin","parameterDescription":"Pin","parameterType":"String","createDatetime":1689566399571,"modifyDatetime":1689566399571}],"createUserId":"OMS_OWNER","apiId":"FORMAT_PHYSICAL_DESC_ERROR_RESPONSE","apiDescription":"Format Physical Desc Error Resp","queryKey":"FORMAT_PHYSICAL_DESC_ERROR_RESPONSE","url":"Elite2Web/api/serviceBusController/convertJson","queryId":0,"createDatetime":1689217959000,"modifyDatetime":1689217959000,"category":"CLIENT"},{"quickAction":[{"queryId":264,"queryKey":"FORMAT_PHYSICAL_DESC_REQ","queryText":"select 1 from dual","queryDesc":"Format Physical Desc Req","category":"CLIENT"}],"actionParams":[{"createUserId":"OMS_OWNER","parameterId":444,"queryKey":"FORMAT_PHYSICAL_DESC_REQ","parameterCode":"ProcessInput","parameterDescription":"Process Input","parameterType":"String","createDatetime":1689217476093,"modifyDatetime":1689217476093},{"createUserId":"OMS_OWNER","parameterId":445,"queryKey":"FORMAT_PHYSICAL_DESC_REQ","parameterCode":"specificationKey","parameterDescription":"Specification Key","parameterType":"String","createDatetime":1689217476093,"modifyDatetime":1689217476093}],"createUserId":"OMS_OWNER","apiId":"FORMAT_PHYSICAL_DESC_REQ","apiDescription":"Format Physical Desc Req","queryKey":"FORMAT_PHYSICAL_DESC_REQ","url":"Elite2Web/api/serviceBusController/convertJson","queryId":0,"createDatetime":1689217526000,"modifyDatetime":1689217526000,"category":"CLIENT"},{"quickAction":[{"queryId":191,"queryKey":"GET_OFFENDER_ID_DISPLAY_EXISTS","queryText":"select\n\tcoalesce (y,\n\t'N') as Y\nfrom\n\t(\n\tselect\n\t\t(\n\t\tselect\n\t\t\t'Y' as Y\n\t\tfrom\n\t\t\tv_header_block\n\t\twhere\n\t\t\toffender_id_display = :offenderIdDisplay limit 1) Y,\n\t\t1\n\tfrom\n\t\tdual)A","queryDesc":"Get Offender Id Display Exists","category":"CLIENT"}],"actionParams":[{"createUserId":"OMS_OWNER","parameterId":329,"queryKey":"GET_OFFENDER_ID_DISPLAY_EXISTS","parameterCode":"offenderIdDisplay","parameterDescription":"Offender Id Display","parameterType":"String","createDatetime":1677211277423,"modifyDatetime":1677211277423}],"createUserId":"OMS_OWNER","apiId":"GET_OFFENDER_ID_DISPLAY_EXISTS","apiDescription":"Get Offender Id Display Exists","queryKey":"GET_OFFENDER_ID_DISPLAY_EXISTS","url":"Elite2Web/api/cmdaction/executeSelectQuery","queryId":0,"createDatetime":1677211348000,"modifyDatetime":1677211348000,"category":"CLIENT"},{"quickAction":[{"queryId":185,"queryKey":"GET_OFFENDER_BOOK_ID_FOR_OID","queryText":"select max(offender_book_id) offender_book_id from v_offenders where offender_id_display = :offenderIdDisplay","queryDesc":"Get offender book id for display id","category":"CLIENT"}],"actionParams":[{"createUserId":"OMS_OWNER","parameterId":293,"queryKey":"GET_OFFENDER_BOOK_ID_FOR_OID","parameterCode":"offenderIdDisplay","parameterDescription":"Offender Id Display","parameterType":"String","createDatetime":1675289573488,"modifyDatetime":1675289573488}],"createUserId":"OMS_OWNER","apiId":"GET_OFFENDER_BOOK_ID_FOR_OID","apiDescription":"Get offender book id for display Id","queryKey":"GET_OFFENDER_BOOK_ID_FOR_OID","url":"Elite2Web/api/cmdaction/executeSelectQuery","queryId":0,"createDatetime":1675289632000,"modifyDatetime":1675289632000,"category":"CLIENT"},{"quickAction":[{"queryId":172,"queryKey":"GET_OFFENDER_PROFILE_DETAILS","queryText":"select\n\t(\n\tselect\n\t\tprofile_code nationality\n\tfrom\n\t\tOFFENDER_PROFILE_DETAILS\n\twhere\n\t\tprofile_type = 'CULTURE'\n\t\tand offender_book_id = :offenderBookId) as nationality,\n\t\t(\n\tselect\n\t\tprofile_code hair\n\tfrom\n\t\tOFFENDER_PROFILE_DETAILS\n\twhere\n\t\tprofile_type = 'HAIR'\n\t\tand offender_book_id = :offenderBookId) as hair,\n\t\t(\n\tselect\n\t\tprofile_code eye\n\tfrom\n\t\tOFFENDER_PROFILE_DETAILS\n\twhere\n\t\tprofile_type = 'EYE'\n\t\tand offender_book_id = :offenderBookId) as eye,\n\t'TBD' ethnicity,\n\t'TBD' religion,\n\t'TBD' build","queryDesc":"Get Offender Profile Details","category":"CLIENT"}],"actionParams":[{"createUserId":"KARTHI","parameterId":250,"queryKey":"GET_OFFENDER_PROFILE_DETAILS","parameterCode":"offenderBookId","parameterDescription":"Offender Book Id","parameterType":"Number","createDatetime":1673337144300,"modifyDatetime":1673338451304,"modifyUserId":"KARTHI"}],"createUserId":"KARTHI","apiId":"GET_OFFENDER_PROFILE_DETAILS","apiDescription":"Get Offender Profile Details","queryKey":"GET_OFFENDER_PROFILE_DETAILS","url":"Elite2Web/api/cmdaction/executeSelectQuery","queryId":0,"createDatetime":1673337182000,"modifyDatetime":1673337182000,"category":"CLIENT"},{"quickAction":[{"queryId":21,"queryKey":"GET_STAFF_DETAILS","queryText":"select user_id, last_name, first_name, current_timestamp date_time from staff_members where user_id = :userId","queryDesc":"Get Staff Details","category":"CLIENT"}],"actionParams":[{"createUserId":"OMS_OWNER","parameterId":28,"queryKey":"GET_STAFF_DETAILS","parameterCode":"userId","parameterDescription":"User Id","parameterType":"String","createDatetime":1661267533000,"modifyDatetime":1667552073806,"modifyUserId":"OMS_OWNER"}],"createUserId":"OMS_OWNER","apiId":"GET_STAFF_DETAILS","apiDescription":"Get Staff Details","queryKey":"GET_STAFF_DETAILS","url":"Elite2Web/api/cmdaction/executeSelectQuery","queryId":0,"createDatetime":1661268205000,"modifyDatetime":1661268205000,"category":"CLIENT"}]