[{"quickAction":[{"queryId":446,"queryKey":"GET_OFFENDER_ASSIGNED_STAFF_NOTIFY_MAIL_ID","queryText":"select STRING_AGG(B.internet_address, ',') as mailId from ( select internet_address from ( select case when ord.team_id is null and ord.staff_member_id is not null then ( select sm.staff_id from staff_members sm where sm.staff_id::text = ord.staff_member_id ) when ord.team_id is not null and ord.staff_member_id is not null then ( select sm.staff_id from staff_members sm , team_staff_members tsm where sm.staff_id = tsm.staff_id and tsm.team_member_id::text = ord.staff_member_id) end as staff_id from ORDERS ord where ord.offender_book_id =:offenderBookId and ord.order_status in ( select code from reference_codes rc where \"domain\" = 'REP_REQ_STS' and parent_code = 'ACTIVE')) A, internet_addresses ia where owner_class = 'STF' and ia.owner_id = A.staff_id and coalesce(internet_address, '') != '' union select internet_address from ( select ( select sm.staff_id from staff_members sm where sm.staff_id = cp.sac_staff_id )staff_id from case_plans cp where offender_book_id = :offenderBookId and case_plan_status = 'ACTIVE')A, internet_addresses ia where owner_class = 'STF' and ia.owner_id = A.staff_id and coalesce(internet_address, '') != '' union select ia.internet_address from ( select case when ord.team_id is null and ord.staff_responsible is not null then ( select sm.staff_id from staff_members sm where sm.staff_id = ord.staff_responsible ) when ord.team_id is not null and ord.staff_responsible is not null then ( select sm.staff_id from staff_members sm , team_staff_members tsm where sm.staff_id = tsm.staff_id and tsm.team_member_id = ord.staff_responsible) end as staff_id from offender_proceedings ord where ord.offender_book_id =:offenderBookId and ord.proceeding_status in ( select code from reference_codes rc where \"domain\" = 'PROCEED_STS' and parent_code = 'ACTIVE')) A, internet_addresses ia where owner_class = 'STF' and ia.owner_id = A.staff_id and coalesce(internet_address, '') != '' union select ia.internet_address from ( select case when octc.staff_id is not null then octc.staff_id when octc.to_staff_id is not null then octc.to_staff_id when octc.team_member_id is not null then( select sm.staff_id from staff_members sm , team_staff_members tsm where sm.staff_id = tsm.staff_id and tsm.team_member_id = octc.team_member_id) when octc.to_team_member_id is not null then( select sm.staff_id from staff_members sm , team_staff_members tsm where sm.staff_id = tsm.staff_id and tsm.team_member_id = octc.to_team_member_id) end staff_id from ( select MAX(CON_TRANSFER_ID) MAX_CON_TRANS_ID, offender_book_id, offender_sent_condition_id from OFFENDER_COND_TRANSFER group by offender_book_id, offender_sent_condition_id)oct, OFFENDER_COND_TRANSFER octc where oct.offender_book_id =:offenderBookId and octc.condi_status = 'ASSIGNED' and octc.CON_TRANSFER_ID = MAX_CON_TRANS_ID)A, internet_addresses ia where owner_class = 'STF' and ia.owner_id = A.staff_id and coalesce(internet_address, '') != '')B","queryDesc":"Get Offender Assigned Staff Mail Id","category":"CLIENT"}],"actionParams":[{"createUserId":"OMS_OWNER","parameterId":1120,"queryKey":"GET_OFFENDER_ASSIGNED_STAFF_NOTIFY_MAIL_ID","parameterCode":"offenderBookId","parameterDescription":"offenderBookId","parameterType":"Number","createDatetime":1691140259947,"modifyDatetime":1691140259947}],"createUserId":"AKHILINSIGHTS","apiId":"GET_OFFENDER_ASSIGNED_STAFF_NOTIFY_MAIL_ID","apiDescription":"Get Offender Assigned Staff Mail Id","queryKey":"GET_OFFENDER_ASSIGNED_STAFF_NOTIFY_MAIL_ID","url":"Elite2Web/api/cmdaction/executeSelectQuery","queryId":0,"createDatetime":1691140259000,"modifyDatetime":1691140259000,"category":"CLIENT"}]