[{"quickAction":[{"queryId":572,"queryKey":"GET_FORMATTED_TIME","queryText":"select TO_CHAR(:inputTime::timestamp, 'HH24:MI') as formatted_time","queryDesc":"Get Formatted Time","category":"PRODUCT"}],"actionParams":[{"createUserId":"OMS_OWNER","parameterId":2106,"queryKey":"GET_FORMATTED_TIME","parameterCode":"inputTime","parameterDescription":"inputTime","parameterType":"String","createDatetime":1709121006817}],"createUserId":"OMS_OWNER","apiId":"GET_FORMATTED_TIME","apiDescription":"Get Formatted Time","queryKey":"GET_FORMATTED_TIME","url":"Elite2Web/api/cmdaction/executeSelectQuery","queryId":0,"createDatetime":1709097544000,"modifyDatetime":1709121006000,"modifyUserId":"OMS_OWNER","category":"PRODUCT"},{"quickAction":[{"queryId":504,"queryKey":"GET_FORMATTED_DATE","queryText":"select TO_CHAR(:inputDate::timestamp, 'DD-MM-YYYY') as formatted_date;","queryDesc":"Get Formatted Date","category":"CLIENT"}],"actionParams":[{"createUserId":"OMS_OWNER","parameterId":1705,"queryKey":"GET_FORMATTED_DATE","parameterCode":"inputDate","parameterDescription":"Input Date","parameterType":"String","createDatetime":1701403869503,"modifyDatetime":1701403869503}],"createUserId":"OMS_OWNER","apiId":"GET_FORMATTED_DATE","apiDescription":"Get Formatted Date","queryKey":"GET_FORMATTED_DATE","url":"Elite2Web/api/cmdaction/executeSelectQuery","queryId":0,"createDatetime":1701403869000,"modifyDatetime":1701403869000,"category":"CLIENT"}]