[{"quickAction":[{"queryId":146,"queryKey":"FORMAT_OFFENDER_NOT_FOUND_ACTION_RESPONSE","queryText":"select 1 from dual  ","queryDesc":"Format Offender Not Found Action Response","category":"CLIENT"}],"actionParams":[{"createUserId":"OMS_OWNER","parameterId":194,"queryKey":"FORMAT_OFFENDER_NOT_FOUND_ACTION_RESPONSE","parameterCode":"offenderBookId","parameterDescription":"Offender Book Id","parameterType":"String","createDatetime":1667777004424,"modifyDatetime":1667777004424},{"createUserId":"OMS_OWNER","parameterId":195,"queryKey":"FORMAT_OFFENDER_NOT_FOUND_ACTION_RESPONSE","parameterCode":"offenderDetails","parameterDescription":"Offender Details","parameterType":"String","createDatetime":1667777004424,"modifyDatetime":1667777004424},{"createUserId":"OMS_OWNER","parameterId":196,"queryKey":"FORMAT_OFFENDER_NOT_FOUND_ACTION_RESPONSE","parameterCode":"specificationKey","parameterDescription":"Specification Key","parameterType":"String","createDatetime":1667777004424,"modifyDatetime":1667777004424},{"createUserId":"OMS_OWNER","parameterId":197,"queryKey":"FORMAT_OFFENDER_NOT_FOUND_ACTION_RESPONSE","parameterCode":"userDetails","parameterDescription":"User Details","parameterType":"String","createDatetime":1667777004424,"modifyDatetime":1667777004424},{"createUserId":"OMS_OWNER","parameterId":410,"queryKey":"FORMAT_OFFENDER_NOT_FOUND_ACTION_RESPONSE","parameterCode":"correlationId","parameterDescription":"Correlation Id","parameterType":"String","createDatetime":1686879200817,"modifyDatetime":1686879200817}],"createUserId":"OMS_OWNER","apiId":"FORMAT_OFFENDER_NOT_FOUND_ACTION_RESPONSE","apiDescription":"Format Offender Not Found Action Response","queryKey":"FORMAT_OFFENDER_NOT_FOUND_ACTION_RESPONSE","url":"Elite2Web/api/serviceBusController/convertJson","queryId":0,"createDatetime":1667777004000,"modifyDatetime":1667777004000,"category":"CLIENT"}]