[{"quickAction":[{"queryId":128,"queryKey":"GET_BULK_OFFENDER_BOOKINGS","queryText":"SELECT \n    ob.booking_no,\n    ob.booking_begin_date,\n    ois.imprisonment_status AS booking_status,\n    al.description AS agy_loc_id,\n    ob.living_unit_id\nFROM \n    offender_bookings ob\nINNER JOIN agency_locations al ON al.agy_loc_id = ob.agy_loc_id\nLEFT JOIN (\n    SELECT \n        offender_book_id,\n        MAX(imprison_status_seq) AS max_seq\n    FROM \n        offender_imprison_statuses\n    GROUP BY \n        offender_book_id\n) ois_max ON ois_max.offender_book_id = ob.offender_book_id\nLEFT JOIN offender_imprison_statuses ois ON ois.offender_book_id = ob.offender_book_id AND ois.imprison_status_seq = ois_max.max_seq\nWHERE\n    ob.offender_book_id IN (:offenderBookIds) \nORDER BY\n    ob.offender_book_id","queryDesc":"Get Bulk Offender Bookings","category":"CLIENT"}],"actionParams":[{"createUserId":"OMS_OWNER","parameterId":163,"queryKey":"GET_BULK_OFFENDER_BOOKINGS","parameterCode":"offenderBookIds","parameterDescription":"offender Book Ids","parameterType":"List","createDatetime":1667548695658,"modifyDatetime":1667549187091,"modifyUserId":"OMS_OWNER"}],"createUserId":"OMS_OWNER","apiId":"GET_BULK_OFFENDER_BOOKINGS","apiDescription":"Get Bulk Offender Bookings","queryKey":"GET_BULK_OFFENDER_BOOKINGS","url":"Elite2Web/api/cmdaction/executeSelectQuery","queryId":0,"createDatetime":1667548726000,"modifyDatetime":1667548726000,"category":"CLIENT"}]