[{"quickAction":[{"queryId":150,"queryKey":"GET_SYSTEM_USER_ID","queryText":"select encode(setting_value, 'escape') userIdResp  from system_settings ss where setting_type = 'serverConfig' and setting_provider_code = 'AUTOMATION_USER'","queryDesc":"Get System User Id","category":"PRODUCT"}],"actionParams":[],"createUserId":"OMS_OWNER","apiId":"GET_SYSTEM_USER_ID","apiDescription":"Get System User Id","queryKey":"GET_SYSTEM_USER_ID","url":"Elite2Web/api/cmdaction/executeSelectQuery","queryId":0,"createDatetime":1667789555000,"modifyDatetime":1667789555000},{"quickAction":[{"queryId":143,"queryKey":"NOTIFY_SERVICE_BUS","queryText":"select 1 from dual","queryDesc":"Notify Service Bus","category":"CLIENT"}],"actionParams":[{"createUserId":"OMS_OWNER","parameterId":190,"queryKey":"NOTIFY_SERVICE_BUS","parameterCode":"OffenderDetails","parameterDescription":"Offender Details","parameterType":"String","createDatetime":1667777004424,"modifyDatetime":1667777004424}],"createUserId":"OMS_OWNER","apiId":"NOTIFY_SERVICE_BUS","apiDescription":"Notify Service Bus","queryKey":"NOTIFY_SERVICE_BUS","url":"Elite2Web/api/externalsystem/connectExternalSystem","queryId":0,"createDatetime":1667777004000,"modifyDatetime":1667777004000},{"quickAction":[{"queryId":124,"queryKey":"GET_SERIOUS_OFFENDER_NAMES","queryText":"select\n\tvo.offender_id,\n        vo.offender_id_display,\n\tvo.offender_book_id,\n\tvo.last_name,\n\tvo.first_name,\n\tvo.middle_name,\n\tvo.suffix,\n\tvo.birth_date,\n       current_timestamp  dateTime\nfrom\n\tv_offenders vo,\n\toffender_alerts oa\nwhere\n\tvo.active_flag = 'Y'\n\tand\nvo.offender_book_id = oa.offender_book_id\n\tand \noa.alert_code  = 'XSO'","queryDesc":"Get Serious Offender Names","category":"CLIENT"}],"actionParams":[],"createUserId":"OMS_OWNER","apiId":"GET_SERIOUS_OFFENDER_NAMES","apiDescription":"Get Serious Offender Names","queryKey":"GET_SERIOUS_OFFENDER_NAMES","url":"Elite2Web/api/cmdaction/executeSelectQuery","queryId":0,"createDatetime":1667547774000,"modifyDatetime":1667547774000},{"quickAction":[{"queryId":123,"queryKey":"FORMAT_SERIOUS_OFFENDER_ACTION_RESPONSE","queryText":"Select 1 from dual","queryDesc":"Format Serious Offender Action Response","category":"CLIENT"}],"actionParams":[{"createUserId":"OMS_OWNER","parameterId":155,"queryKey":"FORMAT_SERIOUS_OFFENDER_ACTION_RESPONSE","parameterCode":"staffDetails","parameterDescription":"Staff Details","parameterType":"String","createDatetime":1667547569882,"modifyDatetime":1667547569882},{"createUserId":"OMS_OWNER","parameterId":156,"queryKey":"FORMAT_SERIOUS_OFFENDER_ACTION_RESPONSE","parameterCode":"specificationKey","parameterDescription":"Specification Key","parameterType":"String","createDatetime":1667547569882,"modifyDatetime":1667547569882},{"createUserId":"OMS_OWNER","parameterId":157,"queryKey":"FORMAT_SERIOUS_OFFENDER_ACTION_RESPONSE","parameterCode":"seriousOffenders","parameterDescription":"Serious Offenders","parameterType":"String","createDatetime":1667547569882,"modifyDatetime":1667547569882}],"createUserId":"OMS_OWNER","apiId":"FORMAT_SERIOUS_OFFENDER_ACTION_RESPONSE","apiDescription":"Format Serious Offender Action Response","queryKey":"FORMAT_SERIOUS_OFFENDER_ACTION_RESPONSE","url":"Elite2Web/api/serviceBusController/convertJson","queryId":0,"createDatetime":1667547622000,"modifyDatetime":1667547622000}]