[{"quickAction":[{"queryId":610,"queryKey":"GET_OFFENDER_VSS_INDICATOR_CHARGES","queryText":"select\n\t*\nfrom\n\t(\n\tselect\n\t\tdisplayNo,\n\t\tjsonb_array_elements(charges::jsonb)->>'outcome' as outcome,\n\t\tjsonb_array_elements(charges::jsonb)->>'chargeId' as orderChargeId\n\tfrom\n\t\t(\n\t\tselect\n\t\t\tjsonb_array_elements(cust_orders::jsonb)->>'displayNo' as displayNo,\n\t\t\tjsonb_array_elements(cust_orders::jsonb)->>'sentenceCalcType' as sentenceCalcType,\n\t\t\tjsonb_array_elements(cust_orders::jsonb)->>'charges' as charges\n\t\tfrom\n\t\t\t(\n\t\t\tselect\n\t\t\t\toffenderBookId,\n\t\t\t\torderType,\n\t\t\t\tform_info_json,\n\t\t\t\tconvert_from(form_info_json,'UTF8')::jsonb -> 'myJsonRowData' as cust_orders\n\t\t\tfrom\n\t\t\t\t(\n\t\t\t\tselect\n\t\t\t\t\tform_identifier::jsonb->> 'offenderBookId' as offenderbookid,\n\t\t\t\t\tform_identifier::jsonb->> 'orderType' as orderType,\n\t\t\t\t\tform_info_json\n\t\t\t\tfrom\n\t\t\t\t\tocdleglo_data) as ocdleglo_data\n\t\t\twhere\n\t\t\t\toffenderbookid = :offenderbookid::text\n\t\t\t\tand orderType = 'CUST') cust_orders_data) custodialOrders\n\twhere\n\t\tdisplayNo in (:displayNos) AND\n\t\tsentenceCalcType in (\n\t\tselect\n\t\t\tsentence_calc_type\n\t\tfrom\n\t\t\tsentence_calc_types\n\t\twhere\n\t\t\tsentence_type in (:sentenceTypes))) imprisonment_order\nwhere\n\toutcome in (:outcomes)\n\tand 'Y' = (\n\tselect\n\t\t'Y'\n\tfrom\n\t\tOFFENCE_INDICATORS\n\twhere\n\t\toffence_id::text in (\n\t\tselect\n\t\t\toffenceId\n\t\tfrom\n\t\t\t(\n\t\t\tselect\n\t\t\t\tjsonb_array_elements(forminfojson::jsonb)->>'offenceId' as offenceId,\n\t\t\t\tjsonb_array_elements(forminfojson::jsonb)->>'chargeId' as chargeid\n\t\t\tfrom\n\t\t\t\t(\n\t\t\t\tselect\n\t\t\t\t\toffenderBookId,\n\t\t\t\t\tencode(form_info_json,\n\t\t\t\t\t'escape') as forminfojson\n\t\t\t\tfrom\n\t\t\t\t\t(\n\t\t\t\t\tselect\n\t\t\t\t\t\tform_identifier::jsonb->> 'offenderBookId' as offenderbookid,\n\t\t\t\t\t\tform_info_json\n\t\t\t\t\tfrom\n\t\t\t\t\t\tocdchgsu_data od ) as t\n\t\t\t\twhere\n\t\t\t\t\toffenderbookid = :offenderbookid::text) CHARGE_SUMMARY) A\n\t\twhere\n\t\t\tA.chargeid = orderChargeId)\n\t\tand indicator_code = :indicatorCode)","queryDesc":"Get Offender VSS Indicator Charges","category":"CLIENT"}],"actionParams":[{"createUserId":"YOGENDRAM","parameterId":2233,"queryKey":"GET_OFFENDER_VSS_INDICATOR_CHARGES","parameterCode":"displayNos","parameterDescription":"Order No's","parameterType":"List","createDatetime":1714371722150},{"createUserId":"YOGENDRAM","parameterId":2243,"queryKey":"GET_OFFENDER_VSS_INDICATOR_CHARGES","parameterCode":"indicatorCode","parameterDescription":"Indicator Code","parameterType":"String","createDatetime":1714561396409},{"createUserId":"YOGENDRAM","parameterId":2231,"queryKey":"GET_OFFENDER_VSS_INDICATOR_CHARGES","parameterCode":"offenderbookid","parameterDescription":"Offender BookId","parameterType":"Number","createDatetime":1714371722150},{"createUserId":"YOGENDRAM","parameterId":2244,"queryKey":"GET_OFFENDER_VSS_INDICATOR_CHARGES","parameterCode":"outcomes","parameterDescription":"Outcomes","parameterType":"List","createDatetime":1714561396409},{"createUserId":"YOGENDRAM","parameterId":2245,"queryKey":"GET_OFFENDER_VSS_INDICATOR_CHARGES","parameterCode":"sentenceTypes","parameterDescription":"Sentence Types","parameterType":"List","createDatetime":1714561396409}],"createUserId":"YOGENDRAM","apiId":"GET_OFFENDER_VSS_INDICATOR_CHARGES","apiDescription":"Get Offender VSS Indicator Charges","queryKey":"GET_OFFENDER_VSS_INDICATOR_CHARGES","url":"Elite2Web/api/cmdaction/executeSelectQuery","queryId":0,"createDatetime":1714371189000,"category":"CLIENT"},{"quickAction":[{"queryId":615,"queryKey":"GET_VSS_INDICATOR_OUTCOME","queryText":"select STRING_AGG(distinct (description), ' or ') description from OFFENCE_RESULT_CODES where result_code IN (:outcomes)","queryDesc":"Get VSS Indicator Outcome","category":"CLIENT"}],"actionParams":[{"createUserId":"YOGENDRAM","parameterId":2246,"queryKey":"GET_VSS_INDICATOR_OUTCOME","parameterCode":"outcomes","parameterDescription":"Outcomes","parameterType":"List","createDatetime":1714561623211}],"createUserId":"YOGENDRAM","apiId":"GET_VSS_INDICATOR_OUTCOME","apiDescription":"Get VSS Indicator Outcome","queryKey":"GET_VSS_INDICATOR_OUTCOME","url":"Elite2Web/api/cmdaction/executeSelectQuery","queryId":0,"createDatetime":1714560357000,"category":"CLIENT"}]