[{"quickAction":[{"queryId":169,"queryKey":"GET_AGLOCID_DESC_AND_EXTRACT_DATETIME","queryText":"select to_char(:eventDate::timestamp, 'DD-MM-YYYY')as date ,\n       to_char(:eventDate::timestamp, 'HH24:MI') as time,\n       (select al.description from agency_locations al where al.agy_loc_id =:code )as description","queryDesc":"Get Aglocid Desc And Extract Datetime","category":"PRODUCT"}],"actionParams":[{"createUserId":"OMS_OWNER","parameterId":239,"queryKey":"GET_AGLOCID_DESC_AND_EXTRACT_DATETIME","parameterCode":"eventDate","parameterDescription":"eventDate","parameterType":"String","createDatetime":1672384370638,"modifyDatetime":1672384370638},{"createUserId":"OMS_OWNER","parameterId":240,"queryKey":"GET_AGLOCID_DESC_AND_EXTRACT_DATETIME","parameterCode":"code","parameterDescription":"code","parameterType":"String","createDatetime":1672384370638,"modifyDatetime":1672384370638}],"createUserId":"OMS_OWNER","apiId":"GET_AGLOCID_DESC_AND_EXTRACT_DATETIME","apiDescription":"Get Aglocid Desc And Extract Datetime","queryKey":"GET_AGLOCID_DESC_AND_EXTRACT_DATETIME","url":"Elite2Web/api/cmdaction/executeSelectQuery","queryId":0,"createDatetime":1672384422000,"modifyDatetime":1672384422000,"category":"PRODUCT"}]