[{"processKey":"PrisonerAdmissionEvent","processDesc":"PrisonerAdmissionEvent","xmlFileName":"PrisonerAdmissionEvent.bpmn","commonProcess":"Y"},{"processKey":"PrisonerReleaseEvent","processDesc":"PrisonerReleaseEvent","xmlFileName":"PrisonerReleaseEvent.bpmn","commonProcess":"Y"},{"processKey":"PrisonerTransferEvent","processDesc":"PrisonerTransferEvent","xmlFileName":"PrisonerTransferEvent.bpmn","commonProcess":"Y"},{"processKey":"PrisonerHousingEvent","processDesc":"PrisonerHousingEvent","xmlFileName":"PrisonerHousingEvent.bpmn","commonProcess":"Y"}]