[{"quickAction":[{"queryId":248,"queryKey":"GET_ASSESSMENT_APPROVAL","queryText":"select * from offender_assessments where offender_book_id = :offenderBookId and assessment_seq = :assessmentSeq and assessment_type_id = :assessmentTypeId and review_sup_level_type is null","queryDesc":"Get Assessment Approval","category":"PRODUCT"}],"actionParams":[{"createUserId":"YOGENDRANATH","parameterId":416,"queryKey":"GET_ASSESSMENT_APPROVAL","parameterCode":"assessmentSeq","parameterDescription":"Assessment Seq","parameterType":"Number","createDatetime":1688628484661,"modifyDatetime":1688628484661},{"createUserId":"YOGENDRANATH","parameterId":417,"queryKey":"GET_ASSESSMENT_APPROVAL","parameterCode":"assessmentTypeId","parameterDescription":"Assessment Type Id","parameterType":"Number","createDatetime":1688628484661,"modifyDatetime":1688628484661},{"createUserId":"YOGENDRANATH","parameterId":415,"queryKey":"GET_ASSESSMENT_APPROVAL","parameterCode":"offenderBookId","parameterDescription":"Offender Book Id","parameterType":"Number","createDatetime":1688628484661,"modifyDatetime":1688628484661}],"createUserId":"YOGENDRANATH","apiId":"GET_ASSESSMENT_APPROVAL","apiDescription":"Get Assessment Approval","queryKey":"GET_ASSESSMENT_APPROVAL","url":"Elite2Web/api/cmdaction/executeSelectQuery","queryId":0,"createDatetime":1688630794000,"modifyDatetime":1688630794000,"category":"PRODUCT"},{"quickAction":[{"queryId":249,"queryKey":"GET_ASSESSMENT_NOTIFY_MAIL_ID","queryText":"select SM.MAIL_ID from TEAM_STAFF_MEMBERS TSM, STAFF_MEMBERS SM, V_HEADER_BLOCK HB where HB.offender_book_id = :offenderBookId and TSM.STAFF_ID = SM.STAFF_ID and TSM.TEAM_ID in ( select at2.team_id from team_agency_loc tal, automation_teams at2, team_functions tf where HB.intake_agy_loc_id = tal.agy_loc_id and at2.team_id = tal.team_id and at2.team_id = tf.team_id and tf.function_type = 'ASS_APR')","queryDesc":"Get Assessment Notify Mail Id","category":"PRODUCT"}],"actionParams":[{"createUserId":"YOGENDRANATH","parameterId":418,"queryKey":"GET_ASSESSMENT_NOTIFY_MAIL_ID","parameterCode":"offenderBookId","parameterDescription":"Offender Book Id","parameterType":"Number","createDatetime":1688630617287,"modifyDatetime":1688630617287}],"createUserId":"YOGENDRANATH","apiId":"GET_ASSESSMENT_NOTIFY_MAIL_ID","apiDescription":"Get Assessment Notify Mail Id","queryKey":"GET_ASSESSMENT_NOTIFY_MAIL_ID","url":"Elite2Web/api/cmdaction/executeSelectQuery","queryId":0,"createDatetime":1688630758000,"modifyDatetime":1688630758000,"category":"PRODUCT"}]