[{"quickAction":[{"queryId":276,"queryKey":"REGISTER_THE_JSON_RESPONSE_DATA","queryText":"update external_system_response set response_payload = :formInfoJson, response_received = current_timestamp  where int_correlation_id = :intCorrelationId::int8","queryDesc":"Register the JSON Response Data","category":"PRODUCT"}],"actionParams":[{"createUserId":"NAVI","parameterId":509,"queryKey":"REGISTER_THE_JSON_RESPONSE_DATA","parameterCode":"intCorrelationId","parameterDescription":"Int Correlation Id","parameterType":"String","createDatetime":1691401694674},{"createUserId":"NAVI","parameterId":510,"queryKey":"REGISTER_THE_JSON_RESPONSE_DATA","parameterCode":"formInfoJson","parameterDescription":"Response Payload","parameterType":"String","createDatetime":1691401694674,"modifyDatetime":1691401971034,"modifyUserId":"NAVI"}],"createUserId":"NAVI","apiId":"REGISTER_THE_JSON_RESPONSE_DATA","apiDescription":"Register the JSON Response","queryKey":"REGISTER_THE_JSON_RESPONSE_DATA","url":"Elite2Web/api/cmdaction/executeUpdateQuery","queryId":0,"createDatetime":1689157441000,"modifyDatetime":1689599141000,"modifyUserId":"NAVI","category":"PRODUCT"}]