[{"quickAction":[{"queryId":542,"queryKey":"GET_PAROLE_ORDER_DETAILS","queryText":"select\n\tA.*,\n\t(\n\tselect\n\t\tSTRING_AGG(matter,\n\t\t',') as par_matter\n\tfrom\n\t\t(\n\t\tselect\n\t\t\torderType,\n\t\t\tjsonb_array_elements(Cust_Orders::jsonb)->>'displayNo' as displayno,\n\t\t\tjsonb_array_elements(Cust_Orders::jsonb)->>'matter' as matter\n\t\tfrom\n\t\t\t(\n\t\t\tselect\n\t\t\t\torderType,\n\t\t\t\tconvert_from(form_info_json,\n\t\t\t\t'UTF8')::jsonb -> 'myJsonRowData' as Cust_orders\n\t\t\tfrom\n\t\t\t\t(\n\t\t\t\tselect\n\t\t\t\t\tform_identifier::jsonb->>'offenderBookId' as offenderbookid,\n\t\t\t\t\tform_identifier::jsonb->>'orderType' as orderType,\n\t\t\t\t\tform_info_json\n\t\t\t\tfrom\n\t\t\t\t\tocdleglo_data) as t\n\t\t\twhere\n\t\t\t\toffenderbookid = :offenderbookid::text\n\t\t\t\tand orderType = 'CUST')as custOrd ) as matter\n\twhere\n\t\tdisplayNo in (\n\t\tselect\n\t\t\ttrim(translate(unnest(string_to_array(affectedOrders, ',' , '')), '[]\"', '')) as affectedOrders\n\t\tfrom\n\t\t\t(\n\t\t\tselect\n\t\t\t\tjsonb_array_elements(Par_Orders::jsonb)->>'orderNo' as parOrderNo,\n\t\t\t\tjsonb_array_elements(Par_Orders::jsonb)->>'affectedOrders' as affectedOrders\n\t\t\tfrom\n\t\t\t\t(\n\t\t\t\tselect\n\t\t\t\t\torderType,\n\t\t\t\t\tPar_Orders,\n\t\t\t\t\toffenderbookid\n\t\t\t\tfrom\n\t\t\t\t\t(\n\t\t\t\t\tselect\n\t\t\t\t\t\tform_identifier::jsonb->>'offenderBookId' as offenderbookid,\n\t\t\t\t\t\tform_identifier::jsonb->>'orderType' as orderType,\n\t\t\t\t\t\tform_info_json,\n\t\t\t\t\t\tconvert_from(form_info_json,\n\t\t\t\t\t\t'UTF8')::jsonb -> 'myJsonRowData' as Par_Orders\n\t\t\t\t\tfrom\n\t\t\t\t\t\tOcdleglo_data)as t\n\t\t\t\twhere\n\t\t\t\t\toffenderbookid = :offenderbookid::text\n\t\t\t\t\tand orderType = 'PAR')A)B\n\t\twhere\n\t\t\tparOrderNo = A.number::text)),\n\t\t( COALESCE(\n        (\n            SELECT json_agg(json_build_object(\n                'number', offender_sent_condition_id,\n                'text', long_comment_text\n            ))\n            FROM offender_sent_conditions o\n            WHERE o.sentence_seq = A.number\n                AND o.offender_book_id = :offenderbookid\n                AND o.comm_condition_type = 'PAR'\n        ), '[]'::json\n    )) as conditions\nfrom\n\t(\n\tselect\n\t\tcast(number as numeric) as number,\n\t\tissuedDate,\n\t\t(\n\t\tselect\n\t\t\tDESCRIPTION\n\t\tfrom\n\t\t\tsentence_calc_types sct\n\t\twhere\n\t\t\tsentence_calc_type = typeCode\n\t\t\tand sentence_category = 'PAR') as typecode ,\n\t\t(\n\t\tselect\n\t\t\tdescription\n\t\tfrom\n\t\t\tagency_locations al\n\t\twhere\n\t\t\tagy_loc_id = authority) as originCode ,\n\t\torderStartDate,\n\t\torderEndDate\n\tfrom\n\t\t(\n\t\tselect\n\t\t\tjsonb_array_elements(legal_summary::jsonb)->>'orderNo' as number,\n\t\t\tjsonb_array_elements(legal_summary::jsonb)->>'hearingDate' as issuedDate,\n\t\t\tjsonb_array_elements(legal_summary::jsonb)->>'sentenceCalcType' as typeCode,\n\t\t\tjsonb_array_elements(legal_summary::jsonb)->>'authority' as authority,\n\t\t\tjsonb_array_elements(legal_summary::jsonb)->>'commenceDate' as orderStartDate,\n\t\t\tjsonb_array_elements(legal_summary::jsonb)->>'expiryDate' as orderEndDate\n\t\tfrom\n\t\t\t(\n\t\t\tselect\n\t\t\t\toffenderBookId,\n\t\t\t\torderType,\n\t\t\t\tform_info_json,\n\t\t\t\tconvert_from(form_info_json,\n\t\t\t\t\t\t'UTF8')::jsonb -> 'myJsonRowData' as Legal_Summary\n\t\t\tfrom\n\t\t\t\t(\n\t\t\t\tselect\n\t\t\t\t\tform_identifier::jsonb->> 'offenderBookId' as offenderbookid,\n\t\t\t\t\tform_identifier::jsonb->> 'orderType' as orderType,\n\t\t\t\t\tform_info_json\n\t\t\t\tfrom\n\t\t\t\t\tocdleglo_data\n) as t\n\t\t\twhere\n\t\t\t\toffenderbookid = :offenderbookid::text\n\t\t\t\tand orderType = 'PAR')A)A\n\torder by\n\t\tnumber )A;","queryDesc":"Get Parole Order Details","category":"CLIENT"}],"actionParams":[{"createUserId":"OMS_OWNER","parameterId":2080,"queryKey":"GET_PAROLE_ORDER_DETAILS","parameterCode":"offenderbookid","parameterDescription":"Offender Book Id","parameterType":"Number","createDatetime":1708494471037}],"createUserId":"OMS_OWNER","apiId":"GET_PAROLE_ORDER_DETAILS","apiDescription":"Get Parole Order Details","queryKey":"GET_PAROLE_ORDER_DETAILS","url":"Elite2Web/api/cmdaction/executeSelectQuery","queryId":0,"createDatetime":1706572617000,"modifyDatetime":1708494471000,"modifyUserId":"OMS_OWNER","category":"CLIENT"}]