[{"quickAction":[{"queryId":560,"queryKey":"GET_OFFENDERS_ADMITTED_5_DAYS_AGO","queryText":"select \n\tob.offender_book_id,\n\to.offender_id_display,\n\to.first_name,\n\to.last_name,\n\tto_char(o.birth_date, 'DD/MM/YYYY') as dob,\n\t(select description as facility from agency_locations al where agy_loc_id = ob.agy_loc_id)\nfrom\n\toffenders o,\n\toffender_bookings ob\nwhere \n\t(sysdate()::date - ob.booking_begin_date ::date) = 5\n\tand ob.active_flag = 'Y'\n\tand o.offender_id = ob.offender_id","queryDesc":"Get Offenders Admitted 5 Days Ago","category":"CLIENT"}],"actionParams":[],"createUserId":"DILIP_PENUMALLU","apiId":"GET_OFFENDERS_ADMITTED_5_DAYS_AGO","apiDescription":"Get Offenders Admitted 5 Days Ago","queryKey":"GET_OFFENDERS_ADMITTED_5_DAYS_AGO","url":"Elite2Web/api/cmdaction/executeSelectQuery","queryId":0,"createDatetime":1707692817000,"category":"CLIENT"},{"quickAction":[{"queryId":481,"queryKey":"GET_TEAM_MAIL_ID","queryText":"select\n\tSTRING_AGG(distinct (at1.team_email), ',') as team_email\nfrom\n\tautomation_teams at1,\n\tteam_functions tf\nwhere\n\ttf.function_type = :function\n\tand at1.team_id = tf.team_id\n\tand at1.team_email is not null\n    and trim(at1.team_email)  <> ''","queryDesc":"Get Team Mail Id","category":"CLIENT"}],"actionParams":[{"createUserId":"OMS_OWNER","parameterId":1981,"queryKey":"GET_TEAM_MAIL_ID","parameterCode":"function","parameterDescription":"Function","parameterType":"String","createDatetime":1705543517491}],"createUserId":"OMS_OWNER","apiId":"GET_TEAM_MAIL_ID","apiDescription":"Get Team Mail Id","queryKey":"GET_TEAM_MAIL_ID","url":"Elite2Web/api/cmdaction/executeSelectQuery","queryId":0,"createDatetime":1699415477000,"modifyDatetime":1705543517000,"modifyUserId":"OMS_OWNER","category":"CLIENT"}]