[{"quickAction":[{"queryId":230,"queryKey":"GET_FTA_COUNT","queryText":"select count(*) from OFFENDER_COURSE_ATTENDANCES where offender_book_id = :offenderBookId and event_outcome = 'FTA'","queryDesc":"Get FTA Count","category":"CLIENT"}],"actionParams":[{"createUserId":"OMS_OWNER","parameterId":392,"queryKey":"GET_FTA_COUNT","parameterCode":"offenderBookId","parameterDescription":"Offender Book Id","parameterType":"Number","createDatetime":1684896503545,"modifyDatetime":1684902902249,"modifyUserId":"OMS_OWNER"}],"createUserId":"OMS_OWNER","apiId":"GET_FTA_COUNT","apiDescription":"Get FTA Count","queryKey":"GET_FTA_COUNT","url":"Elite2Web/api/cmdaction/executeSelectQuery","queryId":0,"createDatetime":1684896563000,"modifyDatetime":1684896563000,"category":"CLIENT"},{"quickAction":[{"queryId":226,"queryKey":"GET_COMM_CASE_OFFICER_MAIL","queryText":"select\n        sm.first_name,\n        sm.last_name,\n\tsm.mail_id \nfrom \n\tcase_plans cp,\n\tstaff_members sm\nwhere \n\tcp.offender_book_id = :offenderBookId\n\tand cp.sac_staff_id = sm.staff_id","queryDesc":"Get Comm Case Officer Email","category":"CLIENT"}],"actionParams":[{"createUserId":"OMS_OWNER","parameterId":382,"queryKey":"GET_COMM_CASE_OFFICER_MAIL","parameterCode":"offenderBookId","parameterDescription":"Offender Book Id","parameterType":"Number","createDatetime":1684728286282,"modifyDatetime":1684728286282}],"createUserId":"OMS_OWNER","apiId":"GET_COMM_CASE_OFFICER_MAIL","apiDescription":"Get Comm Case Officer Mail","queryKey":"GET_COMM_CASE_OFFICER_MAIL","url":"Elite2Web/api/cmdaction/executeSelectQuery","queryId":0,"createDatetime":1684728360000,"modifyDatetime":1684728360000,"category":"CLIENT"},{"quickAction":[{"queryId":42,"queryKey":"GET_OFFENDER_DETAILS","queryText":"SELECT \n    vo.offender_book_id,\n    vo.offender_id,\n    vo.offender_id_display,\n    vo.first_name,\n    vo.last_name,\n    vo.middle_name,\n    vo.birth_date,\n    ref_code.description sex_code\nFROM \n    v_offenders vo,\n    reference_codes ref_code\nwhere\n    ref_code.domain = 'SEX' and \n \tref_code.code= vo.sex_code and\n    vo.offender_book_id = :offenderBookId","queryDesc":"Get Offender Details","category":"CLIENT"}],"actionParams":[{"createUserId":"OMS_OWNER","parameterId":46,"queryKey":"GET_OFFENDER_DETAILS","parameterCode":"offenderBookId","parameterDescription":"Offender Book Id","parameterType":"Number","createDatetime":1662705229751,"modifyDatetime":1662705229751}],"createUserId":"OMS_OWNER","apiId":"GET_OFFENDER_DETAILS","apiDescription":"Get Offender Details","queryKey":"GET_OFFENDER_DETAILS","url":"Elite2Web/api/cmdaction/executeSelectQuery","queryId":0,"createDatetime":1662705289000,"modifyDatetime":1662705289000,"category":"CLIENT"}]