[{"quickAction":[{"queryId":290,"queryKey":"GET_STAFF_MAIL_ID_WITH_ROLE_TPS_SPT","queryText":"select\n\tSTRING_AGG(ia.internet_address, ',') AS internet_addresses\nfrom\n\tstaff_location_roles slr,\n\tinternet_addresses ia\nwhere \n\tslr.position = 'TPS_SPT'\n\tand ia.owner_class = 'STF' \n\tand ia.owner_id = slr.sac_staff_id","queryDesc":"Get Staff Mail Id with Role TPS_SPT","category":"CLIENT"}],"actionParams":[],"createUserId":"OMS_OWNER","apiId":"GET_STAFF_MAIL_ID_WITH_ROLE_TPS_SPT","apiDescription":"Get Staff Mail Id with Role TPS_SPT","queryKey":"GET_STAFF_MAIL_ID_WITH_ROLE_TPS_SPT","url":"Elite2Web/api/cmdaction/executeSelectQuery","queryId":0,"createDatetime":1691020775000,"modifyDatetime":1691020775000,"category":"CLIENT"},{"quickAction":[{"queryId":289,"queryKey":"GET_CUSTODY_CHARGE_OFF_DETAILS","queryText":"select\n\tvo.offender_book_id,\n\tvo.offender_id_display,\n\tvo.first_name,\n\tvo.last_name,\n\taip.oic_incident_id  \nfrom\n\tagency_incident_parties aip,\n\tv_offenders vo\nwhere \n\taip.agency_incident_id = :agencyIncidentId\n\tand aip.party_seq = :partySeq\n\tand aip.offender_book_id = vo.offender_book_id","queryDesc":"Get Custody Charge Off Details","category":"CLIENT"}],"actionParams":[{"createUserId":"OMS_OWNER","parameterId":506,"queryKey":"GET_CUSTODY_CHARGE_OFF_DETAILS","parameterCode":"agencyIncidentId","parameterDescription":"Agency Incident Id","parameterType":"Number","createDatetime":1691018882041,"modifyDatetime":1691018882041},{"createUserId":"OMS_OWNER","parameterId":507,"queryKey":"GET_CUSTODY_CHARGE_OFF_DETAILS","parameterCode":"partySeq","parameterDescription":"Party Seq","parameterType":"Number","createDatetime":1691018907779,"modifyDatetime":1691018907779}],"createUserId":"OMS_OWNER","apiId":"GET_CUSTODY_CHARGE_OFF_DETAILS","apiDescription":"Get Custody Charge Off Details","queryKey":"GET_CUSTODY_CHARGE_OFF_DETAILS","url":"Elite2Web/api/cmdaction/executeSelectQuery","queryId":0,"createDatetime":1691018953000,"modifyDatetime":1691018953000,"category":"CLIENT"}]