[{"quickAction":[{"queryId":128,"queryKey":"GET_BULK_OFFENDER_BOOKINGS","queryText":"select\n\tob.booking_no,\n\tob.booking_begin_date,\n\tob.offender_book_id,\n\tois.imprisonment_status as booking_status,\n\tcase\n\t\twhen ob.agy_loc_id is not null then al.description\n\t\telse (\n\t\tselect\n\t\t\tdescription\n\t\tfrom\n\t\t\tagency_locations\n\t\twhere\n\t\t\tagy_loc_id = ob.intake_agy_loc_id)\n\tend agy_loc_id_desc,\n\tcase\n\t\twhen ob.agy_loc_id is not null then ob.agy_loc_id\n\t\telse ob.intake_agy_loc_id\n\tend agy_loc_id,\n\tob.living_unit_id\nfrom\n\toffender_bookings ob\nleft join agency_locations al on\n\tal.agy_loc_id = ob.agy_loc_id\nleft join (\n\tselect\n\t\toffender_book_id,\n\t\tMAX(imprison_status_seq) as max_seq\n\tfrom\n\t\toffender_imprison_statuses\n\tgroup by\n\t\toffender_book_id\n) ois_max on\n\tois_max.offender_book_id = ob.offender_book_id\nleft join offender_imprison_statuses ois on\n\tois.offender_book_id = ob.offender_book_id\n\tand ois.imprison_status_seq = ois_max.max_seq\nwhere\n\tob.offender_book_id in (:offenderBookIds)\norder by\n\tob.offender_book_id","queryDesc":"Get Bulk Offender Bookings","category":"CLIENT"}],"actionParams":[{"createUserId":"OMS_OWNER","parameterId":163,"queryKey":"GET_BULK_OFFENDER_BOOKINGS","parameterCode":"offenderBookIds","parameterDescription":"offender Book Ids","parameterType":"List","createDatetime":1667548695658,"modifyDatetime":1667549187091,"modifyUserId":"OMS_OWNER"}],"createUserId":"OMS_OWNER","apiId":"GET_BULK_OFFENDER_BOOKINGS","apiDescription":"Get Bulk Offender Bookings","queryKey":"GET_BULK_OFFENDER_BOOKINGS","url":"Elite2Web/api/cmdaction/executeSelectQuery","queryId":0,"createDatetime":1667548726000,"modifyDatetime":1667548726000,"category":"CLIENT"}]