[{"quickAction":[{"queryId":249,"queryKey":"FORMAT_OFFENDER_RECORDS_REQUEST","queryText":"select 1 from dual","queryDesc":"Format Offender Records Request","category":"PRODUCT"}],"actionParams":[{"createUserId":"NAVI","parameterId":412,"queryKey":"FORMAT_OFFENDER_RECORDS_REQUEST","parameterCode":"staffDetails","parameterDescription":"Staff Details","parameterType":"String","createDatetime":1688055401828,"modifyDatetime":1688055401828},{"createUserId":"NAVI","parameterId":413,"queryKey":"FORMAT_OFFENDER_RECORDS_REQUEST","parameterCode":"specificationKey","parameterDescription":"Specification Key","parameterType":"String","createDatetime":1688055401828,"modifyDatetime":1688055401828},{"createUserId":"NAVI","parameterId":414,"queryKey":"FORMAT_OFFENDER_RECORDS_REQUEST","parameterCode":"pin","parameterDescription":"PIN","parameterType":"String","createDatetime":1688055401828,"modifyDatetime":1688055401828},{"createUserId":"NAVI","parameterId":452,"queryKey":"FORMAT_OFFENDER_RECORDS_REQUEST","parameterCode":"intCorrelationId","parameterDescription":"Int Correlation Id","parameterType":"String","createDatetime":1689175227480},{"createUserId":"NAVI","parameterId":485,"queryKey":"FORMAT_OFFENDER_RECORDS_REQUEST","parameterCode":"moduleName","parameterDescription":"Module Name","parameterType":"String","createDatetime":1691406108691}],"createUserId":"NAVI","apiId":"FORMAT_OFFENDER_RECORDS_REQUEST","apiDescription":"Format Offender Records Request","queryKey":"FORMAT_OFFENDER_RECORDS_REQUEST","url":"Elite2Web/api/serviceBusController/convertJson","queryId":0,"createDatetime":1688055506000,"modifyDatetime":1688055506000,"category":"PRODUCT"}]