[{"quickAction":[{"queryId":348,"queryKey":"GET_OFFENDER_BOOKING_DETAILS","queryText":"select\n\t*\nfrom\n\t(\nSELECT \n\tob.offender_book_id,\n        ob.booking_no,\n \t(select\n\t case\n\t\twhen profile_value = 'N'\n\t\tor profile_value = '' then LTRIM(ob.booking_no,'0')\n\t\telse LPAD(ob.booking_no,10,'0')\n\t end as intake_number\n\tfrom (select sypr.profile_value from system_profiles sypr where sypr.profile_type = 'CLIENT' and sypr.profile_code = 'BOOK_ID_OUTB')a),\n    ob.booking_begin_date,\n    ois.imprisonment_status booking_status,\n    ois.dateOfDeath,\n   CASE\n        WHEN ob.agy_loc_id IS NOT NULL THEN ob.agy_loc_id\n         ELSE ob.intake_agy_loc_id\n    END AS agy_loc_id,\n    CASE\n        WHEN ob.agy_loc_id IS NOT NULL THEN al.description\n        ELSE (SELECT al.description FROM agency_locations al WHERE al.agy_loc_id = ob.intake_agy_loc_id)\n    END AS agy_loc_id_desc,\n    ob.living_unit_id\nFROM \n    offender_bookings ob\nLEFT JOIN\n    agency_locations al ON ob.agy_loc_id = al.agy_loc_id\nleft join \n\t(select\n\t\t\tA.offender_book_id,\n\t\t\tA.imprisonment_status,\n\t\t\tCASE\n        \t\tWHEN A.imprisonment_status = 'DT' THEN A.effective_date\n        \t\tELSE null\n    \t\tEND AS dateOfDeath \n\t\tfrom\n\t\t\t(\n\t\t\tselect\n\t\t\t\tmax(imprison_status_seq)max_iss_seq,\n\t\t\t\toffender_book_id\n\t\t\tfrom\n\t\t\t\toffender_imprison_statuses ois\n\t\t\tgroup by\n\t\t\t\toffender_book_id)B,\n\t\t\toffender_imprison_statuses A\n\t\twhere\n\t\t\tA.imprison_status_seq = B.max_iss_seq\n\t\t\tand A.offender_book_id = B.offender_book_id)ois on ois.offender_book_id = ob.offender_book_id) A\nWHERE\n    offender_book_id = :offenderBookId","queryDesc":"Get Offender Booking Details","category":"CLIENT"}],"actionParams":[{"createUserId":"OMS_OWNER","parameterId":2034,"queryKey":"GET_OFFENDER_BOOKING_DETAILS","parameterCode":"offenderBookId","parameterDescription":"Offender Book Id","parameterType":"Number","createDatetime":1706850316857}],"createUserId":"OMS_OWNER","apiId":"GET_OFFENDER_BOOKING_DETAILS","apiDescription":"Get Offender Booking Details","queryKey":"GET_OFFENDER_BOOKING_DETAILS","url":"Elite2Web/api/cmdaction/executeSelectQuery","queryId":0,"createDatetime":1667813771000,"modifyDatetime":1706850316000,"modifyUserId":"OMS_OWNER","category":"CLIENT"},{"quickAction":[{"queryId":187,"queryKey":"GET_OFFENDER_DETAILS","queryText":"select\n\tob.offender_book_id,\n\to.offender_id, \n\to.offender_id_display,\n\to.first_name,\n\to.last_name,\n\to.middle_name,\n\to.birth_date,\n\tob.agy_loc_id,\n\to.second_middle_name,\n\tref_code.description sex_code,\n\tto_char(o.birth_date, 'DD/MM/YYYY') as dob,\t\n\t(select\n\t case\n\t\twhen profile_value = 'N'\n\t\tor profile_value = '' then LTRIM(o.offender_id_display,'0')\n\t\telse LPAD(o.offender_id_display,10,'0')\n\t end as dcs_Id\n\tfrom (select sypr.profile_value from system_profiles sypr where sypr.profile_type = 'CLIENT' and sypr.profile_code = 'BOOK_ID_OUTB')a),\t\n\t(select description from agency_locations al where agy_loc_id = ob.agy_loc_id) as facility,\n\t(select description from agency_locations al where agy_loc_id = ob.intake_agy_loc_id) as comm_facility,\n\tcase when ob.agy_loc_id is null then (select description from agency_locations al where agy_loc_id = ob.intake_agy_loc_id)\n\t\telse (select description from agency_locations al where agy_loc_id = ob.agy_loc_id) end as location\nfrom\n\toffenders o,\n\toffender_bookings ob,\n\treference_codes ref_code\nwhere\n\tref_code.domain = 'SEX' and \n    ref_code.code = o.sex_code and\n\to.offender_id = ob.offender_id and\n\tob.offender_book_id = :offenderBookId","queryDesc":"Get Offender Details","category":"CLIENT"}],"actionParams":[{"createUserId":"OMS_OWNER","parameterId":1982,"queryKey":"GET_OFFENDER_DETAILS","parameterCode":"offenderBookId","parameterDescription":"Offender Book Id","parameterType":"Number","createDatetime":1705543517491}],"createUserId":"OMS_OWNER","apiId":"GET_OFFENDER_DETAILS","apiDescription":"Get Offender Details","queryKey":"GET_OFFENDER_DETAILS","url":"Elite2Web/api/cmdaction/executeSelectQuery","queryId":0,"createDatetime":1661240747000,"modifyDatetime":1705543517000,"modifyUserId":"OMS_OWNER","category":"CLIENT"}]