[{"quickAction":[{"queryId":522,"queryKey":"GET_ASSESSMENTS_WITH_REASSESSMENT_DUE","queryText":"select\n\tvhb.offender_book_id,\n\tvhb.offender_id_display,\n\tvhb.last_name,\n\tvhb.first_name,\n\tcase\n\t\twhen vhb.intake_agy_loc_id is not null\n\tthen (\n\t\tselect\n\t\t\tdescription\n\t\tfrom\n\t\t\tagency_locations\n\t\twhere\n\t\t\tagy_loc_id = vhb.intake_agy_loc_id)\n\t\telse (\n\t\tselect\n\t\t\tdescription\n\t\tfrom\n\t\t\tagency_locations\n\t\twhere\n\t\t\tagy_loc_id = vhb.agy_loc_id)\n\tend agy_loc_id,\n\tto_char(oa.next_review_date,\n\t'DD/MM/YYYY') as next_review_date,\n\ta.description\nfrom\n\toffender_assessments oa,\n\tassessments a,\n\t(\n\tselect\n\t\toffender_book_id,\n\t\toffender_id_display,\n\t\tlast_name,\n\t\tfirst_name,\n\t\tintake_agy_loc_id,\n\t\tagy_loc_id\n\tfrom\n\t\toffenders A,\n\t\toffender_bookings B\n\twhere\n\t\tA.offender_id = B.offender_id) vhb\nwhere\n\toa.assess_status != 'D'\n\tand (oa.next_review_date ::date - sysdate()::date) = 7\n\tand a.assessment_id = oa.assessment_type_id\n\tand oa.offender_book_id = vhb.offender_book_id","queryDesc":"Get Assessments with Reassessment Due","category":"CLIENT"}],"actionParams":[],"createUserId":"AKHILINSIGHTS","apiId":"GET_ASSESSMENTS_WITH_REASSESSMENT_DUE","apiDescription":"Get Assessments with Reassessment Due","queryKey":"GET_ASSESSMENTS_WITH_REASSESSMENT_DUE","url":"Elite2Web/api/cmdaction/executeSelectQuery","queryId":0,"createDatetime":1703063643000,"modifyDatetime":1703063643000,"category":"CLIENT"}]