[{"quickAction":[{"queryId":579,"queryKey":"GET_CHANGE_IN_PAROLE_ELIGIBLE_DATE","queryText":"select to_char(latestdate::TIMESTAMP,'DD-MM-YYYY') as latestdate from ( select datetype, case when overrideindefinite = 'true' then null else case when overridedatevalue <> '' then to_char(overridedatevalue)::date else to_char(datevalue)::date end end as latestdate from ( select jsonb_array_elements(bkgdates)->>'dateType' as \"datetype\", jsonb_array_elements(bkgdates)->>'dateValue' as \"datevalue\", jsonb_array_elements(bkgdates)->>'overrideDateValue' as \"overridedatevalue\", jsonb_array_elements(bkgdates)->>'overrideIndefinite' as \"overrideindefinite\" from ( select convert_from(form_info_json,'UTF8')::jsonb -> 'bookingDates' as bkgdates from ( select form_identifier::jsonb->> 'offenderBookId' as offenderbookid, form_info_json from OCDLEGLS_data_hty order by create_datetime desc) as A where offenderbookid = :offenderBookId::text limit 1) as T) as T1 where lower(t1.datetype) = lower(:bookingKeyDate)) new_data left join ( select datetype, case when overrideindefinite = 'true' then null else case when overridedatevalue <> '' then to_char(overridedatevalue)::date else to_char(datevalue)::date end end as pastdate from ( select jsonb_array_elements(bkgdates)->>'dateType' as \"datetype\", jsonb_array_elements(bkgdates)->>'dateValue' as \"datevalue\", jsonb_array_elements(bkgdates)->>'overrideDateValue' as \"overridedatevalue\", jsonb_array_elements(bkgdates)->>'overrideIndefinite' as \"overrideindefinite\" from ( select convert_from(form_info_json, 'UTF8')::jsonb -> 'bookingDates' as bkgdates from ( select form_identifier::jsonb->> 'offenderBookId' as offenderbookid, form_info_json from OCDLEGLS_data_hty order by create_datetime desc) as A where offenderbookid = :offenderBookId::text limit 1 offset 1) as T) as T1 where lower(t1.datetype) = lower(:bookingKeyDate)) old_value on old_value.datetype = new_data.datetype where latestdate is not null and ( pastdate is null or pastdate <> latestdate) and latestdate <= current_date + :days * interval '1 day'","queryDesc":"Get Change in Parole Eligible Date","category":"CLIENT"}],"actionParams":[{"createUserId":"YOGENDRAM","parameterId":2117,"queryKey":"GET_CHANGE_IN_PAROLE_ELIGIBLE_DATE","parameterCode":"bookingKeyDate","parameterDescription":"Booking Key Date","parameterType":"String","createDatetime":1710248825192},{"createUserId":"YOGENDRAM","parameterId":2118,"queryKey":"GET_CHANGE_IN_PAROLE_ELIGIBLE_DATE","parameterCode":"days","parameterDescription":"Interval Days","parameterType":"Number","createDatetime":1710248825192},{"createUserId":"YOGENDRAM","parameterId":2116,"queryKey":"GET_CHANGE_IN_PAROLE_ELIGIBLE_DATE","parameterCode":"offenderBookId","parameterDescription":"Offender Book Id","parameterType":"Number","createDatetime":1710248825192,"modifyDatetime":1710331568389,"modifyUserId":"YOGENDRAM"}],"createUserId":"YOGENDRAM","apiId":"GET_CHANGE_IN_PAROLE_ELIGIBLE_DATE","apiDescription":"Get Change in Parole Eligible Date","queryKey":"GET_CHANGE_IN_PAROLE_ELIGIBLE_DATE","url":"Elite2Web/api/cmdaction/executeSelectQuery","queryId":0,"createDatetime":1710248866000,"category":"CLIENT"}]