[{"quickAction":[{"queryId":268,"queryKey":"GET_OFF_PHY_MARK_DETAILS","queryText":"select\n   (select description from reference_codes rc where code = mark_type and \"domain\"='MARK_TYPE') as mark_type,\n   (select description from reference_codes rc where code = body_part_code and \"domain\"='BODY_PART') as body_part,\n   (select description from reference_codes rc where code = side_code and \"domain\"='SIDE') as side,\n   (select description from reference_codes rc where code = part_orientation_code and \"domain\"='PART_ORIENT') as part_orientation,\n   comment_text,'TBD' descriptionDate\nfrom\n\toffender_identifying_marks oim\nwhere \n\toffender_book_id = :offenderBookId ","queryDesc":"Get Off Phy Mark Details","category":"CLIENT"}],"actionParams":[{"createUserId":"OMS_OWNER","parameterId":455,"queryKey":"GET_OFF_PHY_MARK_DETAILS","parameterCode":"offenderBookId","parameterDescription":"Offender Book Id","parameterType":"Number","createDatetime":1689231563872,"modifyDatetime":1689304587650,"modifyUserId":"OMS_OWNER"}],"createUserId":"OMS_OWNER","apiId":"GET_OFF_PHY_MARK_DETAILS","apiDescription":"Get Off Phy Mark Details","queryKey":"GET_OFF_PHY_MARK_DETAILS","url":"Elite2Web/api/cmdaction/executeSelectQuery","queryId":0,"createDatetime":1689231678000,"modifyDatetime":1689231678000,"category":"CLIENT"},{"quickAction":[{"queryId":172,"queryKey":"GET_OFFENDER_PROFILE_DETAILS","queryText":"select\n\t(\n\tselect\n\t\tprofile_code nationality\n\tfrom\n\t\tOFFENDER_PROFILE_DETAILS\n\twhere\n\t\tprofile_type = 'CULTURE'\n\t\tand offender_book_id = :offenderBookId) as nationality,\n\t\t(\n\tselect\n\t\tprofile_code hair\n\tfrom\n\t\tOFFENDER_PROFILE_DETAILS\n\twhere\n\t\tprofile_type = 'HAIR'\n\t\tand offender_book_id = :offenderBookId) as hair,\n\t\t(\n\tselect\n\t\tprofile_code eye\n\tfrom\n\t\tOFFENDER_PROFILE_DETAILS\n\twhere\n\t\tprofile_type = 'EYE'\n\t\tand offender_book_id = :offenderBookId) as eye,\n\t\t(\n\t\tselect\n\t\tprofile_code build\n\tfrom\n\t\tOFFENDER_PROFILE_DETAILS\n\twhere\n\t\tprofile_type = 'BUILD'\n\t\tand offender_book_id = :offenderBookId) as build,\n\t'TBD' ethnicity,\n\t'TBD' religion,\n\t'TBD' descriptionDate","queryDesc":"Get Offender Profile Details","category":"CLIENT"}],"actionParams":[{"createUserId":"KARTHI","parameterId":250,"queryKey":"GET_OFFENDER_PROFILE_DETAILS","parameterCode":"offenderBookId","parameterDescription":"Offender Book Id","parameterType":"Number","createDatetime":1673337144300,"modifyDatetime":1673338451304,"modifyUserId":"KARTHI"}],"createUserId":"KARTHI","apiId":"GET_OFFENDER_PROFILE_DETAILS","apiDescription":"Get Offender Profile Details","queryKey":"GET_OFFENDER_PROFILE_DETAILS","url":"Elite2Web/api/cmdaction/executeSelectQuery","queryId":0,"createDatetime":1673337182000,"modifyDatetime":1673337182000,"category":"CLIENT"}]