[{"quickAction":[{"queryId":270,"queryKey":"GET_OFFENDER_ACTIVE_ACP_SCHEDULES","queryText":"select EVENT_ID, OFFENDER_BOOK_ID, EVENT_DATE, to_char(EVENT_DATE, 'DD-MM-YYYY') as SCH_EVENT_DATE, START_TIME, to_char(START_TIME, ' HH12:MI AM') as EVENT_START_TIME , event_sub_type, ( select description from reference_codes rc where \"domain\" = 'EVENTS' and code = event_sub_type) as EVENT_SUB_TYPE_desc, FIRST_NAME as OFFENDER_FIRST_NAME, DESCRIPTION, EMAIL_SCH_ENABLE, SMS_SCH_ENABLE, EVENT_TYPE, EVENT_SCH_TYPE, OFFENDER_ID_DISPLAY, BOOKING_NO, OFF_PRGREF_ID, CRS_SCH_ID, CRS_ACTY_ID, program_description from ( select A.EVENT_ID, A.OFFENDER_BOOK_ID, A.EVENT_DATE, A.START_TIME, A.EVENT_SUB_TYPE, A.event_type, A.EVENT_SCH_TYPE, A.first_name, A.offender_id_display, A.booking_no, A.off_prgref_id, A.crs_sch_id, A.crs_acty_id, A.program_description, ( select AGENCY_LOCATIONS.DESCRIPTION from AGENCY_LOCATIONS where AGENCY_LOCATIONS.AGY_LOC_ID = A.TO_AGY_LOC_ID ) as DESCRIPTION, ( case when ( select count(*) from sms_email_sent_notifications where event_id = A.event_id)= 2 then 'N' when A.SCHEDULED_EMAIL_HOUR is null then 'N' when A.SCHEDULED_EMAIL_HOUR <= SYSDATE() and sesn.notification_type = 'MAIL' then 'N' when A.SCHEDULED_EMAIL_HOUR <= SYSDATE() then 'Y' else 'N' end ) as EMAIL_SCH_ENABLE, ( case when ( select count(*) from sms_email_sent_notifications where event_id = A.event_id)= 2 then 'N' when A.SCHEDULED_SMS_HOUR is null then 'N' when A.SCHEDULED_SMS_HOUR <= SYSDATE() and sesn.notification_type = 'SMS' then 'N' when A.SCHEDULED_SMS_HOUR <= SYSDATE() then 'Y' else 'N' end ) as SMS_SCH_ENABLE from ( select ( case when oca.EMAIL_FLAG = 'Y' then ( select ( oca.START_TIME - (oca.EMAIL_SCHEDULE_HOURS_BEFORE || ' HOURS')::interval ) from DUAL ) else null end ) as SCHEDULED_EMAIL_HOUR, ( case when oca.SMS_FLAG = 'Y' then ( select ( oca.START_TIME - (oca.SMS_SCHEDULE_HOURS_BEFORE || ' HOURS')::interval ) from DUAL ) else null end ) as SCHEDULED_SMS_HOUR, (case when (opp.PROFILE_CLASS = 'CRS') then 'COMM_ACP' else 'COMM_ACP_APP' end ) as EVENT_SCH_TYPE, oca.*, o.offender_id_display , o.first_name , ob.booking_no, ( select ps.description from program_services ps where ps.program_id = opo.program_id) as program_description from OFFENDER_PROGRAM_PROFILES opp join offender_course_attendances oca on (opp.off_prgref_id = oca.off_prgref_id) inner join offender_bookings ob on (oca.offender_book_id = ob.offender_book_id ) inner join offenders o on (ob.offender_id = o.offender_id) inner join OFFENDER_PRG_OBLIGATIONS opo on (opp.offender_prg_obligation_id = opo.offender_prg_obligation_id) where oca.EVENT_STATUS = 'SCH' and oca.event_type = 'ACP' and (oca.EMAIL_FLAG is not null or oca.SMS_FLAG is not null) and TO_CHAR(oca.EVENT_DATE, 'YYYY-MM-DD 00:00:00.000')::DATE >= TO_CHAR(SYSDATE(), 'YYYY-MM-DD 00:00:00.000')::DATE and TO_CHAR(oca.START_TIME, 'HH24:MI:SS') > TO_CHAR(SYSDATE(), 'HH24:MI:SS') order by EVENT_DATE asc ) A left join sms_email_sent_notifications sesn on (A.event_id = sesn.event_id) where ( A.SCHEDULED_EMAIL_HOUR is not null and A.SCHEDULED_EMAIL_HOUR <= SYSDATE() ) or (A.SCHEDULED_SMS_HOUR is not null and A.SCHEDULED_SMS_HOUR <= SYSDATE() ) ) as H where (email_sch_enable = 'Y' or sms_sch_enable = 'Y')","queryDesc":"Get Offender Acp Schedule","category":"PRODUCT"}],"actionParams":[],"createUserId":"SHABNAM","apiId":"GET_OFFENDER_ACTIVE_ACP_SCHEDULES","apiDescription":"Get Offender Acp Schedule","queryKey":"GET_OFFENDER_ACTIVE_ACP_SCHEDULES","url":"Elite2Web/api/cmdaction/executeSelectQuery","queryId":0,"createDatetime":1690892566000,"category":"PRODUCT"}]