[{"processKey":"OIDADMIS_PRISONER_ADMISSION_NOTIFY","processDesc":"OIDADMIS_PRISONER_ADMISSION_NOTIFY","triggerId":"1","xmlFileName":"OIDADMIS_PRISONER_ADMISSION_NOTIFY.bpmn","category":"CLIENT","timerProcess":"N"},{"processKey":"QUEUE_LISTENER_POLICE_WARNINGS_UPDATE","processDesc":"QUEUE_LISTENER_POLICE_WARNINGS_UPDATE","xmlFileName":"QUEUE_LISTENER_POLICE_WARNINGS_UPDATE.bpmn","category":"CLIENT","timerProcess":"N"},{"processKey":"OSIOSEAR_HEADER_SEARCH_NOTIFY","processDesc":"OSIOSEAR_HEADER_SEARCH_NOTIFY","triggerId":"124","xmlFileName":"OSIOSEAR_HEADER_SEARCH_NOTIFY.bpmn","category":"CLIENT","timerProcess":"N"},{"processKey":"OCDINTAK_COMMUNITY_INTAKE_NOTIFY","processDesc":"OCDINTAK_COMMUNITY_INTAKE_NOTIFY","triggerId":"6","xmlFileName":"OCDINTAK_COMMUNITY_INTAKE_NOTIFY.bpmn","category":"CLIENT","timerProcess":"N"}]