[{"quickAction":[{"queryId":307,"queryKey":"GET_OFFENDER_BOOK_ID_FOR_PIN","queryText":"select\n\tvo.offender_book_id \nfrom\n\tv_offenders vo,\n\toffender_identifiers oi\nwhere \n\tvo.offender_id  = oi.offender_id \n\tand vo.active_flag = 'Y'\n\tand oi.offender_id_seq = (select max(offender_id_seq) from offender_identifiers where identifier = :identifier and identifier_type = 'PIN')\n\tand oi.identifier = :identifier\n\tand oi.identifier_type = 'PIN'","queryDesc":"Get Offender Book Id for Pin","category":"CLIENT"}],"actionParams":[{"createUserId":"OMS_OWNER","parameterId":534,"queryKey":"GET_OFFENDER_BOOK_ID_FOR_PIN","parameterCode":"identifier","parameterDescription":"Identifier","parameterType":"String","createDatetime":1693192521910,"modifyDatetime":1693192521910}],"createUserId":"OMS_OWNER","apiId":"GET_OFFENDER_BOOK_ID_FOR_PIN","apiDescription":"Get offender Book Id for Pin","queryKey":"GET_OFFENDER_BOOK_ID_FOR_PIN","url":"Elite2Web/api/cmdaction/executeSelectQuery","queryId":0,"createDatetime":1693192386000,"modifyDatetime":1693192386000,"category":"CLIENT"},{"quickAction":[{"queryId":306,"queryKey":"GET_BULK_OFFENDER_PIN_IDS","queryText":"SELECT\n   ob.offender_book_id,\n   oi.identifier_type as identifierTypeCode,\n   oi.identifier as pin,\n   oi.issued_authority_text as issuer\nFROM\n   offender_bookings ob\nLEFT JOIN\n   offender_identifiers oi ON ob.root_offender_id = oi.root_offender_id and oi.identifier_type = 'PIN' \nWHERE\n   ob.offender_book_id in (:offenderBookIds)\n   AND (oi.offender_id_seq IS NULL OR oi.offender_id_seq = (SELECT MAX(offender_id_seq) FROM offender_identifiers WHERE root_offender_id = ob.root_offender_id and identifier_type = 'PIN'))\norder by ob.offender_book_id","queryDesc":"Get Bulk Offender Pin Ids","category":"CLIENT"}],"actionParams":[{"createUserId":"OMS_OWNER","parameterId":533,"queryKey":"GET_BULK_OFFENDER_PIN_IDS","parameterCode":"offenderBookIds","parameterDescription":"Offender Book Ids","parameterType":"List","createDatetime":1693186930157,"modifyDatetime":1693186930157}],"createUserId":"OMS_OWNER","apiId":"GET_BULK_OFFENDER_PIN_IDS","apiDescription":"Get Bulk Offender Pin Ids","queryKey":"GET_BULK_OFFENDER_PIN_IDS","url":"Elite2Web/api/cmdaction/executeSelectQuery","queryId":0,"createDatetime":1693186989000,"modifyDatetime":1693186989000,"category":"CLIENT"},{"quickAction":[{"queryId":305,"queryKey":"GET_OFFENDER_PIN_ID","queryText":"SELECT\n   ob.offender_book_id,\n   oi.identifier_type as identifierTypeCode,\n   oi.identifier as pin,\n   oi.issued_authority_text as issuer\nFROM\n   offender_bookings ob\nLEFT JOIN\n   offender_identifiers oi ON ob.root_offender_id = oi.root_offender_id and oi.identifier_type = 'PIN' \nWHERE\n   ob.offender_book_id = :offenderBookId\n   AND (oi.offender_id_seq IS NULL OR oi.offender_id_seq = (SELECT MAX(offender_id_seq) FROM offender_identifiers WHERE root_offender_id = ob.root_offender_id and identifier_type = 'PIN'))","queryDesc":"Get Offender Pin Id","category":"PRODUCT"}],"actionParams":[{"createUserId":"OMS_OWNER","parameterId":532,"queryKey":"GET_OFFENDER_PIN_ID","parameterCode":"offenderBookId","parameterDescription":"Offender Book Id","parameterType":"Number","createDatetime":1693186701809,"modifyDatetime":1693186701809}],"createUserId":"OMS_OWNER","apiId":"GET_OFFENDER_PIN_ID","apiDescription":"Get Offender Pin Id","queryKey":"GET_OFFENDER_PIN_ID","url":"Elite2Web/api/cmdaction/executeSelectQuery","queryId":0,"createDatetime":1693186750000,"modifyDatetime":1693186750000,"category":"PRODUCT"},{"quickAction":[{"queryId":148,"queryKey":"FORMAT_OFFENDER_DETAILS_ACTION_RESPONSE","queryText":"select 1 from dual","queryDesc":"Format Offender Details Action Response","category":"CLIENT"}],"actionParams":[{"createUserId":"OMS_OWNER","parameterId":199,"queryKey":"FORMAT_OFFENDER_DETAILS_ACTION_RESPONSE","parameterCode":"aliasDetails","parameterDescription":"Alias Details","parameterType":"String","createDatetime":1667777004424,"modifyDatetime":1667777004424,"modifyUserId":"OMS_OWNER"},{"createUserId":"OMS_OWNER","parameterId":200,"queryKey":"FORMAT_OFFENDER_DETAILS_ACTION_RESPONSE","parameterCode":"nameDetails","parameterDescription":"Name Details","parameterType":"String","createDatetime":1667777004424,"modifyDatetime":1667777004424,"modifyUserId":"OMS_OWNER"},{"createUserId":"OMS_OWNER","parameterId":201,"queryKey":"FORMAT_OFFENDER_DETAILS_ACTION_RESPONSE","parameterCode":"offenderBookId","parameterDescription":"Offender Book Id","parameterType":"Number","createDatetime":1667777004424,"modifyDatetime":1667777004424,"modifyUserId":"OMS_OWNER"},{"createUserId":"OMS_OWNER","parameterId":202,"queryKey":"FORMAT_OFFENDER_DETAILS_ACTION_RESPONSE","parameterCode":"residenceDetails","parameterDescription":"Residence Details","parameterType":"String","createDatetime":1667777004424,"modifyDatetime":1667777004424,"modifyUserId":"OMS_OWNER"},{"createUserId":"OMS_OWNER","parameterId":203,"queryKey":"FORMAT_OFFENDER_DETAILS_ACTION_RESPONSE","parameterCode":"specificationKey","parameterDescription":"Specification Key","parameterType":"String","createDatetime":1667777004424,"modifyDatetime":1667777004424,"modifyUserId":"OMS_OWNER"},{"createUserId":"OMS_OWNER","parameterId":204,"queryKey":"FORMAT_OFFENDER_DETAILS_ACTION_RESPONSE","parameterCode":"userDetails","parameterDescription":"User Details","parameterType":"String","createDatetime":1667777004424,"modifyDatetime":1667777004424},{"createUserId":"OMS_OWNER","parameterId":205,"queryKey":"FORMAT_OFFENDER_DETAILS_ACTION_RESPONSE","parameterCode":"wantedDetails","parameterDescription":"Wanted Details","parameterType":"String","createDatetime":1667777004424,"modifyDatetime":1667777004424},{"createUserId":"OMS_OWNER","parameterId":206,"queryKey":"FORMAT_OFFENDER_DETAILS_ACTION_RESPONSE","parameterCode":"warningDetails","parameterDescription":"Warning Details","parameterType":"String","createDatetime":1667777004424,"modifyDatetime":1667777004424},{"createUserId":"OMS_OWNER","parameterId":207,"queryKey":"FORMAT_OFFENDER_DETAILS_ACTION_RESPONSE","parameterCode":"identifierDetails","parameterDescription":"Identifier Details","parameterType":"String","createDatetime":1667777004424,"modifyDatetime":1667777004424},{"createUserId":"OMS_OWNER","parameterId":208,"queryKey":"FORMAT_OFFENDER_DETAILS_ACTION_RESPONSE","parameterCode":"occupation","parameterDescription":"Occupation","parameterType":"String","createDatetime":1667777004424,"modifyDatetime":1667777004424},{"createUserId":"OMS_OWNER","parameterId":217,"queryKey":"FORMAT_OFFENDER_DETAILS_ACTION_RESPONSE","parameterCode":"correlationId","parameterDescription":"Correlation Id","parameterType":"String","createDatetime":1669691866591,"modifyDatetime":1669691866591},{"createUserId":"OMS_OWNER","parameterId":518,"queryKey":"FORMAT_OFFENDER_DETAILS_ACTION_RESPONSE","parameterCode":"bookingDetails","parameterDescription":"Booking Details","parameterType":"String","createDatetime":1692345159303,"modifyDatetime":1692345159303},{"createUserId":"OMS_OWNER","parameterId":530,"queryKey":"FORMAT_OFFENDER_DETAILS_ACTION_RESPONSE","parameterCode":"identifier","parameterDescription":"Pin","parameterType":"String","createDatetime":1693179223370,"modifyDatetime":1693179223370}],"createUserId":"OMS_OWNER","apiId":"FORMAT_OFFENDER_DETAILS_ACTION_RESPONSE","apiDescription":"Format Offender Details Action Response","queryKey":"FORMAT_OFFENDER_DETAILS_ACTION_RESPONSE","url":"Elite2Web/api/serviceBusController/convertJson","queryId":0,"createDatetime":1667777004000,"modifyDatetime":1667777004000,"category":"CLIENT"},{"quickAction":[{"queryId":123,"queryKey":"FORMAT_SERIOUS_OFFENDER_ACTION_RESPONSE","queryText":"Select 1 from dual","queryDesc":"Format Serious Offender Action Response","category":"CLIENT"}],"actionParams":[{"createUserId":"OMS_OWNER","parameterId":155,"queryKey":"FORMAT_SERIOUS_OFFENDER_ACTION_RESPONSE","parameterCode":"staffDetails","parameterDescription":"Staff Details","parameterType":"String","createDatetime":1667547569882,"modifyDatetime":1667547569882},{"createUserId":"OMS_OWNER","parameterId":156,"queryKey":"FORMAT_SERIOUS_OFFENDER_ACTION_RESPONSE","parameterCode":"specificationKey","parameterDescription":"Specification Key","parameterType":"String","createDatetime":1667547569882,"modifyDatetime":1667547569882},{"createUserId":"OMS_OWNER","parameterId":157,"queryKey":"FORMAT_SERIOUS_OFFENDER_ACTION_RESPONSE","parameterCode":"seriousOffenders","parameterDescription":"Serious Offenders","parameterType":"String","createDatetime":1667547569882,"modifyDatetime":1667547569882},{"createUserId":"OMS_OWNER","parameterId":412,"queryKey":"FORMAT_SERIOUS_OFFENDER_ACTION_RESPONSE","parameterCode":"offenderAliasDetails","parameterDescription":"Offender Alias Details","parameterType":"String","createDatetime":1687304490472,"modifyDatetime":1687304490472},{"createUserId":"OMS_OWNER","parameterId":531,"queryKey":"FORMAT_SERIOUS_OFFENDER_ACTION_RESPONSE","parameterCode":"pinDetails","parameterDescription":"Pin Details","parameterType":"String","createDatetime":1693180417093,"modifyDatetime":1693187133889,"modifyUserId":"OMS_OWNER"}],"createUserId":"OMS_OWNER","apiId":"FORMAT_SERIOUS_OFFENDER_ACTION_RESPONSE","apiDescription":"Format Serious Offender Action Response","queryKey":"FORMAT_SERIOUS_OFFENDER_ACTION_RESPONSE","url":"Elite2Web/api/serviceBusController/convertJson","queryId":0,"createDatetime":1667547622000,"modifyDatetime":1667547622000,"category":"CLIENT"}]