[{"quickAction":[{"queryId":288,"queryKey":"GET_MAIL_ID_FOR_STAFF_ID","queryText":"select\n\tsm.first_name,\n\tsm.last_name, \n\tSTRING_AGG(ia.internet_address, ',') AS internet_addresses\nfrom\n\tinternet_addresses ia,\n\tstaff_members sm \nwhere\n\tia.owner_class = 'STF' \n\tand sm.staff_id = ia.owner_id \n\tand ia.owner_id = :ownerId\ngroup by sm.staff_id","queryDesc":"Get Mail Id for Staff Id","category":"PRODUCT"}],"actionParams":[{"createUserId":"OMS_OWNER","parameterId":505,"queryKey":"GET_MAIL_ID_FOR_STAFF_ID","parameterCode":"ownerId","parameterDescription":"Staff Id","parameterType":"Number","createDatetime":1691017698608,"modifyDatetime":1691017698608}],"createUserId":"OMS_OWNER","apiId":"GET_MAIL_ID_FOR_STAFF_ID","apiDescription":"Get Mail Id for Staff Id","queryKey":"GET_MAIL_ID_FOR_STAFF_ID","url":"Elite2Web/api/cmdaction/executeSelectQuery","queryId":0,"createDatetime":1691017722000,"modifyDatetime":1691017863000,"modifyUserId":"OMS_OWNER","category":"PRODUCT"},{"quickAction":[{"queryId":278,"queryKey":"GET_GRIEVANCE_DETAILS","queryText":"select\n\tog.offender_book_id,\n\tog.grievance_id,\n\t(select description from grievance_types where griev_type = og.griev_type) griev_type,\n\t(select description from grievance_reasons where griev_type = og.griev_type and griev_reason_code = og.griev_reason_code) griev_reason_code\nfrom\n\toffender_grievances og\nwhere\n\tog.grievance_id = :grievanceId","queryDesc":"Get Grievance Details","category":"CLIENT"}],"actionParams":[{"createUserId":"OMS_OWNER","parameterId":491,"queryKey":"GET_GRIEVANCE_DETAILS","parameterCode":"grievanceId","parameterDescription":"Grievance Id","parameterType":"Number","createDatetime":1690762096041,"modifyDatetime":1690762096041}],"createUserId":"OMS_OWNER","apiId":"GET_GRIEVANCE_DETAILS","apiDescription":"Get Grievance Details","queryKey":"GET_GRIEVANCE_DETAILS","url":"Elite2Web/api/cmdaction/executeSelectQuery","queryId":0,"createDatetime":1690762136000,"modifyDatetime":1690762136000,"category":"CLIENT"},{"quickAction":[{"queryId":42,"queryKey":"GET_OFFENDER_DETAILS","queryText":"SELECT \n    vo.offender_book_id,\n    vo.offender_id,\n    vo.offender_id_display,\n    vo.first_name,\n    vo.last_name,\n    vo.middle_name,\n    vo.birth_date,\n    ref_code.description sex_code,\n   to_char(vo.birth_date,'DD/MM/YYYYY') as dob,\n  (select description from agency_locations al where agy_loc_id= vo.agy_loc_id ) as facility\nFROM \n    v_offenders vo,\n    reference_codes ref_code\nwhere\n    ref_code.domain = 'SEX' and \n \tref_code.code= vo.sex_code and\n    vo.offender_book_id = :offenderBookId","queryDesc":"Get Offender Details","category":"CLIENT"}],"actionParams":[{"createUserId":"OMS_OWNER","parameterId":46,"queryKey":"GET_OFFENDER_DETAILS","parameterCode":"offenderBookId","parameterDescription":"Offender Book Id","parameterType":"Number","createDatetime":1662705229751,"modifyDatetime":1662705229751}],"createUserId":"OMS_OWNER","apiId":"GET_OFFENDER_DETAILS","apiDescription":"Get Offender Details","queryKey":"GET_OFFENDER_DETAILS","url":"Elite2Web/api/cmdaction/executeSelectQuery","queryId":0,"createDatetime":1662705289000,"modifyDatetime":1662705289000,"category":"CLIENT"}]