[{"quickAction":[{"queryId":571,"queryKey":"GET_LEGAL_ACTIVE_NONCUST_RFC_COMM_TYPE_COUNT","queryText":"\n\t\tselect count(*) as order_count from(select\n\t\t\torderType,\n\t\t\tjsonb_array_elements(legal_summary::jsonb)->>'commenceType' as \"commencetype\",\n\t\t\tjsonb_array_elements(legal_summary::jsonb)->>'status' as \"status\"\t\t\t\n\t\tfrom\n\t\t\t(\n\t\t\tselect\n\t\t\t\toffenderBookId,\n\t\t\t\torderType,\n\t\t\t\titems ->> 0 as Legal_Summary\n\t\t\tfrom\n\t\t\t\t(\n\t\t\t\tselect\n\t\t\t\t\tform_identifier::jsonb->> 'offenderBookId' as offenderbookid,\n\t\t\t\t\tform_identifier::jsonb->> 'orderType' as orderType,\n\t\t\t\t\tform_info_json,\n\t\t\t\t\tjsonb_path_query_array( encode(form_info_json,\n\t\t\t\t\t'escape')::jsonb,\n\t\t\t\t\t'$.*') as items\n\t\t\t\tfrom\n\t\t\t\t\tocdleglo_data\n                    ) as t\n\t\t\twhere\n\t\t\t\toffenderbookid =:offenderBookId\n\t\t\t\tand orderType= 'NONCUST'\n\t\t\t\t)A )B where\n\t\t\t\tB.commencetype='RFC' and \n\t\t\t\tB.status in (select update_reason_code  from legal_update_reasons where active_type='A' and update_reason_code=B.status)","queryDesc":"Get Active Non Cust Orders With RFC Comm type Count","category":"CLIENT"}],"actionParams":[{"createUserId":"OMS_OWNER","parameterId":2103,"queryKey":"GET_LEGAL_ACTIVE_NONCUST_RFC_COMM_TYPE_COUNT","parameterCode":"offenderBookId","parameterDescription":"offenderBookId","parameterType":"String","createDatetime":1708862794634}],"createUserId":"OMS_OWNER","apiId":"GET_LEGAL_ACTIVE_NONCUST_RFC_COMM_TYPE_COUNT","apiDescription":"Get Active NonCust Order With RFC  Type Count","queryKey":"GET_LEGAL_ACTIVE_NONCUST_RFC_COMM_TYPE_COUNT","url":"Elite2Web/api/cmdaction/executeSelectQuery","queryId":0,"createDatetime":1708862954000,"category":"CLIENT"}]