[{"processKey":"CMN_OCUACOND_UPDATE_EMD_ALERT","processDesc":"CMN_OCUACOND_UPDATE_EMD_ALERT","xmlFileName":"CMN_OCUACOND_UPDATE_EMD_ALERT.bpmn","commonProcess":"Y","category":"CLIENT"},{"processKey":"CMN_OCUACOND_INSERT_EMD_ALERT","processDesc":"CMN_OCUACOND_INSERT_EMD_ALERT","xmlFileName":"CMN_OCUACOND_INSERT_EMD_ALERT.bpmn","commonProcess":"Y","category":"CLIENT"},{"processKey":"CMN_LEGAL_ORDER_UPDATE_NOTIFY","processDesc":"CMN_LEGAL_ORDER_UPDATE_NOTIFY","xmlFileName":"CMN_LEGAL_ORDER_UPDATE_NOTIFY.bpmn","commonProcess":"Y","category":"CLIENT"}]