[{"quickAction":[{"queryId":282,"queryKey":"USER_DETAILS","queryText":"select user_id, last_name, first_name, current_timestamp date_time from staff_members where user_id = :userId","queryDesc":"User Details","category":"PRODUCT"}],"actionParams":[{"createUserId":"OMS_OWNER","parameterId":455,"queryKey":"USER_DETAILS","parameterCode":"userId","parameterDescription":"User Id","parameterType":"String","createDatetime":1665125545381,"modifyDatetime":1665125545381}],"createUserId":"OMS_OWNER","apiId":"USER_DETAILS","apiDescription":"User Details","queryKey":"USER_DETAILS","url":"Elite2Web/api/cmdaction/executeSelectQuery","queryId":0,"createDatetime":1665124584000,"modifyDatetime":1665125545000,"modifyUserId":"OMS_OWNER","category":"PRODUCT"}]