[{"quickAction":[{"queryId":337,"queryKey":"GET_TEAM_MAIL_ID_BY_AGYLOCID","queryText":"select STRING_AGG(distinct (at1.team_email), ',') as team_email from automation_teams at1, team_functions tf, team_agency_loc tal where tf.function_type = :function and at1.team_id = tf.team_id and at1.team_id = tal.team_id and tal.agy_loc_id = :agyLocId and at1.team_email is not null","queryDesc":"Get Team Mail Id by Agy Loc Id","category":"PRODUCT"}],"actionParams":[{"createUserId":"YOGENDRANATH","parameterId":672,"queryKey":"GET_TEAM_MAIL_ID_BY_AGYLOCID","parameterCode":"agyLocId","parameterDescription":"Agency Location","parameterType":"String","createDatetime":1700631173811,"modifyDatetime":1700631173811},{"createUserId":"YOGENDRANATH","parameterId":671,"queryKey":"GET_TEAM_MAIL_ID_BY_AGYLOCID","parameterCode":"function","parameterDescription":"Function Code","parameterType":"String","createDatetime":1700631173811,"modifyDatetime":1700631173811}],"createUserId":"YOGENDRANATH","apiId":"GET_TEAM_MAIL_ID_BY_AGYLOCID","apiDescription":"Get Team Mail Id By Agy Loc Id","queryKey":"GET_TEAM_MAIL_ID_BY_AGYLOCID","url":"Elite2Web/api/cmdaction/executeSelectQuery","queryId":0,"createDatetime":1700631201000,"modifyDatetime":1700631201000,"category":"PRODUCT"}]