[{"quickAction":[{"queryId":331,"queryKey":"GET_PROCEEDING_DESCRIPTION","queryText":"select description proceeding  from reference_codes rc where domain = 'PROCEEDING' and code = :proceeding","queryDesc":"Get Proceeding Description","category":"CLIENT"}],"actionParams":[{"createUserId":"OMS_OWNER","parameterId":655,"queryKey":"GET_PROCEEDING_DESCRIPTION","parameterCode":"proceeding","parameterDescription":"Proceeding","parameterType":"String","createDatetime":1698303029270,"modifyDatetime":1698303029270}],"createUserId":"OMS_OWNER","apiId":"GET_PROCEEDING_DESCRIPTION","apiDescription":"Get Proceeding Description","queryKey":"GET_PROCEEDING_DESCRIPTION","url":"Elite2Web/api/cmdaction/executeSelectQuery","queryId":0,"createDatetime":1698303089000,"modifyDatetime":1698303089000,"category":"CLIENT"},{"quickAction":[{"queryId":330,"queryKey":"GET_HEARING_BODY_DESCRIPTION","queryText":"select description hearing_body  from agency_locations al where agy_loc_id = :agyLocId","queryDesc":"Get Hearing Body Description","category":"CLIENT"}],"actionParams":[{"createUserId":"OMS_OWNER","parameterId":654,"queryKey":"GET_HEARING_BODY_DESCRIPTION","parameterCode":"agyLocId","parameterDescription":"Hearing Body","parameterType":"String","createDatetime":1698302465381,"modifyDatetime":1698302465381}],"createUserId":"OMS_OWNER","apiId":"GET_HEARING_BODY_DESCRIPTION","apiDescription":"Get Hearing Body Description","queryKey":"GET_HEARING_BODY_DESCRIPTION","url":"Elite2Web/api/cmdaction/executeSelectQuery","queryId":0,"createDatetime":1698302538000,"modifyDatetime":1698302538000,"category":"CLIENT"},{"quickAction":[{"queryId":42,"queryKey":"GET_OFFENDER_DETAILS","queryText":"SELECT \n    vo.offender_book_id,\n    vo.offender_id,\n    vo.offender_id_display,\n    vo.first_name,\n    vo.last_name,\n    vo.middle_name,\n    vo.birth_date,\n    o.second_middle_name, \n    ref_code.description sex_code,\n   to_char(vo.birth_date,'DD/MM/YYYYY') as dob,\n  (select description from agency_locations al where agy_loc_id= vo.agy_loc_id ) as facility\nFROM \n    v_offenders vo,\n    reference_codes ref_code,\n    offenders o\nwhere\n    ref_code.domain = 'SEX' and \n \tref_code.code= vo.sex_code and\n \to.offender_id = vo.offender_id and\n    vo.offender_book_id = :offenderBookId","queryDesc":"Get Offender Details","category":"CLIENT"}],"actionParams":[{"createUserId":"OMS_OWNER","parameterId":537,"queryKey":"GET_OFFENDER_DETAILS","parameterCode":"offenderBookId","parameterDescription":"Offender Book Id","parameterType":"Number","createDatetime":1693215451360,"modifyDatetime":1693215451360}],"createUserId":"OMS_OWNER","apiId":"GET_OFFENDER_DETAILS","apiDescription":"Get Offender Details","queryKey":"GET_OFFENDER_DETAILS","url":"Elite2Web/api/cmdaction/executeSelectQuery","queryId":0,"createDatetime":1662705289000,"modifyDatetime":1693215451000,"modifyUserId":"YOGENDRANATH","category":"CLIENT"},{"quickAction":[{"queryId":288,"queryKey":"GET_MAIL_ID_FOR_STAFF_ID","queryText":"select\n\tsm.first_name,\n\tsm.last_name, \n\tSTRING_AGG(ia.internet_address, ',') AS internet_addresses\nfrom\n\tinternet_addresses ia,\n\tstaff_members sm \nwhere\n\tia.owner_class = 'STF' \n\tand sm.staff_id = ia.owner_id \n\tand ia.owner_id = :ownerId\ngroup by sm.staff_id","queryDesc":"Get Mail Id for Staff Id","category":"PRODUCT"}],"actionParams":[{"createUserId":"OMS_OWNER","parameterId":505,"queryKey":"GET_MAIL_ID_FOR_STAFF_ID","parameterCode":"ownerId","parameterDescription":"Staff Id","parameterType":"Number","createDatetime":1691017698608,"modifyDatetime":1691017698608}],"createUserId":"OMS_OWNER","apiId":"GET_MAIL_ID_FOR_STAFF_ID","apiDescription":"Get Mail Id for Staff Id","queryKey":"GET_MAIL_ID_FOR_STAFF_ID","url":"Elite2Web/api/cmdaction/executeSelectQuery","queryId":0,"createDatetime":1691017722000,"modifyDatetime":1691017863000,"modifyUserId":"OMS_OWNER","category":"PRODUCT"}]