[{"quickAction":[{"queryId":137,"queryKey":"GET_OFFENDER_FINANCIAL_DETAILS","queryText":"select \n    osa.balance,\n    ota.current_balance\nfrom\n    v_offenders vo,\n    offender_sub_accounts osa,\n    offender_trust_accounts ota\nwhere\n    vo.offender_book_id = :offenderBookId and\n    vo.offender_id = osa.offender_id and\n    vo.offender_id = ota.offender_id and\n   \tosa.last_txn_id = (select max(last_txn_id) from offender_sub_accounts where offender_id = vo.offender_id)","queryDesc":"Get Offender Financial Details","category":"CLIENT"}],"actionParams":[{"createUserId":"OMS_OWNER","parameterId":174,"queryKey":"GET_OFFENDER_FINANCIAL_DETAILS","parameterCode":"offenderBookId","parameterDescription":"Offender Book Id","parameterType":"Number","createDatetime":1667600568236,"modifyDatetime":1667600568236}],"createUserId":"OMS_OWNER","apiId":"GET_OFFENDER_FINANCIAL_DETAILS","apiDescription":"Get Offender Financial Details","queryKey":"GET_OFFENDER_FINANCIAL_DETAILS","url":"Elite2Web/api/cmdaction/executeSelectQuery","queryId":0,"createDatetime":1667600599000,"modifyDatetime":1667600599000,"category":"CLIENT"}]