[{"quickAction":[{"queryId":161,"queryKey":"GET_COMPUTER_ACCESS_FLAG","queryText":"select\n\tA.offender_book_id,\n\tA.computer_acess_flag as coalesce\nfrom\n\t(\n\tselect\n\t\tob.*,\n\t\tcase\n\t\t\twhen oapb.offender_book_id is not null\n\t\t\tand oape.offender_book_id is null then 'N'\n\t\t\twhen oapb.offender_book_id is null\n\t\t\tand oape.offender_book_id is not null then 'Y'\n\t\t\twhen oapb.offender_book_id is null\n\t\t\tand oape.offender_book_id is null then 'N'\n\t\t\twhen oapb.offender_book_id is not null\n\t\t\tand oape.offender_book_id is not null then 'N'\n\t\tend as computer_acess_flag\n\tfrom\n\t\toffender_bookings ob\n\tleft join\n    offender_alerts oapb on\n\t\tob.offender_book_id = oapb.offender_book_id\n\t\tand oapb.alert_code = 'PBAN'\n\t\tand oapb.alert_status = 'ACTIVE'\n\tleft join\n    offender_alerts oape on\n\t\tob.offender_book_id = oape.offender_book_id\n\t\tand oape.alert_code = 'PENA'\n\t\tand oape.alert_status = 'ACTIVE')A\nwhere\n\toffender_book_id in (:offenderBookIds) order by A.offender_book_id","queryDesc":"Get Computer Access Flag","category":"CLIENT"}],"actionParams":[{"createUserId":"OMS_OWNER","parameterId":228,"queryKey":"GET_COMPUTER_ACCESS_FLAG","parameterCode":"offenderBookIds","parameterDescription":"Offender Book Ids","parameterType":"List","createDatetime":1670991913189,"modifyDatetime":1670991913189}],"createUserId":"OMS_OWNER","apiId":"GET_COMPUTER_ACCESS_FLAG","apiDescription":"Get Computer Access Flag","queryKey":"GET_COMPUTER_ACCESS_FLAG","url":"Elite2Web/api/cmdaction/executeSelectQuery","queryId":0,"createDatetime":1670991958000,"modifyDatetime":1670991958000,"category":"CLIENT"}]