[{"quickAction":[{"queryId":556,"queryKey":"GET_PIN_SEARCH_DESCRIPTION","queryText":"select description SearchType  from reference_codes rc where domain ='SEARCH_TYPE' and code=:code","queryDesc":"Get Pin Search Description","category":"PRODUCT"}],"actionParams":[{"createUserId":"OMS_OWNER","parameterId":2030,"queryKey":"GET_PIN_SEARCH_DESCRIPTION","parameterCode":"code","parameterDescription":"Search Type Code Description ","parameterType":"String","createDatetime":1706855971384}],"createUserId":"OMS_OWNER","apiId":"GET_PIN_SEARCH_DESCRIPTION","apiDescription":"Get Pin Search Description","queryKey":"GET_PIN_SEARCH_DESCRIPTION","url":"Elite2Web/api/cmdaction/executeSelectQuery","queryId":0,"createDatetime":1706856294000,"modifyDatetime":1706880669000,"modifyUserId":"OMS_OWNER","category":"PRODUCT"},{"quickAction":[{"queryId":458,"queryKey":"FORMAT_OFFENDER_RECORDS_REQUEST_WITH_NAMES","queryText":"select * from dual","queryDesc":"Format Offender Records Request With Names","category":"PRODUCT"}],"actionParams":[{"createUserId":"NAVI","parameterId":1328,"queryKey":"FORMAT_OFFENDER_RECORDS_REQUEST_WITH_NAMES","parameterCode":"staffDetails","parameterDescription":"Staff Details","parameterType":"String","createDatetime":1692761910827,"modifyDatetime":1692761910827},{"createUserId":"NAVI","parameterId":1329,"queryKey":"FORMAT_OFFENDER_RECORDS_REQUEST_WITH_NAMES","parameterCode":"specificationKey","parameterDescription":"Specification Key","parameterType":"String","createDatetime":1692761910827,"modifyDatetime":1692761910827},{"createUserId":"NAVI","parameterId":1330,"queryKey":"FORMAT_OFFENDER_RECORDS_REQUEST_WITH_NAMES","parameterCode":"secondMiddleName","parameterDescription":"Second Middle Name","parameterType":"String","createDatetime":1692761910827,"modifyDatetime":1692761910827},{"createUserId":"NAVI","parameterId":1331,"queryKey":"FORMAT_OFFENDER_RECORDS_REQUEST_WITH_NAMES","parameterCode":"dob","parameterDescription":"Date Of Birth","parameterType":"String","createDatetime":1692761910827,"modifyDatetime":1692761910827},{"createUserId":"NAVI","parameterId":1332,"queryKey":"FORMAT_OFFENDER_RECORDS_REQUEST_WITH_NAMES","parameterCode":"pFirstName","parameterDescription":"First Name","parameterType":"String","createDatetime":1692761910827,"modifyDatetime":1692761910827,"modifyUserId":"NAVI"},{"createUserId":"NAVI","parameterId":1333,"queryKey":"FORMAT_OFFENDER_RECORDS_REQUEST_WITH_NAMES","parameterCode":"pMiddleName","parameterDescription":"Middel Name","parameterType":"String","createDatetime":1692761910827,"modifyDatetime":1692761910827,"modifyUserId":"NAVI"},{"createUserId":"NAVI","parameterId":1334,"queryKey":"FORMAT_OFFENDER_RECORDS_REQUEST_WITH_NAMES","parameterCode":"pLastName","parameterDescription":"Last Name","parameterType":"String","createDatetime":1692761910827,"modifyDatetime":1692761910827,"modifyUserId":"NAVI"},{"createUserId":"NAVI","parameterId":1335,"queryKey":"FORMAT_OFFENDER_RECORDS_REQUEST_WITH_NAMES","parameterCode":"intCorrelationId","parameterDescription":"Int Correlation Id","parameterType":"String","createDatetime":1692761910827,"modifyDatetime":1692761910827},{"createUserId":"NAVI","parameterId":1336,"queryKey":"FORMAT_OFFENDER_RECORDS_REQUEST_WITH_NAMES","parameterCode":"moduleName","parameterDescription":"Module Name","parameterType":"String","createDatetime":1692761910827,"modifyDatetime":1692761910827},{"createUserId":"OMS_OWNER","parameterId":2031,"queryKey":"FORMAT_OFFENDER_RECORDS_REQUEST_WITH_NAMES","parameterCode":"SearchTypeRes","parameterDescription":"Search Type Description","parameterType":"String","createDatetime":1706857331591}],"createUserId":"OMS_OWNER","apiId":"FORMAT_OFFENDER_RECORDS_REQUEST_WITH_NAMES","apiDescription":"Format Offender Records Request With Names","queryKey":"FORMAT_OFFENDER_RECORDS_REQUEST_WITH_NAMES","url":"Elite2Web/api/serviceBusController/convertJson","queryId":0,"createDatetime":1692748311000,"modifyDatetime":1692761910000,"modifyUserId":"OMS_OWNER","category":"PRODUCT"}]