[{"quickAction":[{"queryId":333,"queryKey":"GET_TEAM_MAIL_ID","queryText":"select\n\tSTRING_AGG(at1.team_email, ',') as team_email\nfrom\n\tautomation_teams at1,\n\tteam_functions tf \nwhere\n\ttf.function_type = :function\n\tand at1.team_id = tf.team_id\n\tand at1.team_email is not null","queryDesc":"Get Team Mail Id","category":"CLIENT"}],"actionParams":[{"createUserId":"OMS_OWNER","parameterId":657,"queryKey":"GET_TEAM_MAIL_ID","parameterCode":"function","parameterDescription":"Function","parameterType":"String","createDatetime":1699334657899,"modifyDatetime":1699334657899}],"createUserId":"OMS_OWNER","apiId":"GET_TEAM_MAIL_ID","apiDescription":"Get Team Mail Id","queryKey":"GET_TEAM_MAIL_ID","url":"Elite2Web/api/cmdaction/executeSelectQuery","queryId":0,"createDatetime":1699334711000,"modifyDatetime":1699334711000,"category":"CLIENT"},{"quickAction":[{"queryId":282,"queryKey":"GET_ASSESSMENT_OFFENDER_DETAILS","queryText":"select vo.offender_book_id, vo.offender_id, vo.offender_id_display, vo.first_name, vo.last_name, vo.middle_name, vo.birth_date, ref_code.description sex_code, vo.living_unit_id, vhb.agy_loc_id , vhb.intake_agy_loc_id, (select description from agency_locations al where al.agy_loc_id= vhb.agy_loc_id ) as facility from v_offenders vo, reference_codes ref_code, v_header_block vhb where ref_code.domain = 'SEX' and ref_code.code = vo.sex_code and vhb.offender_book_id = vo.offender_book_id and vo.offender_book_id = :offenderBookId","queryDesc":"Get Assessment Offender Details","category":"CLIENT"}],"actionParams":[{"createUserId":"YOGENDRANATH","parameterId":519,"queryKey":"GET_ASSESSMENT_OFFENDER_DETAILS","parameterCode":"offenderBookId","parameterDescription":"Offender Book ID","parameterType":"Number","createDatetime":1692596093254,"modifyDatetime":1692596093254}],"createUserId":"YOGENDRANATH","apiId":"GET_ASSESSMENT_OFFENDER_DETAILS","apiDescription":"Get Assessment Offender Details","queryKey":"GET_ASSESSMENT_OFFENDER_DETAILS","url":"Elite2Web/api/cmdaction/executeSelectQuery","queryId":0,"createDatetime":1690962801000,"modifyDatetime":1692596093000,"modifyUserId":"YOGENDRANATH","category":"CLIENT"}]