[{"quickAction":[{"queryId":182,"queryKey":"GET_PHOTOGRAPH_LIST_DETAILS","queryText":"select\n\tim.image_id, \n\tim.capture_date,\n\tim.image_thumbnail\nfrom \n\timages im,\n\tv_offenders vo\nwhere \n\tvo.offender_id_display  = :offenderIdDisplay and\n\tvo.active_flag = 'Y' and \n\tvo.offender_book_id = im.image_object_id and\n\tim.image_view_type = 'FACE' and \n\tim.active_flag = 'Y'","queryDesc":"Get Photograph List Details","category":"CLIENT"}],"actionParams":[{"createUserId":"KARTHI","parameterId":1016,"queryKey":"GET_PHOTOGRAPH_LIST_DETAILS","parameterCode":"maxResults","parameterDescription":"Max Results","parameterType":"Number","createDatetime":1677235079238,"modifyDatetime":1677235079238},{"createUserId":"KARTHI","parameterId":1017,"queryKey":"GET_PHOTOGRAPH_LIST_DETAILS","parameterCode":"offenderIdDisplay","parameterDescription":"Offender Id Display","parameterType":"String","createDatetime":1677235079238,"modifyDatetime":1677235079238,"modifyUserId":"OMS_OWNER"}],"createUserId":"OMS_OWNER","apiId":"GET_PHOTOGRAPH_LIST_DETAILS","apiDescription":"Get Photograph List Details","queryKey":"GET_PHOTOGRAPH_LIST_DETAILS","url":"Elite2Web/api/cmdaction/executeSelectQuery","queryId":0,"createDatetime":1676583594000,"modifyDatetime":1677235079000,"modifyUserId":"OMS_OWNER","category":"CLIENT"},{"quickAction":[{"queryId":189,"queryKey":"GET_OFFENDER_ID_DISPLAY_EXISTS","queryText":"select\n\tcoalesce (y,\n\t'N') as Y\nfrom\n\t(\n\tselect\n\t\t(\n\t\tselect\n\t\t\t'Y' as Y\n\t\tfrom\n\t\t\tv_header_block\n\t\twhere\n\t\t\toffender_id_display = :offenderIdDisplay\n\t\t\tand active_flag = 'Y') Y,\n\t\t1\n\tfrom\n\t\tdual)A","queryDesc":"Get Offender Id Display Exists","category":"CLIENT"}],"actionParams":[{"createUserId":"OMS_OWNER","parameterId":1013,"queryKey":"GET_OFFENDER_ID_DISPLAY_EXISTS","parameterCode":"offenderIdDisplay","parameterDescription":"Offender Id Display","parameterType":"String","createDatetime":1677233689567,"modifyDatetime":1677233689567}],"createUserId":"OMS_OWNER","apiId":"GET_OFFENDER_ID_DISPLAY_EXISTS","apiDescription":"Get Offender Id Display Exists","queryKey":"GET_OFFENDER_ID_DISPLAY_EXISTS","url":"Elite2Web/api/cmdaction/executeSelectQuery","queryId":0,"createDatetime":1677233689000,"modifyDatetime":1677233689000,"category":"CLIENT"},{"quickAction":[{"queryId":153,"queryKey":"FORMAT_OFFENDER_DETAILS_QUEUE","queryText":"select 1 from dual","queryDesc":"Format Offender Details Queue","category":"CLIENT"}],"actionParams":[{"createUserId":"OMS_OWNER","parameterId":991,"queryKey":"FORMAT_OFFENDER_DETAILS_QUEUE","parameterCode":"ProcessInput","parameterDescription":"Process Input","parameterType":"String","createDatetime":1676583606560,"modifyDatetime":1676583606560},{"createUserId":"OMS_OWNER","parameterId":992,"queryKey":"FORMAT_OFFENDER_DETAILS_QUEUE","parameterCode":"specificationKey","parameterDescription":"Specification Key","parameterType":"String","createDatetime":1676583606560,"modifyDatetime":1676583606560}],"createUserId":"OMS_OWNER","apiId":"FORMAT_OFFENDER_DETAILS_QUEUE","apiDescription":"Format Offender Details Queue","queryKey":"FORMAT_OFFENDER_DETAILS_QUEUE","url":"Elite2Web/api/serviceBusController/convertJson","queryId":0,"createDatetime":1668575048000,"modifyDatetime":1676583606000,"modifyUserId":"OMS_OWNER","category":"CLIENT"},{"quickAction":[{"queryId":179,"queryKey":"FORMAT_PHOTOGRAPH_ERROR_RESPONSE","queryText":"Select 1 from dual","queryDesc":"Format Photograph Error Response","category":"CLIENT"}],"actionParams":[{"createUserId":"OMS_OWNER","parameterId":983,"queryKey":"FORMAT_PHOTOGRAPH_ERROR_RESPONSE","parameterCode":"staffDetails","parameterDescription":"Staff Details","parameterType":"String","createDatetime":1676583606560,"modifyDatetime":1676583606560},{"createUserId":"OMS_OWNER","parameterId":984,"queryKey":"FORMAT_PHOTOGRAPH_ERROR_RESPONSE","parameterCode":"specificationKey","parameterDescription":"Specification Key","parameterType":"String","createDatetime":1676583606560,"modifyDatetime":1676583606560},{"createUserId":"OMS_OWNER","parameterId":985,"queryKey":"FORMAT_PHOTOGRAPH_ERROR_RESPONSE","parameterCode":"correlationId","parameterDescription":"Correlation Id","parameterType":"String","createDatetime":1676583606560,"modifyDatetime":1676583606560}],"createUserId":"OMS_OWNER","apiId":"FORMAT_PHOTOGRAPH_ERROR_RESPONSE","apiDescription":"Format Photograph Error Response","queryKey":"FORMAT_PHOTOGRAPH_ERROR_RESPONSE","url":"Elite2Web/api/serviceBusController/convertJson","queryId":0,"createDatetime":1676583594000,"modifyDatetime":1676583606000,"modifyUserId":"OMS_OWNER","category":"CLIENT"},{"quickAction":[{"queryId":148,"queryKey":"GET_STAFF_DETAILS","queryText":"select user_id, last_name, first_name, current_timestamp date_time from staff_members where user_id = :userId","queryDesc":"Get Staff Details","category":"CLIENT"}],"actionParams":[{"createUserId":"OMS_OWNER","parameterId":993,"queryKey":"GET_STAFF_DETAILS","parameterCode":"userId","parameterDescription":"User Id","parameterType":"String","createDatetime":1676583606560,"modifyDatetime":1676583606560,"modifyUserId":"OMS_OWNER"}],"createUserId":"OMS_OWNER","apiId":"GET_STAFF_DETAILS","apiDescription":"Get Staff Details","queryKey":"GET_STAFF_DETAILS","url":"Elite2Web/api/cmdaction/executeSelectQuery","queryId":0,"createDatetime":1668574953000,"modifyDatetime":1676583606000,"modifyUserId":"OMS_OWNER","category":"CLIENT"}]