[{"quickAction":[{"queryId":314,"queryKey":"GET_POLICE_WARNINGS_DETAILS","queryText":"select offender_book_id, alert_type, alert_code, alert_seq, root_offender_id, alert_date, alert_status, expiry_date, caseload_type from offender_alerts oa where offender_book_id = :offenderBookId and alert_type = (select code from reference_codes rc where domain = 'ALERT' and description = :alertType) and alert_code = (select code from reference_codes rc where domain = 'ALERT_CODE' and description = :alertCode)","queryDesc":"Get Police Warnings Details","category":"CLIENT"}],"actionParams":[{"createUserId":"OMS_OWNER","parameterId":678,"queryKey":"GET_POLICE_WARNINGS_DETAILS","parameterCode":"alertCode","parameterDescription":"Alert Code","parameterType":"String","createDatetime":1705462762100},{"createUserId":"OMS_OWNER","parameterId":677,"queryKey":"GET_POLICE_WARNINGS_DETAILS","parameterCode":"alertType","parameterDescription":"Alert Type","parameterType":"String","createDatetime":1705462762100},{"createUserId":"OMS_OWNER","parameterId":676,"queryKey":"GET_POLICE_WARNINGS_DETAILS","parameterCode":"offenderBookId","parameterDescription":"Offender Book Id","parameterType":"Number","createDatetime":1705462762100}],"createUserId":"OMS_OWNER","apiId":"GET_POLICE_WARNINGS_DETAILS","apiDescription":"Get Police Warnings Details","queryKey":"GET_POLICE_WARNINGS_DETAILS","url":"Elite2Web/api/cmdaction/executeSelectQuery","queryId":0,"createDatetime":1705462762000,"category":"CLIENT"},{"quickAction":[{"queryId":311,"queryKey":"INSERT_POLICE_WARNINGS","queryText":"insert\n\tinto\n\toffender_alerts(alert_date,\n\toffender_book_id,\n\troot_offender_id,\n\talert_seq,\n\talert_type,\n\talert_code,\n        comment_text,\n\tcreate_date,\n\talert_status,\n\tverified_flag,\n\texpiry_date,\n\tmodify_datetime,\n\tcaseload_type,\n\tcreate_datetime,\n\tcreate_user_id)\nvalues( case when :alertdate = '' then current_timestamp else TO_TIMESTAMP(:alertdate, 'YYYY-MM-DD\"T\"HH24:MI:SS') end,\n:offenderbookid::bigint,\n(select root_offender_id  from offender_bookings where offender_book_id = :offenderbookid::bigint),\n(select coalesce(max(alert_seq),0) + 1  from   offender_alerts  where  offender_book_id = :offenderbookid::bigint),\n(select code from reference_codes rc where domain = 'ALERT' and description = :alerttype),\n(select code from reference_codes rc where domain = 'ALERT_CODE' and description = :alertcode),\n:commentText,\ncurrent_timestamp,\n:alertstatus,\n:verifiedflag,\ncase when :expirydate = '' then null else TO_TIMESTAMP(:expirydate, 'YYYY-MM-DD\"T\"HH24:MI:SS') end,\ncurrent_timestamp,\ncase when :caseloadtype = '' then null else :caseloadtype end,\ncurrent_timestamp,\n:createuserid)","queryDesc":"Insert Police Warnings","category":"CLIENT"}],"actionParams":[{"createUserId":"OMS_OWNER","parameterId":667,"queryKey":"INSERT_POLICE_WARNINGS","parameterCode":"alertcode","parameterDescription":"Alert Code","parameterType":"String","createDatetime":1705462762100},{"createUserId":"OMS_OWNER","parameterId":664,"queryKey":"INSERT_POLICE_WARNINGS","parameterCode":"alertdate","parameterDescription":"Alert Date","parameterType":"String","createDatetime":1705462762100},{"createUserId":"OMS_OWNER","parameterId":668,"queryKey":"INSERT_POLICE_WARNINGS","parameterCode":"alertstatus","parameterDescription":"Alert Status","parameterType":"String","createDatetime":1705462762100},{"createUserId":"OMS_OWNER","parameterId":666,"queryKey":"INSERT_POLICE_WARNINGS","parameterCode":"alerttype","parameterDescription":"Alert Type","parameterType":"String","createDatetime":1705462762100},{"createUserId":"OMS_OWNER","parameterId":671,"queryKey":"INSERT_POLICE_WARNINGS","parameterCode":"caseloadtype","parameterDescription":"Case Load Type","parameterType":"String","createDatetime":1705462762100},{"createUserId":"OMS_OWNER","parameterId":684,"queryKey":"INSERT_POLICE_WARNINGS","parameterCode":"commentText","parameterDescription":"Comment","parameterType":"String","createDatetime":1705469355244},{"createUserId":"OMS_OWNER","parameterId":672,"queryKey":"INSERT_POLICE_WARNINGS","parameterCode":"createuserid","parameterDescription":"Create User Id","parameterType":"String","createDatetime":1705462762100},{"createUserId":"OMS_OWNER","parameterId":670,"queryKey":"INSERT_POLICE_WARNINGS","parameterCode":"expirydate","parameterDescription":"Expiry Date","parameterType":"String","createDatetime":1705462762100},{"createUserId":"OMS_OWNER","parameterId":665,"queryKey":"INSERT_POLICE_WARNINGS","parameterCode":"offenderbookid","parameterDescription":"Offender Book Id","parameterType":"Number","createDatetime":1705462762100},{"createUserId":"OMS_OWNER","parameterId":669,"queryKey":"INSERT_POLICE_WARNINGS","parameterCode":"verifiedflag","parameterDescription":"Verified Flag","parameterType":"String","createDatetime":1705462762100}],"createUserId":"OMS_OWNER","apiId":"INSERT_POLICE_WARNINGS","apiDescription":"Insert Police Warnings","queryKey":"INSERT_POLICE_WARNINGS","url":"Elite2Web/api/cmdaction/executeUpdateQuery","queryId":0,"createDatetime":1705462762000,"category":"CLIENT"}]