[{"quickAction":[{"queryId":260,"queryKey":"GET_PERFORM_COMPLIANCE_MAIL_ID","queryText":"select SM.MAIL_ID from TEAM_STAFF_MEMBERS TSM, STAFF_MEMBERS SM where TSM.STAFF_ID = SM.STAFF_ID and TSM.TEAM_ID in ( select at2.team_id froM automation_teams at2, team_functions tf where at2.team_id = tf.team_id and tf.function_type = 'PER_COM') and SM.MAIL_ID is not null","queryDesc":"Get Performance Compliance Notify Mail Id","category":"PRODUCT"}],"actionParams":[],"createUserId":"YOGENDRANATH","apiId":"GET_PERFORM_COMPLIANCE_MAIL_ID","apiDescription":"Get Performance Compliance Notify Mail Id","queryKey":"GET_PERFORM_COMPLIANCE_MAIL_ID","url":"Elite2Web/api/cmdaction/executeSelectQuery","queryId":0,"createDatetime":1689039662000,"category":"PRODUCT"},{"quickAction":[{"queryId":261,"queryKey":"GET_OFF_SEP_PERIOD_EXPIRED_DATA","queryText":"select ocd.*, vhb2.offender_id_display, vhb2.last_name, vhb2.first_name, vhb2.middle_name from OFFENDER_CIP_DETAILS ocd, v_header_block vhb2 where date_trunc('day', ocd.expiry_date) <= current_date and vhb2.offender_book_id = ocd.offender_book_id and vhb2.living_unit_id = ( select living_unit_id from living_units lu where lu.living_unit_code = 'FRANKLIN')","queryDesc":"Get Off Sep Period Expired Data","category":"PRODUCT"}],"actionParams":[],"createUserId":"YOGENDRANATH","apiId":"GET_OFF_SEP_PERIOD_EXPIRED_DATA","apiDescription":"Get Off Sep Period Expired Data","queryKey":"GET_OFF_SEP_PERIOD_EXPIRED_DATA","url":"Elite2Web/api/cmdaction/executeSelectQuery","queryId":0,"createDatetime":1689039662000,"category":"PRODUCT"}]