[{"quickAction":[{"queryId":352,"queryKey":"GET_OFFENDER_WARNINGS","queryText":" SELECT\n    oa.offender_book_id offenderBookId,\n    oa.root_offender_id offenderId,\n    (select description from reference_codes rc where domain = 'ALERT' and code = oa.alert_type) alert_type,\n    oa.alert_code code,\n    oa.create_date createDate,\n    oa.expiry_date expiryDate,\n    oa.comment_text,\n    ref_code.description description\nFROM\n    offender_alerts oa,\n    reference_codes ref_code\nWHERE\n    offender_book_id = :offenderBookId\n    and ref_code.domain = 'ALERT_CODE'\n    and ref_code.parent_code= oa.alert_type \n    and ref_code.code= oa.alert_code and\n    oa.alert_status='ACTIVE'","queryDesc":"Get Offender Warnings","category":"CLIENT"}],"actionParams":[{"createUserId":"OMS_OWNER","parameterId":2036,"queryKey":"GET_OFFENDER_WARNINGS","parameterCode":"offenderBookId","parameterDescription":"offenderBookId","parameterType":"Number","createDatetime":1706850316857}],"createUserId":"OMS_OWNER","apiId":"GET_OFFENDER_WARNINGS","apiDescription":"Get Offender Warnings","queryKey":"GET_OFFENDER_WARNINGS","url":"Elite2Web/api/cmdaction/executeSelectQuery","queryId":0,"createDatetime":1667813806000,"modifyDatetime":1706850316000,"modifyUserId":"OMS_OWNER","category":"CLIENT"}]