[{"quickAction":[{"queryId":170,"queryKey":"GET_GLOBAL_STAFF_EMAIL_BY_TEAM_MEMBER","queryText":"select STRING_AGG (ia.internet_address ,\n\t\t',') as internet_address  \n\tfrom  internet_addresses ia ,\n\t team_staff_members tsm\n\twhere\n\towner_id =tsm.staff_id and\n\t team_member_id = :teamMemberId ","queryDesc":"Get Global Staff Email By Team Member","category":"PRODUCT"}],"actionParams":[{"createUserId":"OMS_OWNER","parameterId":241,"queryKey":"GET_GLOBAL_STAFF_EMAIL_BY_TEAM_MEMBER","parameterCode":"teamMemberId","parameterDescription":"teamMemberId","parameterType":"Number","createDatetime":1672657392898,"modifyDatetime":1672657392898}],"createUserId":"OMS_OWNER","apiId":"GET_GLOBAL_STAFF_EMAIL_BY_TEAM_MEMBER","apiDescription":"Get Global Staff Email By Team Member","queryKey":"GET_GLOBAL_STAFF_EMAIL_BY_TEAM_MEMBER","url":"Elite2Web/api/cmdaction/executeSelectQuery","queryId":0,"createDatetime":1672657429000,"modifyDatetime":1672657429000,"category":"PRODUCT"},{"quickAction":[{"queryId":154,"queryKey":"GET_TEAM_CODE","queryText":"select team_code from automation_teams a where team_id =(:teamId)::bigint\n","queryDesc":"Get Team Code","category":"PRODUCT"}],"actionParams":[{"createUserId":"OMS_OWNER","parameterId":211,"queryKey":"GET_TEAM_CODE","parameterCode":"teamId","parameterDescription":"teamId","parameterType":"Number","createDatetime":1668071240176,"modifyDatetime":1668071240176}],"createUserId":"OMS_OWNER","apiId":"GET_TEAM_CODE","apiDescription":"Get Team Code","queryKey":"GET_TEAM_CODE","url":"Elite2Web/api/cmdaction/executeSelectQuery","queryId":0,"createDatetime":1668083861000,"modifyDatetime":1668083861000,"category":"PRODUCT"}]