[{"quickAction":[{"queryId":338,"queryKey":"GET_OFFENDERS_DISCHARGED_LAST_WEEK","queryText":"select\n\toem.offender_book_id\nfrom\n\toffender_external_movements oem\nwhere\n\toem.movement_type = 'REL'\n\tand oem.movement_reason_code in (select movement_reason_code from movement_reasons mr where movement_type = 'REL' and close_contact_flag = 'Y')\n\tand oem.direction_code = 'OUT'\n\tand oem.to_agy_loc_id = 'OUT'\n \tand (sysdate()::date - oem.movement_date::date)<8\n \tand offender_book_id in (SELECT MAX(offender_book_id) AS max_offender_book_id FROM offender_bookings GROUP BY root_offender_id)\n except (select offender_book_id from offender_alerts oa where (alert_code = 'S68' or alert_code = 'ENP') and alert_status = 'ACTIVE')","queryDesc":"Get Offenders Discharged Last Week","category":"CLIENT"}],"actionParams":[],"createUserId":"OMS_OWNER","apiId":"GET_OFFENDERS_DISCHARGED_LAST_WEEK","apiDescription":"Get Offenders Discharged Last Week","queryKey":"GET_OFFENDERS_DISCHARGED_LAST_WEEK","url":"Elite2Web/api/cmdaction/executeSelectQuery","queryId":0,"createDatetime":1667813736000,"modifyDatetime":1706761573000,"modifyUserId":"OMS_OWNER","category":"CLIENT"}]