[{"quickAction":[{"queryId":155,"queryKey":"GET_OFFENDER_PHONE_NUM","queryText":"select\n\tSTRING_AGG(TO_CHAR(phone_no), ',' order by phone_id) as phone_no\nfrom\n\tPHONES\nwhere\n\towner_id = (\n\tselect\n\t\toffender_id\n\tfrom\n\t\tv_header_block\n\twhere\n\t\toffender_book_id = :offenderBookId)\n\t\tand format='MOB' and owner_class ='OFF'","queryDesc":"Get Offender Phone NUmbers","category":"PRODUCT"}],"actionParams":[{"createUserId":"OMS_OWNER","parameterId":1499,"queryKey":"GET_OFFENDER_PHONE_NUM","parameterCode":"offenderBookId","parameterDescription":"Offender Book Id","parameterType":"Number","createDatetime":1694588489433,"modifyDatetime":1694588489433}],"createUserId":"OMS_OWNER","apiId":"GET_OFFENDER_PHONE_NUM","apiDescription":"Offender Phone Numbers","queryKey":"GET_OFFENDER_PHONE_NUM","url":"Elite2Web/api/cmdaction/executeSelectQuery","queryId":0,"createDatetime":1658903214000,"modifyDatetime":1694588489000,"modifyUserId":"AKHILINSIGHTS","category":"PRODUCT"}]