[{"quickAction":[{"queryId":326,"queryKey":"INSERT_MULTIPLE_ALERT_WORKFLOW","queryText":"\ninsert\n\tinto\n\twork_flow_logs (Work_flow_id,\n\tWork_flow_seq,\n\tWork_action_code,\n\tWork_Action_date ,\n\tAction_user_id,\n\twork_flow_status,\n\tcreate_date,\n\tlocate_agy_loc_id ,\n\tcreate_user_id)\nvalues (:work_flow_id,\n:work_flow_seq,\n:work_action_code,\ncurrent_timestamp,\nnull,\n:work_flow_status,\ncurrent_timestamp,\nnull ,\n:createUserId)","queryDesc":"Insert Multiple Alert Work Flow","category":"CLIENT"}],"actionParams":[{"createUserId":"YOGENDRANATH","parameterId":650,"queryKey":"INSERT_MULTIPLE_ALERT_WORKFLOW","parameterCode":"workFlowLogs","parameterDescription":"WorkFlow Logs","parameterType":"List","createDatetime":1697539237578,"modifyDatetime":1697539237578}],"createUserId":"YOGENDRANATH","apiId":"INSERT_MULTIPLE_ALERT_WORKFLOW","apiDescription":"Insert Multiple Alert WorkFlow","queryKey":"INSERT_MULTIPLE_ALERT_WORKFLOW","url":"Elite2Web/api/cmdaction/batchUpdateQuery","queryId":0,"createDatetime":1697539266000,"modifyDatetime":1697539266000,"category":"CLIENT"},{"quickAction":[{"queryId":322,"queryKey":"INSERT_ALERT_WORKFLOW_LOGS","queryText":"insert into work_flow_logs (Work_flow_id, Work_flow_seq, Work_action_code, Work_Action_date , Action_user_id, work_flow_status, create_date, locate_agy_loc_id , create_user_id) values (( select WORK_FLOW_ID from WORK_FLOWS where object_id = :offenderBookId::bigint and object_code = 'ALERT' and object_seq = ( select max(oa.alert_seq) from offender_alerts oa where oa.offender_book_id = :offenderBookId::bigint and oa.alert_type = :alertType and oa.alert_code = :alertCode)), case when :workFlowSeq <> '' then :workFlowSeq::bigint else ( select max(work_flow_seq)+1 from work_flow_logs wfl where work_flow_id in ( select WORK_FLOW_ID from WORK_FLOWS where object_id = :offenderBookId::bigint and object_code = 'ALERT' and object_seq = ( select max(oa.alert_seq) from offender_alerts oa where oa.offender_book_id = :offenderBookId::bigint and oa.alert_type = :alertType and oa.alert_code = :alertCode))) end, :workActionCode, current_timestamp, null, :workFlowStatus, current_timestamp, null , :createUserId);","queryDesc":"Insert Alert Workflow Logs","category":"CLIENT"}],"actionParams":[{"createUserId":"YOGENDRANATH","parameterId":643,"queryKey":"INSERT_ALERT_WORKFLOW_LOGS","parameterCode":"alertCode","parameterDescription":"Alert Code","parameterType":"String","createDatetime":1697539018718,"modifyDatetime":1697539018718},{"createUserId":"YOGENDRANATH","parameterId":644,"queryKey":"INSERT_ALERT_WORKFLOW_LOGS","parameterCode":"alertType","parameterDescription":"Alert Type","parameterType":"String","createDatetime":1697539018718,"modifyDatetime":1697539018718},{"createUserId":"YOGENDRANATH","parameterId":645,"queryKey":"INSERT_ALERT_WORKFLOW_LOGS","parameterCode":"createUserId","parameterDescription":"Create User Id","parameterType":"String","createDatetime":1697539018718,"modifyDatetime":1697539018718},{"createUserId":"YOGENDRANATH","parameterId":646,"queryKey":"INSERT_ALERT_WORKFLOW_LOGS","parameterCode":"offenderBookId","parameterDescription":"offenderBookId","parameterType":"Number","createDatetime":1697539018718,"modifyDatetime":1697539018718},{"createUserId":"YOGENDRANATH","parameterId":647,"queryKey":"INSERT_ALERT_WORKFLOW_LOGS","parameterCode":"workActionCode","parameterDescription":"Work Action Code","parameterType":"String","createDatetime":1697539018718,"modifyDatetime":1697539018718},{"createUserId":"YOGENDRANATH","parameterId":648,"queryKey":"INSERT_ALERT_WORKFLOW_LOGS","parameterCode":"workFlowSeq","parameterDescription":"Work Flow Seq","parameterType":"Number","createDatetime":1697539018718,"modifyDatetime":1697539018718},{"createUserId":"YOGENDRANATH","parameterId":649,"queryKey":"INSERT_ALERT_WORKFLOW_LOGS","parameterCode":"workFlowStatus","parameterDescription":"Work FLow Status","parameterType":"String","createDatetime":1697539018718,"modifyDatetime":1697539018718}],"createUserId":"YOGENDRANATH","apiId":"INSERT_ALERT_WORKFLOW_LOGS","apiDescription":"Insert Alert Work Flow Logs","queryKey":"INSERT_ALERT_WORKFLOW_LOGS","url":"Elite2Web/api/cmdaction/executeUpdateQuery","queryId":0,"createDatetime":1696502755000,"modifyDatetime":1697539018000,"modifyUserId":"YOGENDRANATH","category":"CLIENT"},{"quickAction":[{"queryId":325,"queryKey":"GET_ALERT_WORK_FLOW_LOGS","queryText":"select\n\t*\nfrom\n\twork_flow_logs wfl\nwhere\n\twork_flow_id in (\n\tselect\n\t\tWF.work_flow_id\n\tfrom\n\t\twork_flows wf\n\twhere \n\t\tWF.object_id = :objectId::bigint\n\t\tand wf.object_code = 'ALERT'\n\t\tand wf.object_seq in (select oa.alert_seq from offender_alerts oa where oa.offender_book_id = :objectId::bigint and oa.alert_type = 'S' and oa.alert_status ='ACTIVE')\n\t\t)\n\tand work_action_code = 'VER'\n\tand work_flow_seq = (\n\tselect\n\t\tmax(wfl2.work_flow_seq)\n\tfrom\n\t\twork_flow_logs wfl2\n\twhere\n\t\twfl2.work_flow_id = wfl.work_flow_id)","queryDesc":"Get Alert Work FLow Logs","category":"CLIENT"}],"actionParams":[{"createUserId":"YOGENDRANATH","parameterId":641,"queryKey":"GET_ALERT_WORK_FLOW_LOGS","parameterCode":"objectId","parameterDescription":"Offender Book Id","parameterType":"Number","createDatetime":1697529250707,"modifyDatetime":1697529250707}],"createUserId":"YOGENDRANATH","apiId":"GET_ALERT_WORK_FLOW_LOGS","apiDescription":"Get Alert Work Flow Logs","queryKey":"GET_ALERT_WORK_FLOW_LOGS","url":"Elite2Web/api/cmdaction/executeSelectQuery","queryId":0,"createDatetime":1697529335000,"modifyDatetime":1697529335000,"category":"CLIENT"},{"quickAction":[{"queryId":321,"queryKey":"INSERT_ALERT_WORKFLOW","queryText":"insert into WORK_FLOWS (WORK_FLOW_ID, OBJECT_CODE, OBJECT_ID, OBJECT_SEQ, CREATE_USER_ID) values (NEXTVAL('WORK_FLOW_ID'), 'ALERT', :offenderBookId::bigint, ( select coalesce(max(oa.alert_seq), 0) from offender_alerts oa where oa.alert_type = :alertType and oa.offender_book_id = :offenderBookId::bigint and oa.alert_code = :alertCode), :createUserId)","queryDesc":"Insert Alert Work Flow","category":"CLIENT"}],"actionParams":[{"createUserId":"YOGENDRANATH","parameterId":618,"queryKey":"INSERT_ALERT_WORKFLOW","parameterCode":"alertCode","parameterDescription":"Alert Code","parameterType":"String","createDatetime":1696831117393,"modifyDatetime":1696831117393},{"createUserId":"YOGENDRANATH","parameterId":619,"queryKey":"INSERT_ALERT_WORKFLOW","parameterCode":"alertType","parameterDescription":"Alert Type","parameterType":"String","createDatetime":1696831117393,"modifyDatetime":1696831117393},{"createUserId":"YOGENDRANATH","parameterId":620,"queryKey":"INSERT_ALERT_WORKFLOW","parameterCode":"createUserId","parameterDescription":"Create User Id","parameterType":"String","createDatetime":1696831117393,"modifyDatetime":1696831117393},{"createUserId":"YOGENDRANATH","parameterId":621,"queryKey":"INSERT_ALERT_WORKFLOW","parameterCode":"offenderBookId","parameterDescription":"Offender Book Id","parameterType":"Number","createDatetime":1696831117393,"modifyDatetime":1696831117393}],"createUserId":"YOGENDRANATH","apiId":"INSERT_ALERT_WORKFLOW","apiDescription":"Insert Alert Work Flow","queryKey":"INSERT_ALERT_WORKFLOW","url":"Elite2Web/api/cmdaction/executeUpdateQuery","queryId":0,"createDatetime":1696502755000,"modifyDatetime":1696831117000,"modifyUserId":"YOGENDRANATH","category":"CLIENT"},{"quickAction":[{"queryId":320,"queryKey":"UPDATE_SASH_ALERT_EXPIRY_DATE","queryText":"update\n\toffender_alerts\nset\n\texpiry_date = current_timestamp , alert_status = 'INACTIVE', verified_flag = 'N'\nwhere\n\toffender_book_id = :offenderBookId::bigint\n\tand alert_type = :alertType\n\tand alert_status = :alertStatus","queryDesc":"Update Sash Alert Expiry Date","category":"CLIENT"}],"actionParams":[{"createUserId":"YOGENDRANATH","parameterId":622,"queryKey":"UPDATE_SASH_ALERT_EXPIRY_DATE","parameterCode":"alertCode","parameterDescription":"Alert Code","parameterType":"String","createDatetime":1696831117393,"modifyDatetime":1696831117393},{"createUserId":"YOGENDRANATH","parameterId":623,"queryKey":"UPDATE_SASH_ALERT_EXPIRY_DATE","parameterCode":"alertStatus","parameterDescription":"Alert Status","parameterType":"String","createDatetime":1696831117393,"modifyDatetime":1696831117393},{"createUserId":"YOGENDRANATH","parameterId":624,"queryKey":"UPDATE_SASH_ALERT_EXPIRY_DATE","parameterCode":"alertType","parameterDescription":"Alert Type","parameterType":"String","createDatetime":1696831117393,"modifyDatetime":1696831117393},{"createUserId":"YOGENDRANATH","parameterId":625,"queryKey":"UPDATE_SASH_ALERT_EXPIRY_DATE","parameterCode":"offenderBookId","parameterDescription":"Offender Book Id","parameterType":"Number","createDatetime":1696831117393,"modifyDatetime":1696831117393}],"createUserId":"YOGENDRANATH","apiId":"UPDATE_SASH_ALERT_EXPIRY_DATE","apiDescription":"Update Sash Alert Expiry Date","queryKey":"UPDATE_SASH_ALERT_EXPIRY_DATE","url":"Elite2Web/api/cmdaction/executeUpdateQuery","queryId":0,"createDatetime":1696488029000,"modifyDatetime":1696831117000,"modifyUserId":"YOGENDRANATH","category":"CLIENT"}]