[{"quickAction":[{"queryId":564,"queryKey":"GET_OFFENDER_ALERTS_BY_TYPE_CODE","queryText":"select\n\toffender_book_id,\n\talert_type,\n\talert_code\nfrom\n\toffender_alerts oa\nwhere \n\toffender_book_id = :offenderBookId \n\tand alert_type =:alertType\n\tand alert_code =:alertCode\n\tand alert_status = 'ACTIVE'","queryDesc":"Get Offender Alerts By Type and Code","category":"CLIENT"}],"actionParams":[{"createUserId":"OMS_OWNER","parameterId":2067,"queryKey":"GET_OFFENDER_ALERTS_BY_TYPE_CODE","parameterCode":"alertCode","parameterDescription":"alertCode","parameterType":"String","createDatetime":1707818643698},{"createUserId":"OMS_OWNER","parameterId":2066,"queryKey":"GET_OFFENDER_ALERTS_BY_TYPE_CODE","parameterCode":"alertType","parameterDescription":"alertType","parameterType":"String","createDatetime":1707818643698},{"createUserId":"OMS_OWNER","parameterId":2065,"queryKey":"GET_OFFENDER_ALERTS_BY_TYPE_CODE","parameterCode":"offenderBookId","parameterDescription":"offenderBookId","parameterType":"Number","createDatetime":1707818643698}],"createUserId":"OMS_OWNER","apiId":"GET_OFFENDER_ALERTS_BY_TYPE_CODE","apiDescription":"Get Offender Alerts By Type and Code","queryKey":"GET_OFFENDER_ALERTS_BY_TYPE_CODE","url":"Elite2Web/api/cmdaction/executeSelectQuery","queryId":0,"createDatetime":1707818728000,"category":"CLIENT"},{"quickAction":[{"queryId":566,"queryKey":"GET_LEGAL_ACT_PEND_CONDITIONS","queryText":"select\n\tcount(*)\nfrom\n\toffender_sent_conditions osc,\n\tlegal_update_reasons lur \nwhere\n\toffender_book_id=:offenderBookId and \n\tlur.update_reason_code =osc.condition_status and \n\tlur.active_type <>(select code from reference_codes rc where domain='ACTIVE_TYPE'  and rc.code ='I') and\n  comm_condition_type in ('NCUS','BAIL','PAR') \n   and comm_condition_code in ('HDO-8','HRO-11','FVO-15','BTA-24','PAR-32')","queryDesc":"Get Legal Active or Pending Conditions","category":"CLIENT"}],"actionParams":[{"createUserId":"OMS_OWNER","parameterId":2069,"queryKey":"GET_LEGAL_ACT_PEND_CONDITIONS","parameterCode":"offenderBookId","parameterDescription":"offenderBookId","parameterType":"Number","createDatetime":1707847292580,"modifyDatetime":1707898099560,"modifyUserId":"OMS_OWNER"}],"createUserId":"OMS_OWNER","apiId":"GET_LEGAL_ACT_PEND_CONDITIONS","apiDescription":"Get Legal Active or Pending Conditions","queryKey":"GET_LEGAL_ACT_PEND_CONDITIONS","url":"Elite2Web/api/cmdaction/executeSelectQuery","queryId":0,"createDatetime":1707847352000,"category":"CLIENT"},{"quickAction":[{"queryId":559,"queryKey":"GET_LEGAL_ORDER_STATUS","queryText":"select status from(select\n\t\t\tjsonb_array_elements(legal_summary::jsonb)->>'displayNo' as displayno,\n\t\t\torderType,\n\t\t\tjsonb_array_elements(legal_summary::jsonb)->>'orderNo' as orderno,\n\t\t\t\n\t\t\tjsonb_array_elements(legal_summary::jsonb)->>'status' as \"status\"\t\t\t\n\t\tfrom\n\t\t\t(\n\t\t\tselect\n\t\t\t\toffenderBookId,\n\t\t\t\torderType,\n\t\t\t\titems ->> 0 as Legal_Summary\n\t\t\tfrom\n\t\t\t\t(\n\t\t\t\tselect\n\t\t\t\t\tform_identifier::jsonb->> 'offenderBookId' as offenderbookid,\n\t\t\t\t\tform_identifier::jsonb->> 'orderType' as orderType,\n\t\t\t\t\tform_info_json,\n\t\t\t\t\tjsonb_path_query_array( encode(form_info_json,\n\t\t\t\t\t'escape')::jsonb,\n\t\t\t\t\t'$.*') as items\n\t\t\t\tfrom\n\t\t\t\t\tocdleglo_data\n                    ) as t\n\t\t\twhere\n\t\t\t\toffenderbookid =:offenderBookId\n\t\t\t\tand orderType=:orderCategory\n\t\t\t\t)A )B where \n\t\t\t\tB.orderno=:orderNo ","queryDesc":"Get Legal Order Status","category":"CLIENT"}],"actionParams":[{"createUserId":"OMS_OWNER","parameterId":2058,"queryKey":"GET_LEGAL_ORDER_STATUS","parameterCode":"offenderBookId","parameterDescription":"offenderBookId","parameterType":"String","createDatetime":1707474031783},{"createUserId":"OMS_OWNER","parameterId":2064,"queryKey":"GET_LEGAL_ORDER_STATUS","parameterCode":"orderCategory","parameterDescription":"orderCategory","parameterType":"String","createDatetime":1707817014286},{"createUserId":"OMS_OWNER","parameterId":2059,"queryKey":"GET_LEGAL_ORDER_STATUS","parameterCode":"orderNo","parameterDescription":"orderNo","parameterType":"String","createDatetime":1707474031783}],"createUserId":"OMS_OWNER","apiId":"GET_LEGAL_ORDER_STATUS","apiDescription":"Get Legal Order Status","queryKey":"GET_LEGAL_ORDER_STATUS","url":"Elite2Web/api/cmdaction/executeSelectQuery","queryId":0,"createDatetime":1707474297000,"category":"CLIENT"},{"quickAction":[{"queryId":563,"queryKey":"GET_OFFENDER_CUST_ORDER_COUNT","queryText":"\n\t\tselect count(*) as order_count from(select\n\t\t\torderType,\n\t\t\tjsonb_array_elements(legal_summary::jsonb)->>'status' as \"status\"\t\t\t\n\t\tfrom\n\t\t\t(\n\t\t\tselect\n\t\t\t\toffenderBookId,\n\t\t\t\torderType,\n\t\t\t\titems ->> 0 as Legal_Summary\n\t\t\tfrom\n\t\t\t\t(\n\t\t\t\tselect\n\t\t\t\t\tform_identifier::jsonb->> 'offenderBookId' as offenderbookid,\n\t\t\t\t\tform_identifier::jsonb->> 'orderType' as orderType,\n\t\t\t\t\tform_info_json,\n\t\t\t\t\tjsonb_path_query_array( encode(form_info_json,\n\t\t\t\t\t'escape')::jsonb,\n\t\t\t\t\t'$.*') as items\n\t\t\t\tfrom\n\t\t\t\t\tocdleglo_data\n                    ) as t\n\t\t\twhere\n\t\t\t\toffenderbookid = :offenderBookId\n\t\t\t\tand orderType = 'CUST'\n\t\t\t\t)A )B where\n\t\t\t\tB.status In('ACT','PEND')","queryDesc":"Get Offender Custodial Orders ","category":"CLIENT"}],"actionParams":[{"createUserId":"OMS_OWNER","parameterId":2063,"queryKey":"GET_OFFENDER_CUST_ORDER_COUNT","parameterCode":"offenderBookId","parameterDescription":"offenderBookId","parameterType":"String","createDatetime":1707811082448}],"createUserId":"OMS_OWNER","apiId":"GET_OFFENDER_CUST_ORDER_COUNT","apiDescription":"Get Offender Custodial Orders ","queryKey":"GET_OFFENDER_CUST_ORDER_COUNT","url":"Elite2Web/api/cmdaction/executeSelectQuery","queryId":0,"createDatetime":1707816386000,"category":"CLIENT"},{"quickAction":[{"queryId":471,"queryKey":"INSERT_ALERT_WORKFLOW_LOGS","queryText":"insert into work_flow_logs (Work_flow_id, Work_flow_seq, Work_action_code, Work_Action_date , Action_user_id, work_flow_status, create_date, locate_agy_loc_id , create_user_id,create_datetime) values (( select WORK_FLOW_ID from WORK_FLOWS where object_id = :offenderBookId::bigint and object_code = 'ALERT' and object_seq = ( select max(oa.alert_seq) from offender_alerts oa where oa.offender_book_id = :offenderBookId::bigint and oa.alert_type = :alertType and oa.alert_code = :alertCode)), case when :workFlowSeq <> '' then :workFlowSeq::bigint else ( select max(work_flow_seq)+1 from work_flow_logs wfl where work_flow_id in ( select WORK_FLOW_ID from WORK_FLOWS where object_id = :offenderBookId::bigint and object_code = 'ALERT' and object_seq = ( select max(oa.alert_seq) from offender_alerts oa where oa.offender_book_id = :offenderBookId::bigint and oa.alert_type = :alertType and oa.alert_code = :alertCode))) end, :workActionCode, current_timestamp, null, :workFlowStatus, current_timestamp, null , :createUserId,current_timestamp)","queryDesc":"Insert Alert Workflow Logs","category":"CLIENT"}],"actionParams":[{"createUserId":"YOGENDRANATH","parameterId":1819,"queryKey":"INSERT_ALERT_WORKFLOW_LOGS","parameterCode":"alertCode","parameterDescription":"Alert Code","parameterType":"String","createDatetime":1702264849038,"modifyDatetime":1702264849038},{"createUserId":"YOGENDRANATH","parameterId":1820,"queryKey":"INSERT_ALERT_WORKFLOW_LOGS","parameterCode":"alertType","parameterDescription":"Alert Type","parameterType":"String","createDatetime":1702264849038,"modifyDatetime":1702264849038},{"createUserId":"YOGENDRANATH","parameterId":1821,"queryKey":"INSERT_ALERT_WORKFLOW_LOGS","parameterCode":"createUserId","parameterDescription":"Create User Id","parameterType":"String","createDatetime":1702264849038,"modifyDatetime":1702264849038},{"createUserId":"YOGENDRANATH","parameterId":1822,"queryKey":"INSERT_ALERT_WORKFLOW_LOGS","parameterCode":"offenderBookId","parameterDescription":"offenderBookId","parameterType":"Number","createDatetime":1702264849038,"modifyDatetime":1702264849038},{"createUserId":"YOGENDRANATH","parameterId":1823,"queryKey":"INSERT_ALERT_WORKFLOW_LOGS","parameterCode":"workActionCode","parameterDescription":"Work Action Code","parameterType":"String","createDatetime":1702264849038,"modifyDatetime":1702264849038},{"createUserId":"YOGENDRANATH","parameterId":1824,"queryKey":"INSERT_ALERT_WORKFLOW_LOGS","parameterCode":"workFlowSeq","parameterDescription":"Work Flow Seq","parameterType":"Number","createDatetime":1702264849038,"modifyDatetime":1702264849038},{"createUserId":"YOGENDRANATH","parameterId":1825,"queryKey":"INSERT_ALERT_WORKFLOW_LOGS","parameterCode":"workFlowStatus","parameterDescription":"Work FLow Status","parameterType":"String","createDatetime":1702264849038,"modifyDatetime":1702264849038}],"createUserId":"OMS_OWNER","apiId":"INSERT_ALERT_WORKFLOW_LOGS","apiDescription":"Insert Alert Work Flow Logs","queryKey":"INSERT_ALERT_WORKFLOW_LOGS","url":"Elite2Web/api/cmdaction/executeUpdateQuery","queryId":0,"createDatetime":1697521833000,"modifyDatetime":1702264849000,"modifyUserId":"OMS_OWNER","category":"CLIENT"},{"quickAction":[{"queryId":473,"queryKey":"INSERT_ALERT_WORKFLOW","queryText":"insert into WORK_FLOWS (WORK_FLOW_ID, OBJECT_CODE, OBJECT_ID, OBJECT_SEQ, CREATE_USER_ID,create_datetime) values (NEXTVAL('WORK_FLOW_ID'), 'ALERT', :offenderBookId::bigint, ( select coalesce(max(oa.alert_seq), 0) from offender_alerts oa where oa.alert_type = :alertType and oa.offender_book_id = :offenderBookId::bigint and oa.alert_code = :alertCode), :createUserId,current_timestamp)","queryDesc":"Insert Alert Work Flow","category":"CLIENT"}],"actionParams":[{"createUserId":"YOGENDRANATH","parameterId":1635,"queryKey":"INSERT_ALERT_WORKFLOW","parameterCode":"alertCode","parameterDescription":"Alert Code","parameterType":"String","createDatetime":1701055016614,"modifyDatetime":1701055016614},{"createUserId":"YOGENDRANATH","parameterId":1636,"queryKey":"INSERT_ALERT_WORKFLOW","parameterCode":"alertType","parameterDescription":"Alert Type","parameterType":"String","createDatetime":1701055016614,"modifyDatetime":1701055016614},{"createUserId":"YOGENDRANATH","parameterId":1637,"queryKey":"INSERT_ALERT_WORKFLOW","parameterCode":"createUserId","parameterDescription":"Create User Id","parameterType":"String","createDatetime":1701055016614,"modifyDatetime":1701055016614},{"createUserId":"YOGENDRANATH","parameterId":1638,"queryKey":"INSERT_ALERT_WORKFLOW","parameterCode":"offenderBookId","parameterDescription":"Offender Book Id","parameterType":"Number","createDatetime":1701055016614,"modifyDatetime":1701055016614}],"createUserId":"OMS_OWNER","apiId":"INSERT_ALERT_WORKFLOW","apiDescription":"Insert Alert Work Flow","queryKey":"INSERT_ALERT_WORKFLOW","url":"Elite2Web/api/cmdaction/executeUpdateQuery","queryId":0,"createDatetime":1697521833000,"modifyDatetime":1701055016000,"modifyUserId":"OMS_OWNER","category":"CLIENT"},{"quickAction":[{"queryId":477,"queryKey":"INSERT_OFFENDER_ALERTS","queryText":"insert into offender_alerts(alert_date, offender_book_id, root_offender_id, alert_seq, alert_type, alert_code, create_date, alert_status, verified_flag, expiry_date, caseload_type, modify_datetime, create_datetime, create_user_id) values( case when :alertdate = '' then current_timestamp else TO_TIMESTAMP(:alertdate, 'YYYY-MM-DD\"T\"HH24:MI:SS') end, :offenderbookid::bigint, ( select root_offender_id from offender_bookings where offender_book_id = :offenderbookid::bigint), ( select coalesce(max(alert_seq), 0) + 1 from offender_alerts where offender_book_id = :offenderbookid::bigint), :alerttype, :alertcode, current_timestamp, :alertstatus, :verifiedflag, case when :expirydate = '' then null else TO_TIMESTAMP(:expirydate, 'YYYY-MM-DD\"T\"HH24:MI:SS') end, :caseloadType, current_timestamp, current_timestamp, :createuserid)","queryDesc":"Insert Offender Alerts","category":"CLIENT"}],"actionParams":[{"createUserId":"YOGENDRANATH","parameterId":1639,"queryKey":"INSERT_OFFENDER_ALERTS","parameterCode":"alertcode","parameterDescription":"Alert Code","parameterType":"String","createDatetime":1701055016614,"modifyDatetime":1701055016614},{"createUserId":"YOGENDRANATH","parameterId":1640,"queryKey":"INSERT_OFFENDER_ALERTS","parameterCode":"alertdate","parameterDescription":"Alert Date","parameterType":"String","createDatetime":1701055016614,"modifyDatetime":1701055016614},{"createUserId":"YOGENDRANATH","parameterId":1641,"queryKey":"INSERT_OFFENDER_ALERTS","parameterCode":"alertstatus","parameterDescription":"Alert Status","parameterType":"String","createDatetime":1701055016614,"modifyDatetime":1701055016614},{"createUserId":"YOGENDRANATH","parameterId":1642,"queryKey":"INSERT_OFFENDER_ALERTS","parameterCode":"alerttype","parameterDescription":"Alert Type","parameterType":"String","createDatetime":1701055016614,"modifyDatetime":1701055016614},{"createUserId":"YOGENDRANATH","parameterId":1643,"queryKey":"INSERT_OFFENDER_ALERTS","parameterCode":"caseloadType","parameterDescription":"Caseload Type","parameterType":"String","createDatetime":1701055016614,"modifyDatetime":1701055016614},{"createUserId":"YOGENDRANATH","parameterId":1644,"queryKey":"INSERT_OFFENDER_ALERTS","parameterCode":"createuserid","parameterDescription":"Create User Id","parameterType":"String","createDatetime":1701055016614,"modifyDatetime":1701055016614},{"createUserId":"YOGENDRANATH","parameterId":1645,"queryKey":"INSERT_OFFENDER_ALERTS","parameterCode":"expirydate","parameterDescription":"Expiry Date","parameterType":"String","createDatetime":1701055016614,"modifyDatetime":1701055016614},{"createUserId":"YOGENDRANATH","parameterId":1646,"queryKey":"INSERT_OFFENDER_ALERTS","parameterCode":"offenderbookid","parameterDescription":"Offender Book Id","parameterType":"Number","createDatetime":1701055016614,"modifyDatetime":1701055016614},{"createUserId":"YOGENDRANATH","parameterId":1647,"queryKey":"INSERT_OFFENDER_ALERTS","parameterCode":"verifiedflag","parameterDescription":"Verified Flag","parameterType":"String","createDatetime":1701055016614,"modifyDatetime":1701055016614}],"createUserId":"OMS_OWNER","apiId":"INSERT_OFFENDER_ALERTS","apiDescription":"Insert Offender Alerts","queryKey":"INSERT_OFFENDER_ALERTS","url":"Elite2Web/api/cmdaction/executeUpdateQuery","queryId":0,"createDatetime":1698104779000,"modifyDatetime":1701055016000,"modifyUserId":"OMS_OWNER","category":"CLIENT"}]