[{"quickAction":[{"queryId":267,"queryKey":"FORMAT_PERSON_RECORDS_REQUEST_WITH_NAMES","queryText":"select * from dual","queryDesc":"Format Person Records Request With Names","category":"PRODUCT"}],"actionParams":[{"createUserId":"NAVI","parameterId":467,"queryKey":"FORMAT_PERSON_RECORDS_REQUEST_WITH_NAMES","parameterCode":"staffDetails","parameterDescription":"Staff Details","parameterType":"String","createDatetime":1690806752611},{"createUserId":"NAVI","parameterId":468,"queryKey":"FORMAT_PERSON_RECORDS_REQUEST_WITH_NAMES","parameterCode":"specificationKey","parameterDescription":"Specification Key","parameterType":"String","createDatetime":1690806752611},{"createUserId":"NAVI","parameterId":469,"queryKey":"FORMAT_PERSON_RECORDS_REQUEST_WITH_NAMES","parameterCode":"pFirstName","parameterDescription":"First Name","parameterType":"String","createDatetime":1690806752611},{"createUserId":"NAVI","parameterId":470,"queryKey":"FORMAT_PERSON_RECORDS_REQUEST_WITH_NAMES","parameterCode":"pLastName","parameterDescription":"Last Name","parameterType":"String","createDatetime":1690806752611},{"createUserId":"NAVI","parameterId":471,"queryKey":"FORMAT_PERSON_RECORDS_REQUEST_WITH_NAMES","parameterCode":"pMiddleName","parameterDescription":"Middel Name","parameterType":"String","createDatetime":1690806752611},{"createUserId":"NAVI","parameterId":473,"queryKey":"FORMAT_PERSON_RECORDS_REQUEST_WITH_NAMES","parameterCode":"pBirthDate","parameterDescription":"Date Of Birth","parameterType":"String","createDatetime":1690806752611},{"createUserId":"NAVI","parameterId":474,"queryKey":"FORMAT_PERSON_RECORDS_REQUEST_WITH_NAMES","parameterCode":"intCorrelationId","parameterDescription":"Int Correlation Id","parameterType":"String","createDatetime":1690806752611},{"createUserId":"NAVI","parameterId":472,"queryKey":"FORMAT_PERSON_RECORDS_REQUEST_WITH_NAMES","parameterCode":"secondMiddleName","parameterDescription":"Second Middle Name","parameterType":"String","createDatetime":1690806752611,"modifyDatetime":1690807776046,"modifyUserId":"NAVI"},{"createUserId":"NAVI","parameterId":486,"queryKey":"FORMAT_PERSON_RECORDS_REQUEST_WITH_NAMES","parameterCode":"moduleName","parameterDescription":"Module Name","parameterType":"String","createDatetime":1691406226171}],"createUserId":"NAVI","apiId":"FORMAT_PERSON_RECORDS_REQUEST_WITH_NAMES","apiDescription":"Format Person Records Request With Names","queryKey":"FORMAT_PERSON_RECORDS_REQUEST_WITH_NAMES","url":"Elite2Web/api/serviceBusController/convertJson","queryId":0,"createDatetime":1690806952000,"category":"PRODUCT"}]