[{"quickAction":[{"queryId":185,"queryKey":"GET_OFFENDER_BOOK_ID_FOR_OID","queryText":"select max(offender_book_id) offender_book_id from v_offenders where offender_id_display = :offenderIdDisplay","queryDesc":"Get offender book id for display id","category":"CLIENT"}],"actionParams":[{"createUserId":"OMS_OWNER","parameterId":293,"queryKey":"GET_OFFENDER_BOOK_ID_FOR_OID","parameterCode":"offenderIdDisplay","parameterDescription":"Offender Id Display","parameterType":"String","createDatetime":1675289573488,"modifyDatetime":1675289573488}],"createUserId":"OMS_OWNER","apiId":"GET_OFFENDER_BOOK_ID_FOR_OID","apiDescription":"Get offender book id for display Id","queryKey":"GET_OFFENDER_BOOK_ID_FOR_OID","url":"Elite2Web/api/cmdaction/executeSelectQuery","queryId":0,"createDatetime":1675289632000,"modifyDatetime":1675289632000,"category":"CLIENT"},{"quickAction":[{"queryId":172,"queryKey":"GET_OFFENDER_PROFILE_DETAILS","queryText":"select\n\t(\n\tselect\n\t\tprofile_code nationality\n\tfrom\n\t\tOFFENDER_PROFILE_DETAILS\n\twhere\n\t\tprofile_type = 'CULTURE'\n\t\tand offender_book_id = :offenderBookId) as nationality,\n\t\t(\n\tselect\n\t\tprofile_code hair\n\tfrom\n\t\tOFFENDER_PROFILE_DETAILS\n\twhere\n\t\tprofile_type = 'HAIR'\n\t\tand offender_book_id = :offenderBookId) as hair,\n\t\t(\n\tselect\n\t\tprofile_code eye\n\tfrom\n\t\tOFFENDER_PROFILE_DETAILS\n\twhere\n\t\tprofile_type = 'EYE'\n\t\tand offender_book_id = :offenderBookId) as eye,\n\t\t(\n\t\tselect\n\t\tprofile_code build\n\tfrom\n\t\tOFFENDER_PROFILE_DETAILS\n\twhere\n\t\tprofile_type = 'BUILD'\n\t\tand offender_book_id = :offenderBookId) as build,\n\t\t(select\n\t\tprofile_code ethnicity\n\tfrom\n\t\tOFFENDER_PROFILE_DETAILS\n\twhere\n\t\tprofile_type = 'ETHNICITY'\n\t\tand offender_book_id = :offenderBookId) as ethnicity,\n\t\t(select\n\t\tprofile_code religion\n\tfrom\n\t\tOFFENDER_PROFILE_DETAILS\n\twhere\n\t\tprofile_type = 'RELIGION'\n\t\tand offender_book_id = :offenderBookId) religion,\n\t'TBD' descriptionDate","queryDesc":"Get Offender Profile Details","category":"CLIENT"}],"actionParams":[{"createUserId":"KARTHI","parameterId":250,"queryKey":"GET_OFFENDER_PROFILE_DETAILS","parameterCode":"offenderBookId","parameterDescription":"Offender Book Id","parameterType":"Number","createDatetime":1673337144300,"modifyDatetime":1673338451304,"modifyUserId":"KARTHI"}],"createUserId":"KARTHI","apiId":"GET_OFFENDER_PROFILE_DETAILS","apiDescription":"Get Offender Profile Details","queryKey":"GET_OFFENDER_PROFILE_DETAILS","url":"Elite2Web/api/cmdaction/executeSelectQuery","queryId":0,"createDatetime":1673337182000,"modifyDatetime":1673337182000,"category":"CLIENT"},{"quickAction":[{"queryId":137,"queryKey":"GET_OFFENDER_FINANCIAL_DETAILS","queryText":"SELECT\n    osa.balance,\n    ota.current_balance,\n    ot.apply_spending_limit_amount\nFROM\n    v_offenders vo\nLEFT JOIN LATERAL (\n    SELECT\n        osa1.balance,\n        osa1.trust_account_code\n    FROM\n        offender_sub_accounts osa1\n    WHERE\n        osa1.offender_id = vo.offender_id\n    ORDER BY\n        osa1.trust_account_code DESC\n    LIMIT 1\n) osa ON true\nLEFT JOIN LATERAL (\n    SELECT\n        ota1.current_balance\n    FROM\n        offender_trust_accounts ota1\n    WHERE\n        ota1.offender_id = vo.offender_id\n    ORDER BY\n        ota1.offender_id DESC\n    LIMIT 1\n) ota ON true\nLEFT JOIN LATERAL (\n    SELECT\n        ot1.apply_spending_limit_amount\n    FROM\n        offender_transactions ot1\n    WHERE\n        ot1.offender_id = vo.offender_id\n    ORDER BY\n        ot1.txn_id DESC, ot1.txn_entry_seq DESC\n    LIMIT 1\n) ot ON true\nWHERE\n    vo.offender_book_id = :offenderBookId","queryDesc":"Get Offender Financial Details","category":"CLIENT"}],"actionParams":[{"createUserId":"OMS_OWNER","parameterId":174,"queryKey":"GET_OFFENDER_FINANCIAL_DETAILS","parameterCode":"offenderBookId","parameterDescription":"Offender Book Id","parameterType":"Number","createDatetime":1667600568236,"modifyDatetime":1667600568236}],"createUserId":"OMS_OWNER","apiId":"GET_OFFENDER_FINANCIAL_DETAILS","apiDescription":"Get Offender Financial Details","queryKey":"GET_OFFENDER_FINANCIAL_DETAILS","url":"Elite2Web/api/cmdaction/executeSelectQuery","queryId":0,"createDatetime":1667600599000,"modifyDatetime":1667600599000,"category":"CLIENT"}]