[{"quickAction":[{"queryId":542,"queryKey":"GET_PAROLE_ORDER_DETAILS","queryText":"select\n\tcast(number as numeric) as number,\n\tissuedDate,\n\t(select DESCRIPTION  from sentence_calc_types sct where sentence_calc_type = typeCode and sentence_category = 'PAR') as typecode ,\n\t(select description from agency_locations al where agy_loc_id = authority) as originCode ,\n\torderStartDate,\n\torderEndDate\nfrom\n\t(\n\tselect\n\t\t\tjsonb_array_elements(legal_summary::jsonb)->>'orderNo' as number,\n\t\t\tjsonb_array_elements(legal_summary::jsonb)->>'hearingDate' as issuedDate,\n\t\t\tjsonb_array_elements(legal_summary::jsonb)->>'sentenceCalcType' as typeCode,\n\t\t\tjsonb_array_elements(legal_summary::jsonb)->>'authority' as authority,\n\t\t\tjsonb_array_elements(legal_summary::jsonb)->>'commenceDate' as orderStartDate,\n\t\t\tjsonb_array_elements(legal_summary::jsonb)->>'expiryDate' as orderEndDate\n\tfrom\n\t\t\t(\n\t\tselect\n\t\t\t\toffenderBookId,\n\t\t\t\torderType,\n\t\t\t\tform_info_json,\n\t\t\t\titems ->> 0 as Legal_Summary\n\t\tfrom\n\t\t\t\t(\n\t\t\tselect\n\t\t\t\t\tform_identifier::jsonb->> 'offenderBookId' as offenderbookid,\n\t\t\t\t\tform_identifier::jsonb->> 'orderType' as orderType,\n\t\t\t\t\tform_info_json,\n\t\t\t\t\tjsonb_path_query_array( encode(form_info_json,\n\t\t\t\t\t'escape')::jsonb,\n\t\t\t\t\t'$.*') as items\n\t\t\tfrom\n\t\t\t\t\tocdleglo_data\n) as t\n\t\twhere\n\t\t\t\toffenderbookid = :offenderbookid::text\n\t\t\tand orderType = 'PAR')A)A\norder by\n\tnumber","queryDesc":"Get Parole Order Details","category":"CLIENT"}],"actionParams":[{"createUserId":"OMS_OWNER","parameterId":2080,"queryKey":"GET_PAROLE_ORDER_DETAILS","parameterCode":"offenderbookid","parameterDescription":"Offender Book Id","parameterType":"Number","createDatetime":1708494471037}],"createUserId":"OMS_OWNER","apiId":"GET_PAROLE_ORDER_DETAILS","apiDescription":"Get Parole Order Details","queryKey":"GET_PAROLE_ORDER_DETAILS","url":"Elite2Web/api/cmdaction/executeSelectQuery","queryId":0,"createDatetime":1706572617000,"modifyDatetime":1708494471000,"modifyUserId":"OMS_OWNER","category":"CLIENT"},{"quickAction":[{"queryId":541,"queryKey":"GET_PAROLE_DATE_DETAILS","queryText":"select\n\tcase\n\t\twhen bkgpcd is null then lead(bkgpcd,\n\t\t1) over(\n\torder by\n\t\tdatetype)\n\t\telse bkgpcd\n\tend as paroleCommenceDate,\n\tcase\n\t\twhen bkgpexd is null then lead(bkgpexd,\n\t\t1) over(\n\torder by\n\t\tdatetype)\n\t\telse bkgpexd\n\tend as paroleExpiryDate\nfrom\n\t(\n\tselect\n\t\t*,\n\t\tcase when dateType = 'booking_PCD' then\n\t\tcase when indefinite = 'true' then 'Indefinite' else datevalue end end as bkgPcd,\n\t\tcase when dateType = 'booking_PEXD' then\n\t\tcase when indefinite = 'true' then 'Indefinite' else datevalue end end as bkgPexd\n\tfrom\n\t\t(\n\t\tselect\n\t\t\tjsonb_array_elements(Cust_Orders1::jsonb)->>'dateType' as dateType,\n\t\t\tjsonb_array_elements(Cust_Orders1::jsonb)->>'dateValue' as dateValue,\n\t\t\tjsonb_array_elements(Cust_Orders1::jsonb)->>'indefinite' as indefinite\n\t\tfrom\n\t\t\t(\n\t\t\tselect\n\t\t\t\titems ->> 1 as Cust_Orders1\n\t\t\tfrom\n\t\t\t\t(\n\t\t\t\tselect\n\t\t\t\t\tform_identifier::jsonb->>'offenderBookId' as offenderbookid,\n\t\t\t\t\tform_info_json,\n\t\t\t\t\tjsonb_path_query_array(encode(form_info_json,\n\t\t\t\t\t'escape')::jsonb,\n\t\t\t\t\t'$.*') as items\n\t\t\t\tfrom\n\t\t\t\t\tocdlegls_data) as t\n\t\t\twhere\n\t\t\t\toffenderbookid = :offenderBookId::text) as LEGAL_SUMMARY) A\n\twhere\n\t\tdatetype\n\t\t\t\tin ('booking_PEXD', 'booking_PCD'))A\nlimit 1","queryDesc":"Get Parole Date Details","category":"CLIENT"}],"actionParams":[{"createUserId":"OMS_OWNER","parameterId":2079,"queryKey":"GET_PAROLE_DATE_DETAILS","parameterCode":"offenderBookId","parameterDescription":"Offender Book Id","parameterType":"Number","createDatetime":1708494471037}],"createUserId":"OMS_OWNER","apiId":"GET_PAROLE_DATE_DETAILS","apiDescription":"Get Parole Date Details","queryKey":"GET_PAROLE_DATE_DETAILS","url":"Elite2Web/api/cmdaction/executeSelectQuery","queryId":0,"createDatetime":1706572617000,"modifyDatetime":1708494471000,"modifyUserId":"OMS_OWNER","category":"CLIENT"}]