[{"quickAction":[{"queryId":137,"queryKey":"GET_OFFICERS_MAIL_ID","queryText":"select\n\t\tsm.mail_id,\n\t\tvo.offender_book_id,\n\t\tvo.offender_id_display,\n\t\tvo.first_name,\n\t\tvo.last_name\n\tfrom\n\t\tstaff_members sm,\n\t\tcase_plans cp,\n\t\t(\n\t\tselect\n\t\t\tvo.offender_book_id,\n\t\t\tvo.offender_id_display,\n\t\t\tvo.first_name,\n\t\t\tvo.last_name\n\t\tfrom\n\t\t\tv_offenders vo\n\t\twhere\n\t\t\tnot exists (\n\t\t\tselect\n\t\t\t\t*\n\t\t\tfrom\n\t\t\t\toffender_case_notes ocn\n\t\t\twhere\n\t\t\t\tvo.offender_book_id = ocn.offender_book_id)\n\t\t\tand active_flag = 'Y'\n\tunion\n\t\tselect\n\t\t\tvo.offender_book_id,\n\t\t\tvo.offender_id_display,\n\t\t\tvo.first_name,\n\t\t\tvo.last_name\n\t\tfrom\n\t\t\tv_offenders vo,\n\t\t\toffender_case_notes ocn\n\t\twhere\n\t\t\tvo.offender_book_id = ocn.offender_book_id\n\t\t\tand active_flag = 'Y'\n\t\t\tand (sysdate()::date - create_datetime::date)>7) vo\n\twhere\n\t\tsm.staff_id = cp.Sac_staff_id\n\t\tand cp.case_plan_status = 'ACTIVE'\n\t\tand cp.offender_book_id = vo.offender_book_id","queryDesc":"Get Officers Mail Id","category":"CLIENT"}],"actionParams":[],"createUserId":"OMS_OWNER","apiId":"GET_OFFICERS_MAIL_ID","apiDescription":"Get officers mail Id","queryKey":"GET_OFFICERS_MAIL_ID","url":"Elite2Web/api/cmdaction/executeSelectQuery","queryId":0,"createDatetime":1670584257000,"modifyDatetime":1688671685000,"modifyUserId":"OMS_OWNER","category":"CLIENT"}]