[{"quickAction":[{"queryId":316,"queryKey":"GET_PAROLE_COND_DETAILS","queryText":"SELECT\n    seq.sentence_seq,\n    COALESCE(\n        (\n            SELECT json_agg(json_build_object(\n                'number', offender_sent_condition_id,\n                'text', long_comment_text\n            ))\n            FROM offender_sent_conditions o\n            WHERE o.sentence_seq = seq.sentence_seq\n                AND o.offender_book_id = :offenderBookId\n                AND o.comm_condition_type = 'PAR'\n        ), '[]'::json\n    ) AS conditions\nFROM (\n    SELECT unnest(array[string_to_array(:sentenceSeq, ',')])::Integer AS sentence_seq \n) AS seq\nORDER BY\n    seq.sentence_seq","queryDesc":"Get Parole Condition Details","category":"CLIENT"}],"actionParams":[{"createUserId":"OMS_OWNER","parameterId":566,"queryKey":"GET_PAROLE_COND_DETAILS","parameterCode":"offenderBookId","parameterDescription":"Offender Book Id","parameterType":"Number","createDatetime":1695885319739,"modifyDatetime":1695885319739},{"createUserId":"OMS_OWNER","parameterId":567,"queryKey":"GET_PAROLE_COND_DETAILS","parameterCode":"sentenceSeq","parameterDescription":"Sentence Seq","parameterType":"String","createDatetime":1695885319739,"modifyDatetime":1695952944213,"modifyUserId":"OMS_OWNER"}],"createUserId":"OMS_OWNER","apiId":"GET_PAROLE_COND_DETAILS","apiDescription":"Get Parole Condition Details","queryKey":"GET_PAROLE_COND_DETAILS","url":"Elite2Web/api/cmdaction/executeSelectQuery","queryId":0,"createDatetime":1695885396000,"modifyDatetime":1695885396000,"category":"CLIENT"},{"quickAction":[{"queryId":315,"queryKey":"GET_PAROLE_ORDER_DETAILS","queryText":"select\n\tcast(number as numeric) as number,\n\tissuedDate,\n\ttypeCode,\n\toriginCode,\n\torderStartDate,\n\torderEndDate\nfrom\n\t(\n\tselect\n\t\t\tjsonb_array_elements(legal_summary::jsonb)->>'orderNo' as number,\n\t\t\tjsonb_array_elements(legal_summary::jsonb)->>'hearingDate' as issuedDate,\n\t\t\tjsonb_array_elements(legal_summary::jsonb)->>'sentenceCalcType' as typeCode,\n\t\t\t\tjsonb_array_elements(legal_summary::jsonb)->>'orderType' as originCode,\n\t\t\tjsonb_array_elements(legal_summary::jsonb)->>'commenceDate' as orderStartDate,\n\t\t\tjsonb_array_elements(legal_summary::jsonb)->>'expiryDate' as orderEndDate\n\tfrom\n\t\t\t(\n\t\tselect\n\t\t\t\toffenderBookId,\n\t\t\t\torderType,\n\t\t\t\tform_info_json,\n\t\t\t\titems ->> 0 as Legal_Summary\n\t\tfrom\n\t\t\t\t(\n\t\t\tselect\n\t\t\t\t\tform_identifier::jsonb->> 'offenderBookId' as offenderbookid,\n\t\t\t\t\tform_identifier::jsonb->> 'orderType' as orderType,\n\t\t\t\t\tform_info_json,\n\t\t\t\t\tjsonb_path_query_array( encode(form_info_json,\n\t\t\t\t\t'escape')::jsonb,\n\t\t\t\t\t'$.*') as items\n\t\t\tfrom\n\t\t\t\t\tocdleglo_data\n) as t\n\t\twhere\n\t\t\t\toffenderbookid = :offenderbookid::text\n\t\t\tand orderType = 'PAR')A)A\norder by\n\tnumber","queryDesc":"Get Parole Order Details","category":"CLIENT"}],"actionParams":[{"createUserId":"OMS_OWNER","parameterId":565,"queryKey":"GET_PAROLE_ORDER_DETAILS","parameterCode":"offenderbookid","parameterDescription":"Offender Book Id","parameterType":"Number","createDatetime":1695879365081,"modifyDatetime":1695890289867,"modifyUserId":"OMS_OWNER"}],"createUserId":"OMS_OWNER","apiId":"GET_PAROLE_ORDER_DETAILS","apiDescription":"Get Parole Order Details","queryKey":"GET_PAROLE_ORDER_DETAILS","url":"Elite2Web/api/cmdaction/executeSelectQuery","queryId":0,"createDatetime":1695879429000,"modifyDatetime":1695879429000,"category":"CLIENT"},{"quickAction":[{"queryId":314,"queryKey":"GET_PAROLE_DATE_DETAILS","queryText":"SELECT\n\tMAX((CASE WHEN LEGAL_SUMMARY_2.dateType = 'booking_PEXD' and LEGAL_SUMMARY_2.indefinite = 'true'  THEN 'Indefinite' else LEGAL_SUMMARY_2.datevalue  END)) AS paroleExpiryDate,\n\tMAX((CASE WHEN LEGAL_SUMMARY_2.dateType = 'booking_PCD' and LEGAL_SUMMARY_2.indefinite = 'true'  THEN 'Indefinite' else LEGAL_SUMMARY_2.datevalue  END)) AS paroleCommenceDate\nFROM\n\t(\n\tSELECT\n\t\tdateType,\n\t\tdateValue,\n\t\tindefinite\n\tFROM\n\t\t(\n\t\tSELECT\n\t\t\tCust_Orders1,\n\t\t\tjsonb_array_elements(Cust_Orders1::jsonb)->>'dateType' AS dateType,\n\t\t\tjsonb_array_elements(Cust_Orders1::jsonb)->>'dateValue' AS dateValue,\n\t\t\tjsonb_array_elements(Cust_Orders1::jsonb)->>'indefinite' AS indefinite\n\t\tFROM\n\t\t\t(\n\t\t\tSELECT\n\t\t\t\titems ->> 1 AS Cust_Orders1\n\t\t\tFROM\n\t\t\t\t(\n\t\t\t\tSELECT\n\t\t\t\t\tform_identifier::jsonb->>'offenderBookId' AS offenderbookid,\n\t\t\t\t\tform_info_json,\n\t\t\t\t\tjsonb_path_query_array(encode(form_info_json,\n\t\t\t\t\t'escape')::jsonb,\n\t\t\t\t\t'$.*') AS items\n\t\t\t\tFROM\n\t\t\t\t\tocdlegls_data) AS t\n\t\t\tWHERE\n\t\t\t\toffenderbookid = :offenderBookId::text) AS LEGAL_SUMMARY ) AS LEGAL_SUMMARY_1 ) AS LEGAL_SUMMARY_2\nWHERE\n\tdateType IN ('booking_PEXD', 'booking_PCD')","queryDesc":"Get Parole Date Details","category":"CLIENT"}],"actionParams":[{"createUserId":"OMS_OWNER","parameterId":564,"queryKey":"GET_PAROLE_DATE_DETAILS","parameterCode":"offenderBookId","parameterDescription":"Offender Book Id","parameterType":"Number","createDatetime":1695879094026,"modifyDatetime":1695890403627,"modifyUserId":"OMS_OWNER"}],"createUserId":"OMS_OWNER","apiId":"GET_PAROLE_DATE_DETAILS","apiDescription":"Get Parole Date Details","queryKey":"GET_PAROLE_DATE_DETAILS","url":"Elite2Web/api/cmdaction/executeSelectQuery","queryId":0,"createDatetime":1695879140000,"modifyDatetime":1695879140000,"category":"CLIENT"},{"quickAction":[{"queryId":307,"queryKey":"GET_OFFENDER_BOOK_ID_FOR_PIN","queryText":"select\n\tvo.offender_book_id \nfrom\n\tv_offenders vo,\n\toffender_identifiers oi\nwhere \n\tvo.offender_id  = oi.offender_id \n\tand vo.active_flag = 'Y'\n\tand oi.offender_id_seq = (select max(offender_id_seq) from offender_identifiers where identifier = :identifier and identifier_type = 'PIN')\n\tand oi.identifier = :identifier\n\tand oi.identifier_type = 'PIN'","queryDesc":"Get Offender Book Id for Pin","category":"CLIENT"}],"actionParams":[{"createUserId":"OMS_OWNER","parameterId":534,"queryKey":"GET_OFFENDER_BOOK_ID_FOR_PIN","parameterCode":"identifier","parameterDescription":"Identifier","parameterType":"String","createDatetime":1693192521910,"modifyDatetime":1693192521910}],"createUserId":"OMS_OWNER","apiId":"GET_OFFENDER_BOOK_ID_FOR_PIN","apiDescription":"Get offender Book Id for Pin","queryKey":"GET_OFFENDER_BOOK_ID_FOR_PIN","url":"Elite2Web/api/cmdaction/executeSelectQuery","queryId":0,"createDatetime":1693192386000,"modifyDatetime":1693192386000,"category":"CLIENT"},{"quickAction":[{"queryId":263,"queryKey":"FORMAT_PAROLE_CONDITION_RESPONSE","queryText":"Select 1 from Dual","queryDesc":"Format Parole Condition Response","category":"CLIENT"}],"actionParams":[{"createUserId":"OMS_OWNER","parameterId":439,"queryKey":"FORMAT_PAROLE_CONDITION_RESPONSE","parameterCode":"staffDetails","parameterDescription":"Staff Details","parameterType":"String","createDatetime":1689208061707,"modifyDatetime":1689208061707},{"createUserId":"OMS_OWNER","parameterId":440,"queryKey":"FORMAT_PAROLE_CONDITION_RESPONSE","parameterCode":"specificationKey","parameterDescription":"Specification Key","parameterType":"String","createDatetime":1689208061707,"modifyDatetime":1689208061707},{"createUserId":"OMS_OWNER","parameterId":441,"queryKey":"FORMAT_PAROLE_CONDITION_RESPONSE","parameterCode":"correlationId","parameterDescription":"Correlation Id","parameterType":"String","createDatetime":1689208061707,"modifyDatetime":1689208061707},{"createUserId":"OMS_OWNER","parameterId":460,"queryKey":"FORMAT_PAROLE_CONDITION_RESPONSE","parameterCode":"pin","parameterDescription":"Pin","parameterType":"String","createDatetime":1689568693923,"modifyDatetime":1689568693923},{"createUserId":"OMS_OWNER","parameterId":568,"queryKey":"FORMAT_PAROLE_CONDITION_RESPONSE","parameterCode":"paroleDateDetails","parameterDescription":"Parole Date Details","parameterType":"String","createDatetime":1695945160191,"modifyDatetime":1695945160191},{"createUserId":"OMS_OWNER","parameterId":569,"queryKey":"FORMAT_PAROLE_CONDITION_RESPONSE","parameterCode":"paroleOrderDetails","parameterDescription":"Parole Order Details","parameterType":"String","createDatetime":1695945160191,"modifyDatetime":1695945160191},{"createUserId":"OMS_OWNER","parameterId":570,"queryKey":"FORMAT_PAROLE_CONDITION_RESPONSE","parameterCode":"paroleConditionDetails","parameterDescription":"Parole Condition Details","parameterType":"String","createDatetime":1695945160191,"modifyDatetime":1695945160191}],"createUserId":"OMS_OWNER","apiId":"FORMAT_PAROLE_CONDITION_RESPONSE","apiDescription":"Format Parole Cond Response","queryKey":"FORMAT_PAROLE_CONDITION_RESPONSE","url":"Elite2Web/api/serviceBusController/convertJson","queryId":0,"createDatetime":1689208100000,"modifyDatetime":1689208100000,"category":"CLIENT"},{"quickAction":[{"queryId":260,"queryKey":"FORMAT_PAROLE_COND_ERROR_RESP","queryText":"select 1 from dual","queryDesc":"Format Parole Cond Error Response","category":"CLIENT"}],"actionParams":[{"createUserId":"OMS_OWNER","parameterId":434,"queryKey":"FORMAT_PAROLE_COND_ERROR_RESP","parameterCode":"staffDetails","parameterDescription":"Staff Details","parameterType":"String","createDatetime":1689139014237,"modifyDatetime":1689139014237},{"createUserId":"OMS_OWNER","parameterId":435,"queryKey":"FORMAT_PAROLE_COND_ERROR_RESP","parameterCode":"specificationKey","parameterDescription":"Specification Key","parameterType":"String","createDatetime":1689139014237,"modifyDatetime":1689139014237},{"createUserId":"OMS_OWNER","parameterId":436,"queryKey":"FORMAT_PAROLE_COND_ERROR_RESP","parameterCode":"correlationId","parameterDescription":"Correlation Id","parameterType":"String","createDatetime":1689139014237,"modifyDatetime":1689139014237},{"createUserId":"OMS_OWNER","parameterId":459,"queryKey":"FORMAT_PAROLE_COND_ERROR_RESP","parameterCode":"pin","parameterDescription":"Pin","parameterType":"String","createDatetime":1689568006486,"modifyDatetime":1689568006486}],"createUserId":"OMS_OWNER","apiId":"FORMAT_PAROLE_COND_ERROR_RESP","apiDescription":"Format Parole Cond Error Response","queryKey":"FORMAT_PAROLE_COND_ERROR_RESP","url":"Elite2Web/api/serviceBusController/convertJson","queryId":0,"createDatetime":1689139069000,"modifyDatetime":1689139069000,"category":"CLIENT"},{"quickAction":[{"queryId":259,"queryKey":"FORMAT_PAROLE_COND_REQ","queryText":"Select 1 from Dual","queryDesc":"Format Parole Cond Req","category":"CLIENT"}],"actionParams":[{"createUserId":"OMS_OWNER","parameterId":432,"queryKey":"FORMAT_PAROLE_COND_REQ","parameterCode":"ProcessInput","parameterDescription":"Process Input","parameterType":"String","createDatetime":1689133777219,"modifyDatetime":1689133777219},{"createUserId":"OMS_OWNER","parameterId":433,"queryKey":"FORMAT_PAROLE_COND_REQ","parameterCode":"specificationKey","parameterDescription":"Specification Key","parameterType":"String","createDatetime":1689133777219,"modifyDatetime":1689133777219}],"createUserId":"OMS_OWNER","apiId":"FORMAT_PAROLE_COND_REQ","apiDescription":"Format Parole Cond Req","queryKey":"FORMAT_PAROLE_COND_REQ","url":"Elite2Web/api/serviceBusController/convertJson","queryId":0,"createDatetime":1689133831000,"modifyDatetime":1689133831000,"category":"CLIENT"},{"quickAction":[{"queryId":21,"queryKey":"GET_STAFF_DETAILS","queryText":"select staff_id, user_id, last_name, first_name, current_timestamp date_time from staff_members where user_id = :userId","queryDesc":"Get Staff Details","category":"CLIENT"}],"actionParams":[{"createUserId":"OMS_OWNER","parameterId":28,"queryKey":"GET_STAFF_DETAILS","parameterCode":"userId","parameterDescription":"User Id","parameterType":"String","createDatetime":1661267533000,"modifyDatetime":1667552073806,"modifyUserId":"OMS_OWNER"}],"createUserId":"OMS_OWNER","apiId":"GET_STAFF_DETAILS","apiDescription":"Get Staff Details","queryKey":"GET_STAFF_DETAILS","url":"Elite2Web/api/cmdaction/executeSelectQuery","queryId":0,"createDatetime":1661268205000,"modifyDatetime":1661268205000,"category":"CLIENT"}]