[{"quickAction":[{"queryId":187,"queryKey":"JHUB_SMS","queryText":"select  :sendTo send_to, :message message, :sourceSystem source_system, current_timestamp date_time, nextval('EXTERNAL_MESSAGE_ID')::text message_id from dual","queryDesc":"JHUB Sms","category":"SYSTEM"}],"actionParams":[{"createUserId":"OMS_OWNER","parameterId":308,"queryKey":"JHUB_SMS","parameterCode":"sendTo","parameterDescription":"Send To","parameterType":"String","createDatetime":1675899570245,"modifyDatetime":1675899570245},{"createUserId":"OMS_OWNER","parameterId":309,"queryKey":"JHUB_SMS","parameterCode":"message","parameterDescription":"Message","parameterType":"String","createDatetime":1675899570245,"modifyDatetime":1675899570245},{"createUserId":"OMS_OWNER","parameterId":310,"queryKey":"JHUB_SMS","parameterCode":"sourceSystem","parameterDescription":"Source System","parameterType":"String","createDatetime":1675899570245,"modifyDatetime":1675900333396,"modifyUserId":"OMS_OWNER"}],"createUserId":"OMS_OWNER","apiId":"JHUB_SMS","apiDescription":"JHUB Sms","queryKey":"JHUB_SMS","url":"Elite2Web/api/cmdaction/executeSelectQuery","queryId":0,"createDatetime":1675900243000,"modifyDatetime":1675900243000,"category":"SYSTEM"}]