[{"quickAction":[{"queryId":598,"queryKey":"GET_PROFILE_CODE_DESCRIPTION","queryText":"select description from PROFILE_CODES where PROFILE_TYPE = :profileType and profile_code = :profileCode","queryDesc":"Get Profile Code Description","category":"CLIENT"}],"actionParams":[{"createUserId":"OMS_OWNER","parameterId":2188,"queryKey":"GET_PROFILE_CODE_DESCRIPTION","parameterCode":"profileCode","parameterDescription":"Profile Code","parameterType":"String","createDatetime":1713788381831},{"createUserId":"OMS_OWNER","parameterId":2189,"queryKey":"GET_PROFILE_CODE_DESCRIPTION","parameterCode":"profileType","parameterDescription":"Profile Type","parameterType":"String","createDatetime":1713788381831}],"createUserId":"OMS_OWNER","apiId":"GET_PROFILE_CODE_DESCRIPTION","apiDescription":"Get Profile Code Description","queryKey":"GET_PROFILE_CODE_DESCRIPTION","url":"Elite2Web/api/cmdaction/executeSelectQuery","queryId":0,"createDatetime":1713788239000,"category":"CLIENT"},{"quickAction":[{"queryId":481,"queryKey":"GET_TEAM_MAIL_ID","queryText":"select\n\tSTRING_AGG(distinct (at1.team_email), ',') as team_email\nfrom\n\tautomation_teams at1,\n\tteam_functions tf\nwhere\n\ttf.function_type = :function\n\tand at1.team_id = tf.team_id\n\tand at1.team_email is not null\n    and trim(at1.team_email)  <> ''","queryDesc":"Get Team Mail Id","category":"CLIENT"}],"actionParams":[{"createUserId":"OMS_OWNER","parameterId":1981,"queryKey":"GET_TEAM_MAIL_ID","parameterCode":"function","parameterDescription":"Function","parameterType":"String","createDatetime":1705543517491}],"createUserId":"OMS_OWNER","apiId":"GET_TEAM_MAIL_ID","apiDescription":"Get Team Mail Id","queryKey":"GET_TEAM_MAIL_ID","url":"Elite2Web/api/cmdaction/executeSelectQuery","queryId":0,"createDatetime":1699415477000,"modifyDatetime":1705543517000,"modifyUserId":"OMS_OWNER","category":"CLIENT"},{"quickAction":[{"queryId":187,"queryKey":"GET_OFFENDER_DETAILS","queryText":"select\n\tob.offender_book_id,\n\to.offender_id, \n\to.offender_id_display,\n\to.first_name,\n\to.last_name,\n\to.middle_name,\n\to.birth_date,\n\tob.agy_loc_id,\n\to.second_middle_name,\n\tref_code.description sex_code,\n\tto_char(o.birth_date, 'DD/MM/YYYY') as dob,\t\n\t(select\n\t case\n\t\twhen profile_value = 'N'\n\t\tor profile_value = '' then LTRIM(o.offender_id_display,'0')\n\t\telse LPAD(o.offender_id_display,10,'0')\n\t end as dcs_Id\n\tfrom (select sypr.profile_value from system_profiles sypr where sypr.profile_type = 'CLIENT' and sypr.profile_code = 'BOOK_ID_OUTB')a),\t\n\t(select description from agency_locations al where agy_loc_id = ob.agy_loc_id) as facility,\n\t(select description from agency_locations al where agy_loc_id = ob.intake_agy_loc_id) as comm_facility,\n\tcase when ob.agy_loc_id is null then (select description from agency_locations al where agy_loc_id = ob.intake_agy_loc_id)\n\t\telse (select description from agency_locations al where agy_loc_id = ob.agy_loc_id) end as location\nfrom\n\toffenders o,\n\toffender_bookings ob,\n\treference_codes ref_code\nwhere\n\tref_code.domain = 'SEX' and \n    ref_code.code = o.sex_code and\n\to.offender_id = ob.offender_id and\n\tob.offender_book_id = :offenderBookId","queryDesc":"Get Offender Details","category":"CLIENT"}],"actionParams":[{"createUserId":"OMS_OWNER","parameterId":1982,"queryKey":"GET_OFFENDER_DETAILS","parameterCode":"offenderBookId","parameterDescription":"Offender Book Id","parameterType":"Number","createDatetime":1705543517491}],"createUserId":"OMS_OWNER","apiId":"GET_OFFENDER_DETAILS","apiDescription":"Get Offender Details","queryKey":"GET_OFFENDER_DETAILS","url":"Elite2Web/api/cmdaction/executeSelectQuery","queryId":0,"createDatetime":1661240747000,"modifyDatetime":1705543517000,"modifyUserId":"OMS_OWNER","category":"CLIENT"}]