[{"processKey":"OIDPINFO_ORIGINS_NOTIFY","processDesc":"OIDPINFO_ORIGINS_NOTIFY","triggerId":"103","xmlFileName":"OIDPINFO_ORIGINS_NOTIFY.bpmn","category":"CLIENT"},{"processKey":"OCDALIAS_PRISONER_DETAILS_NOTIFY","processDesc":"OCDALIAS_PRISONER_DETAILS_NOTIFY","triggerId":"102","xmlFileName":"OCDALIAS_PRISONER_DETAILS_NOTIFY.bpmn","category":"CLIENT"},{"processKey":"OIDPINFO_PRISONER_DETAILS_NOTIFY","processDesc":"OIDPINFO_PRISONER_DETAILS_NOTIFY","triggerId":"95","xmlFileName":"OIDPINFO_PRISONER_DETAILS_NOTIFY.bpmn","category":"CLIENT"}]