[{"quickAction":[{"queryId":449,"queryKey":"INSERT_CASE_NOTE","queryText":"insert into OFFENDER_CASE_NOTES(OFFENDER_BOOK_ID , CONTACT_DATE , CONTACT_TIME , CASE_NOTE_TYPE , CASE_NOTE_SUB_TYPE , STAFF_ID , CASE_NOTE_TEXT , EVENT_ID , CASE_NOTE_ID ,CREATE_DATETIME, CREATE_USER_ID, note_source_code ) \nvalues(:offenderBookId::bigInt , current_timestamp , current_timestamp , :caseNoteType , :caseNoteSubType , tag_utils_get_staff_id(:createUserId) , :caseNoteText , :eventId::bigInt , :caseNoteId ::bigInt,CURRENT_TIMESTAMP, :createUserId, 'AUTO')","queryDesc":"Insert Case Note","category":"PRODUCT"}],"actionParams":[{"createUserId":"TARAK","parameterId":1486,"queryKey":"INSERT_CASE_NOTE","parameterCode":"offenderBookId","parameterDescription":"offenderBookId","parameterType":"Number","createDatetime":1693548118827,"modifyDatetime":1693548118827},{"createUserId":"TARAK","parameterId":1487,"queryKey":"INSERT_CASE_NOTE","parameterCode":"caseNoteSubType","parameterDescription":"caseNoteSubType","parameterType":"String","createDatetime":1693548118827,"modifyDatetime":1693548118827},{"createUserId":"TARAK","parameterId":1488,"queryKey":"INSERT_CASE_NOTE","parameterCode":"caseNoteType","parameterDescription":"caseNoteType","parameterType":"String","createDatetime":1693548118827,"modifyDatetime":1693548118827},{"createUserId":"TARAK","parameterId":1489,"queryKey":"INSERT_CASE_NOTE","parameterCode":"caseNoteText","parameterDescription":"caseNoteText","parameterType":"String","createDatetime":1693548118827,"modifyDatetime":1693548118827},{"createUserId":"TARAK","parameterId":1490,"queryKey":"INSERT_CASE_NOTE","parameterCode":"eventId","parameterDescription":"eventId","parameterType":"Number","createDatetime":1693548118827,"modifyDatetime":1693548118827},{"createUserId":"TARAK","parameterId":1491,"queryKey":"INSERT_CASE_NOTE","parameterCode":"caseNoteId","parameterDescription":"caseNoteId","parameterType":"Number","createDatetime":1693548118827,"modifyDatetime":1693548118827}],"createUserId":"AKHILINSIGHTS","apiId":"INSERT_CASE_NOTE","apiDescription":"Insert Case Note","queryKey":"INSERT_CASE_NOTE","url":"Elite2Web/api/cmdaction/executeUpdateQuery","queryId":0,"createDatetime":1691746295000,"modifyDatetime":1693548118000,"modifyUserId":"OMS_OWNER","category":"PRODUCT"}]