[{"quickAction":[{"queryId":377,"queryKey":"GET_OFFENDER_BOOK_ID","queryText":"select offender_book_id from v_header_block vhb where root_offender_id = :rootOffenderId and (active_flag ='Y' or community_active_flag = 'Y')","queryDesc":"Get Offender Book Id","category":"CLIENT"}],"actionParams":[{"createUserId":"KARTHI","parameterId":780,"queryKey":"GET_OFFENDER_BOOK_ID","parameterCode":"rootOffenderId","parameterDescription":"Root Offender Id","parameterType":"Number","createDatetime":1676439918157,"modifyDatetime":1707094579678,"modifyUserId":"OMS_OWNER"}],"createUserId":"OMS_OWNER","apiId":"GET_OFFENDER_BOOK_ID","apiDescription":"Get Offender Book Id","queryKey":"GET_OFFENDER_BOOK_ID","url":"Elite2Web/api/cmdaction/executeSelectQuery","queryId":0,"createDatetime":1676439918000,"modifyDatetime":1676439918000,"category":"CLIENT"}]