[{"processKey":"CMN_RELEASED_OFFENDERS_GET","processDesc":"CMN_RELEASED_OFFENDERS_GET","xmlFileName":"CMN_RELEASED_OFFENDERS_GET.bpmn","commonProcess":"Y","category":"CLIENT"},{"processKey":"CMN_ESCAPED_OFFENDERS_GET","processDesc":"CMN_ESCAPED_OFFENDERS_GET","xmlFileName":"CMN_ESCAPED_OFFENDERS_GET.bpmn","commonProcess":"Y","category":"CLIENT"},{"processKey":"CMN_ACTIVE_OFFENDERS_GET","processDesc":"CMN_ACTIVE_OFFENDERS_GET","xmlFileName":"CMN_ACTIVE_OFFENDERS_GET.bpmn","commonProcess":"Y","category":"CLIENT"},{"processKey":"CMN_SYSTEM_USER_ID_GET","processDesc":"CMN_SYSTEM_USER_ID_GET","xmlFileName":"CMN_SYSTEM_USER_ID_GET.bpmn","commonProcess":"Y","category":"PRODUCT"},{"processKey":"Authenticate_Elite_API","processDesc":"Authenticate Elite API","xmlFileName":"Authenticate_Elite_API.bpmn","commonProcess":"Y","category":"PRODUCT"}]