[{"quickAction":[{"queryId":547,"queryKey":"GET_OFF_PRE_ALERT_DETAILS","queryText":"SELECT\n    oa.offender_book_id offenderBookId,\n    oa.root_offender_id offenderId,\n    (select description from reference_codes rc where domain = 'ALERT' and code = oa.alert_type) alert_type,\n    oa.alert_code code,\n    oa.create_date createDate,\n    oa.expiry_date expiryDate,\n    oa.comment_text,\n    ref_code.description description\nFROM\n    offender_alerts oa,\n    reference_codes ref_code\nWHERE\n    offender_book_id in (select offender_book_id from offender_bookings ob2  where root_offender_id  = (select root_offender_id  from offender_bookings ob where offender_book_id = :offenderBookId)) \n    and ref_code.parent_code= oa.alert_type \n    and ref_code.code= oa.alert_code and\n    oa.alert_status='ACTIVE'","queryDesc":"Get Offender Previous Alert Details","category":"CLIENT"}],"actionParams":[{"createUserId":"OMS_OWNER","parameterId":2008,"queryKey":"GET_OFF_PRE_ALERT_DETAILS","parameterCode":"offenderBookId","parameterDescription":"Offender Book Id","parameterType":"Number","createDatetime":1706671250461}],"createUserId":"OMS_OWNER","apiId":"GET_OFF_PRE_ALERT_DETAILS","apiDescription":"Get Offender Previous Alert Details","queryKey":"GET_OFF_PRE_ALERT_DETAILS","url":"Elite2Web/api/cmdaction/executeSelectQuery","queryId":0,"createDatetime":1706671285000,"category":"CLIENT"},{"quickAction":[{"queryId":546,"queryKey":"GET_OFF_LATEST_PROFILE_DETAILS","queryText":"select\n\t(\n\tselect\n\t\tprofile_code nationality\n\tfrom\n\t\tOFFENDER_PROFILE_DETAILS\n\twhere\n\t\tprofile_type = 'CULTURE'\n\t\tand profile_code is not null\n\t\tand profile_code <> ''\n\t\tand offender_book_id in (select offender_book_id from offender_bookings ob2  where root_offender_id  = (select root_offender_id  from offender_bookings ob where offender_book_id = :offenderBookId))\n\torder by \n\t\toffender_book_id desc\n\tlimit 1) as nationality,\n\t(select\n\t\tprofile_code ethnicity\n\tfrom\n\t\tOFFENDER_PROFILE_DETAILS\n\twhere\n\t\tprofile_type = 'ABTORS'\n\t\tand profile_code is not null\n\t\tand profile_code <> ''\n\t\tand offender_book_id in (select offender_book_id from offender_bookings ob2  where root_offender_id  = (select root_offender_id  from offender_bookings ob where offender_book_id = :offenderBookId))\n\torder by \n\t\toffender_book_id desc\n\tlimit 1) as ethnicity,\n\t(select\n\t\tprofile_code religion\n\tfrom\n\t\tOFFENDER_PROFILE_DETAILS\n\twhere\n\t\tprofile_type = 'RELIGION'\n\t\tand profile_code is not null\n\t\tand profile_code <> ''\n\t\tand offender_book_id in (select offender_book_id from offender_bookings ob2  where root_offender_id  = (select root_offender_id  from offender_bookings ob where offender_book_id = :offenderBookId))\n\torder by \n\t\toffender_book_id desc\n\tlimit 1) as religion","queryDesc":"Get Offender Latest Profile Details","category":"CLIENT"}],"actionParams":[{"createUserId":"OMS_OWNER","parameterId":2007,"queryKey":"GET_OFF_LATEST_PROFILE_DETAILS","parameterCode":"offenderBookId","parameterDescription":"Offender Book Id","parameterType":"Number","createDatetime":1706671005733}],"createUserId":"OMS_OWNER","apiId":"GET_OFF_LATEST_PROFILE_DETAILS","apiDescription":"Get Offender Latest Profile Details","queryKey":"GET_OFF_LATEST_PROFILE_DETAILS","url":"Elite2Web/api/cmdaction/executeSelectQuery","queryId":0,"createDatetime":1706671061000,"category":"CLIENT"},{"quickAction":[{"queryId":375,"queryKey":"GET_OFFENDER_PROFILE_DETAILS","queryText":"select\n\t(\n\tselect\n\t\tprofile_code nationality\n\tfrom\n\t\tOFFENDER_PROFILE_DETAILS\n\twhere\n\t\tprofile_type = 'CULTURE'\n\t\tand offender_book_id = :offenderBookId) as nationality,\n\t(\n\tselect \n\t\tdescription \n\tfrom \n\t\tprofile_codes pc \n\twhere \n\t\tprofile_code = (select profile_code from OFFENDER_PROFILE_DETAILS where profile_type = 'HAIR'and offender_book_id = :offenderBookId)\n\t\tand profile_type = 'HAIR') as hair,\n\t(\n\tselect \n\t\tdescription \n\tfrom \n\t\tprofile_codes pc \n\twhere \n\t\tprofile_code = (select profile_code from OFFENDER_PROFILE_DETAILS where profile_type = 'EYE'and offender_book_id = :offenderBookId)\n\t\tand profile_type = 'EYE') as eye,\n\t(\n\tselect \n\t\tdescription \n\tfrom \n\t\tprofile_codes pc \n\twhere \n\t\tprofile_code = (select profile_code from OFFENDER_PROFILE_DETAILS where profile_type = 'BUILD'and offender_book_id = :offenderBookId)\n\t\tand profile_type = 'BUILD') as build,\n\t(select\n\t\tprofile_code ethnicity\n\tfrom\n\t\tOFFENDER_PROFILE_DETAILS\n\twhere\n\t\tprofile_type = 'ABTORS'\n\t\tand offender_book_id = :offenderBookId) as ethnicity,\n\t(select\n\t\tprofile_code religion\n\tfrom\n\t\tOFFENDER_PROFILE_DETAILS\n\twhere\n\t\tprofile_type = 'RELIGION'\n\t\tand offender_book_id = :offenderBookId) religion,\n\t'TBD' descriptionDate","queryDesc":"Get Offender Profile Details","category":"CLIENT"}],"actionParams":[{"createUserId":"KARTHI","parameterId":1931,"queryKey":"GET_OFFENDER_PROFILE_DETAILS","parameterCode":"offenderBookId","parameterDescription":"Offender Book Id","parameterType":"Number","createDatetime":1704952732297}],"createUserId":"OMS_OWNER","apiId":"GET_OFFENDER_PROFILE_DETAILS","apiDescription":"Get Offender Profile Details","queryKey":"GET_OFFENDER_PROFILE_DETAILS","url":"Elite2Web/api/cmdaction/executeSelectQuery","queryId":0,"createDatetime":1676439900000,"modifyDatetime":1704952732000,"modifyUserId":"OMS_OWNER","category":"CLIENT"}]