[{"quickAction":[{"queryId":340,"queryKey":"GET_OFFENDER_RACE","queryText":"select vo.offender_book_id, rc.description AS race\nfrom v_offenders vo\nLEFT JOIN offenders o ON vo.offender_id = o.offender_id\nLEFT JOIN reference_codes rc ON rc.code = o.race_code AND rc.domain = 'ETHNICITY'\nwhere vo.offender_book_id = :offenderBookId","queryDesc":"Get Offender Race","category":"CLIENT"}],"actionParams":[{"createUserId":"OMS_OWNER","parameterId":674,"queryKey":"GET_OFFENDER_RACE","parameterCode":"offenderBookId","parameterDescription":"Offender Book Id","parameterType":"Number","createDatetime":1700632466059,"modifyDatetime":1700632466059}],"createUserId":"OMS_OWNER","apiId":"GET_OFFENDER_RACE","apiDescription":"Get Offender Race","queryKey":"GET_OFFENDER_RACE","url":"Elite2Web/api/cmdaction/executeSelectQuery","queryId":0,"createDatetime":1700632497000,"modifyDatetime":1700632497000,"category":"CLIENT"},{"quickAction":[{"queryId":268,"queryKey":"GET_OFF_PHY_MARK_DETAILS","queryText":"select\n   (select description from reference_codes rc where code = mark_type and \"domain\"='MARK_TYPE') as mark_type,\n   (select description from reference_codes rc where code = body_part_code and \"domain\"='BODY_PART') as body_part,\n   (select description from reference_codes rc where code = side_code and \"domain\"='SIDE') as side,\n   (select description from reference_codes rc where code = part_orientation_code and \"domain\"='PART_ORIENT') as part_orientation,\n   comment_text\nfrom\n\toffender_identifying_marks oim\nwhere \n\toffender_book_id = :offenderBookId ","queryDesc":"Get Off Phy Mark Details","category":"CLIENT"}],"actionParams":[{"createUserId":"OMS_OWNER","parameterId":455,"queryKey":"GET_OFF_PHY_MARK_DETAILS","parameterCode":"offenderBookId","parameterDescription":"Offender Book Id","parameterType":"Number","createDatetime":1689231563872,"modifyDatetime":1689304587650,"modifyUserId":"OMS_OWNER"}],"createUserId":"OMS_OWNER","apiId":"GET_OFF_PHY_MARK_DETAILS","apiDescription":"Get Off Phy Mark Details","queryKey":"GET_OFF_PHY_MARK_DETAILS","url":"Elite2Web/api/cmdaction/executeSelectQuery","queryId":0,"createDatetime":1689231678000,"modifyDatetime":1689231678000,"category":"CLIENT"},{"quickAction":[{"queryId":267,"queryKey":"FORMAT_PHY_DESC_RESPONSE","queryText":"Select 1 from Dual","queryDesc":"Format Phy Desc Response","category":"CLIENT"}],"actionParams":[{"createUserId":"OMS_OWNER","parameterId":675,"queryKey":"FORMAT_PHY_DESC_RESPONSE","parameterCode":"raceDetails","parameterDescription":"Race Details","parameterType":"String","createDatetime":1700632895403,"modifyDatetime":1700632895403},{"createUserId":"OMS_OWNER","parameterId":725,"queryKey":"FORMAT_PHY_DESC_RESPONSE","parameterCode":"descriptionDate","parameterDescription":"Description Date","parameterType":"String","createDatetime":1703130048341,"modifyDatetime":1703130048341},{"createUserId":"OMS_OWNER","parameterId":450,"queryKey":"FORMAT_PHY_DESC_RESPONSE","parameterCode":"correlationId","parameterDescription":"Correlation Id","parameterType":"String","createDatetime":1689226195073,"modifyDatetime":1689226195073},{"createUserId":"OMS_OWNER","parameterId":451,"queryKey":"FORMAT_PHY_DESC_RESPONSE","parameterCode":"specificationKey","parameterDescription":"Specification Key","parameterType":"String","createDatetime":1689226195073,"modifyDatetime":1689226195073},{"createUserId":"OMS_OWNER","parameterId":452,"queryKey":"FORMAT_PHY_DESC_RESPONSE","parameterCode":"staffDetails","parameterDescription":"Staff Details","parameterType":"String","createDatetime":1689226195073,"modifyDatetime":1689226195073},{"createUserId":"OMS_OWNER","parameterId":453,"queryKey":"FORMAT_PHY_DESC_RESPONSE","parameterCode":"phyAttributeDetails","parameterDescription":"Phy Attribute Details","parameterType":"String","createDatetime":1689226195073,"modifyDatetime":1689226195073},{"createUserId":"OMS_OWNER","parameterId":454,"queryKey":"FORMAT_PHY_DESC_RESPONSE","parameterCode":"offenderProfileDetails","parameterDescription":"Offender Profile Details","parameterType":"String","createDatetime":1689226195073,"modifyDatetime":1689226195073},{"createUserId":"OMS_OWNER","parameterId":456,"queryKey":"FORMAT_PHY_DESC_RESPONSE","parameterCode":"phyMarkDetails","parameterDescription":"Phy Mark Details","parameterType":"String","createDatetime":1689231790688,"modifyDatetime":1689231790688},{"createUserId":"OMS_OWNER","parameterId":457,"queryKey":"FORMAT_PHY_DESC_RESPONSE","parameterCode":"pin","parameterDescription":"Pin","parameterType":"String","createDatetime":1689307894753,"modifyDatetime":1689307894753}],"createUserId":"OMS_OWNER","apiId":"FORMAT_PHY_DESC_RESPONSE","apiDescription":"Format Phy Desc Response","queryKey":"FORMAT_PHY_DESC_RESPONSE","url":"Elite2Web/api/serviceBusController/convertJson","queryId":0,"createDatetime":1689226334000,"modifyDatetime":1689226334000,"category":"CLIENT"},{"quickAction":[{"queryId":266,"queryKey":"GET_OFF_PHY_ATTRIBUTE_DETAILS","queryText":"SELECT\n    vo.offender_book_id,\n    opa.height_cm,\n    opa.weight_kg\nFROM\n    v_offenders vo\nLEFT JOIN\n    offender_physical_attributes opa ON vo.offender_book_id = opa.offender_book_id\n                                    AND opa.attribute_seq = (\n                                        SELECT MAX(attribute_seq)\n                                        FROM offender_physical_attributes\n                                        WHERE offender_book_id = :offenderBookId)\nWHERE vo.offender_book_id = :offenderBookId","queryDesc":"Get Off Phy Attribute Details","category":"CLIENT"}],"actionParams":[{"createUserId":"OMS_OWNER","parameterId":449,"queryKey":"GET_OFF_PHY_ATTRIBUTE_DETAILS","parameterCode":"offenderBookId","parameterDescription":"Offednder Book Id","parameterType":"Number","createDatetime":1689219623423,"modifyDatetime":1689304383583,"modifyUserId":"OMS_OWNER"}],"createUserId":"OMS_OWNER","apiId":"GET_OFF_PHY_ATTRIBUTE_DETAILS","apiDescription":"Get Off Phy Attribute Details","queryKey":"GET_OFF_PHY_ATTRIBUTE_DETAILS","url":"Elite2Web/api/cmdaction/executeSelectQuery","queryId":0,"createDatetime":1689219667000,"modifyDatetime":1689219667000,"category":"CLIENT"}]