[{"quickAction":[{"queryId":150,"queryKey":"GET_SYSTEM_USER_ID","queryText":"select encode(setting_value, 'escape') userIdResp  from system_settings ss where setting_type = 'serverConfig' and setting_provider_code = 'AUTOMATION_USER'","queryDesc":"Get System User Id","category":"PRODUCT"}],"actionParams":[],"createUserId":"OMS_OWNER","apiId":"GET_SYSTEM_USER_ID","apiDescription":"Get System User Id","queryKey":"GET_SYSTEM_USER_ID","url":"Elite2Web/api/cmdaction/executeSelectQuery","queryId":0,"createDatetime":1667789555000,"modifyDatetime":1667789555000},{"quickAction":[{"queryId":144,"queryKey":"FORMAT_OFFENDER_DETAILS_QUEUE","queryText":"select 1 from dual","queryDesc":"Format Offender Details Queue","category":"CLIENT"}],"actionParams":[{"createUserId":"OMS_OWNER","parameterId":191,"queryKey":"FORMAT_OFFENDER_DETAILS_QUEUE","parameterCode":"ProcessInput","parameterDescription":"Process Input","parameterType":"String","createDatetime":1667777004424,"modifyDatetime":1667777004424},{"createUserId":"OMS_OWNER","parameterId":192,"queryKey":"FORMAT_OFFENDER_DETAILS_QUEUE","parameterCode":"specificationKey","parameterDescription":"Specification Key","parameterType":"String","createDatetime":1667777004424,"modifyDatetime":1667777004424}],"createUserId":"OMS_OWNER","apiId":"FORMAT_OFFENDER_DETAILS_QUEUE","apiDescription":"Format Offender Details Queue","queryKey":"FORMAT_OFFENDER_DETAILS_QUEUE","url":"Elite2Web/api/serviceBusController/convertJson","queryId":0,"createDatetime":1667777004000,"modifyDatetime":1667777004000},{"quickAction":[{"queryId":148,"queryKey":"FORMAT_OFFENDER_DETAILS_ACTION_RESPONSE","queryText":"select 1 from dual","queryDesc":"Format Offender Details Action Response","category":"CLIENT"}],"actionParams":[{"createUserId":"OMS_OWNER","parameterId":199,"queryKey":"FORMAT_OFFENDER_DETAILS_ACTION_RESPONSE","parameterCode":"aliasDetails","parameterDescription":"Alias Details","parameterType":"String","createDatetime":1667777004424,"modifyDatetime":1667777004424,"modifyUserId":"OMS_OWNER"},{"createUserId":"OMS_OWNER","parameterId":200,"queryKey":"FORMAT_OFFENDER_DETAILS_ACTION_RESPONSE","parameterCode":"nameDetails","parameterDescription":"Name Details","parameterType":"String","createDatetime":1667777004424,"modifyDatetime":1667777004424,"modifyUserId":"OMS_OWNER"},{"createUserId":"OMS_OWNER","parameterId":201,"queryKey":"FORMAT_OFFENDER_DETAILS_ACTION_RESPONSE","parameterCode":"offenderBookId","parameterDescription":"Offender Book Id","parameterType":"Number","createDatetime":1667777004424,"modifyDatetime":1667777004424,"modifyUserId":"OMS_OWNER"},{"createUserId":"OMS_OWNER","parameterId":202,"queryKey":"FORMAT_OFFENDER_DETAILS_ACTION_RESPONSE","parameterCode":"residenceDetails","parameterDescription":"Residence Details","parameterType":"String","createDatetime":1667777004424,"modifyDatetime":1667777004424,"modifyUserId":"OMS_OWNER"},{"createUserId":"OMS_OWNER","parameterId":203,"queryKey":"FORMAT_OFFENDER_DETAILS_ACTION_RESPONSE","parameterCode":"specificationKey","parameterDescription":"Specification Key","parameterType":"String","createDatetime":1667777004424,"modifyDatetime":1667777004424,"modifyUserId":"OMS_OWNER"},{"createUserId":"OMS_OWNER","parameterId":204,"queryKey":"FORMAT_OFFENDER_DETAILS_ACTION_RESPONSE","parameterCode":"userDetails","parameterDescription":"User Details","parameterType":"String","createDatetime":1667777004424,"modifyDatetime":1667777004424},{"createUserId":"OMS_OWNER","parameterId":205,"queryKey":"FORMAT_OFFENDER_DETAILS_ACTION_RESPONSE","parameterCode":"wantedDetails","parameterDescription":"Wanted Details","parameterType":"String","createDatetime":1667777004424,"modifyDatetime":1667777004424},{"createUserId":"OMS_OWNER","parameterId":206,"queryKey":"FORMAT_OFFENDER_DETAILS_ACTION_RESPONSE","parameterCode":"warningDetails","parameterDescription":"Warning Details","parameterType":"String","createDatetime":1667777004424,"modifyDatetime":1667777004424},{"createUserId":"OMS_OWNER","parameterId":207,"queryKey":"FORMAT_OFFENDER_DETAILS_ACTION_RESPONSE","parameterCode":"identifierDetails","parameterDescription":"Identifier Details","parameterType":"String","createDatetime":1667777004424,"modifyDatetime":1667777004424},{"createUserId":"OMS_OWNER","parameterId":208,"queryKey":"FORMAT_OFFENDER_DETAILS_ACTION_RESPONSE","parameterCode":"occupation","parameterDescription":"Occupation","parameterType":"String","createDatetime":1667777004424,"modifyDatetime":1667777004424}],"createUserId":"OMS_OWNER","apiId":"FORMAT_OFFENDER_DETAILS_ACTION_RESPONSE","apiDescription":"Format Offender Details Action Response","queryKey":"FORMAT_OFFENDER_DETAILS_ACTION_RESPONSE","url":"Elite2Web/api/serviceBusController/convertJson","queryId":0,"createDatetime":1667777004000,"modifyDatetime":1667777004000},{"quickAction":[{"queryId":147,"queryKey":"GET_OFFENDER_ADDRESS_DETAILS","queryText":"SELECT\n    ad.city_name city,\n    ad.country country,\n    ad.zip_postal_code postal,\n    ad.full_address address,\n    ad.prov_state_desc state,\n    ad.street streetname,\n    ad.street_number streetnumber,\n    a.create_datetime recordeddate\nFROM\n    v_addresses ad,\n    addresses a,\n    offender_bookings ob\nWHERE\n    ad.owner_id = ob.offender_id\n    and a.address_id = ad.address_id \n    and  ob.offender_book_id=:offenderBookId","queryDesc":"Get Offender Address Details","category":"CLIENT"}],"actionParams":[{"createUserId":"OMS_OWNER","parameterId":198,"queryKey":"GET_OFFENDER_ADDRESS_DETAILS","parameterCode":"offenderBookId","parameterDescription":"Offender Book Id","parameterType":"Number","createDatetime":1667777004424,"modifyDatetime":1667777004424}],"createUserId":"OMS_OWNER","apiId":"GET_OFFENDER_ADDRESS_DETAILS","apiDescription":"Get Offender Address Details","queryKey":"GET_OFFENDER_ADDRESS_DETAILS","url":"Elite2Web/api/cmdaction/executeSelectQuery","queryId":0,"createDatetime":1667777004000,"modifyDatetime":1667777004000},{"quickAction":[{"queryId":146,"queryKey":"FORMAT_OFFENDER_NOT_FOUND_ACTION_RESPONSE","queryText":"select 1 from dual","queryDesc":"Format Offender Not Found Action Response","category":"CLIENT"}],"actionParams":[{"createUserId":"OMS_OWNER","parameterId":194,"queryKey":"FORMAT_OFFENDER_NOT_FOUND_ACTION_RESPONSE","parameterCode":"offenderBookId","parameterDescription":"Offender Book Id","parameterType":"String","createDatetime":1667777004424,"modifyDatetime":1667777004424},{"createUserId":"OMS_OWNER","parameterId":195,"queryKey":"FORMAT_OFFENDER_NOT_FOUND_ACTION_RESPONSE","parameterCode":"offenderDetails","parameterDescription":"Offender Details","parameterType":"String","createDatetime":1667777004424,"modifyDatetime":1667777004424},{"createUserId":"OMS_OWNER","parameterId":196,"queryKey":"FORMAT_OFFENDER_NOT_FOUND_ACTION_RESPONSE","parameterCode":"specificationKey","parameterDescription":"Specification Key","parameterType":"String","createDatetime":1667777004424,"modifyDatetime":1667777004424},{"createUserId":"OMS_OWNER","parameterId":197,"queryKey":"FORMAT_OFFENDER_NOT_FOUND_ACTION_RESPONSE","parameterCode":"userDetails","parameterDescription":"User Details","parameterType":"String","createDatetime":1667777004424,"modifyDatetime":1667777004424}],"createUserId":"OMS_OWNER","apiId":"FORMAT_OFFENDER_NOT_FOUND_ACTION_RESPONSE","apiDescription":"Format Offender Not Found Action Response","queryKey":"FORMAT_OFFENDER_NOT_FOUND_ACTION_RESPONSE","url":"Elite2Web/api/serviceBusController/convertJson","queryId":0,"createDatetime":1667777004000,"modifyDatetime":1667777004000},{"quickAction":[{"queryId":145,"queryKey":"GET_OFFENDER_EXIST","queryText":"select\n\tcoalesce (y,\n\t'N') as Y\nfrom\n\t(\n\tselect\n\t\t(\n\t\tselect\n\t\t\t'Y' as Y\n\t\tfrom\n\t\t\tv_header_block\n\t\twhere\n\t\t\toffender_book_id = :offenderBookId) Y,\n\t\t1\n\tfrom\n\t\tdual)A","queryDesc":"Get Offender Exist","category":"CLIENT"}],"actionParams":[{"createUserId":"OMS_OWNER","parameterId":193,"queryKey":"GET_OFFENDER_EXIST","parameterCode":"offenderBookId","parameterDescription":"Offender Book Id","parameterType":"Number","createDatetime":1667777004424,"modifyDatetime":1667777004424}],"createUserId":"OMS_OWNER","apiId":"GET_OFFENDER_EXIST","apiDescription":"Get Offender Exist","queryKey":"GET_OFFENDER_EXIST","url":"Elite2Web/api/cmdaction/executeSelectQuery","queryId":0,"createDatetime":1667777004000,"modifyDatetime":1667777004000},{"quickAction":[{"queryId":143,"queryKey":"NOTIFY_SERVICE_BUS","queryText":"select 1 from dual","queryDesc":"Notify Service Bus","category":"CLIENT"}],"actionParams":[{"createUserId":"OMS_OWNER","parameterId":190,"queryKey":"NOTIFY_SERVICE_BUS","parameterCode":"OffenderDetails","parameterDescription":"Offender Details","parameterType":"String","createDatetime":1667777004424,"modifyDatetime":1667777004424}],"createUserId":"OMS_OWNER","apiId":"NOTIFY_SERVICE_BUS","apiDescription":"Notify Service Bus","queryKey":"NOTIFY_SERVICE_BUS","url":"Elite2Web/api/externalsystem/connectExternalSystem","queryId":0,"createDatetime":1667777004000,"modifyDatetime":1667777004000},{"quickAction":[{"queryId":149,"queryKey":"GET_OFFENDER_OCCUPATION","queryText":"select employment_type  from offender_employments where offender_book_id = :offenderBookId and employ_seq = (select max(employ_seq) from offender_employments  where offender_book_id = :offenderBookId)","queryDesc":"Get Offender Occupation","category":"CLIENT"}],"actionParams":[{"createUserId":"OMS_OWNER","parameterId":209,"queryKey":"GET_OFFENDER_OCCUPATION","parameterCode":"offenderBookId","parameterDescription":"Offender Book Id","parameterType":"Number","createDatetime":1667777004424,"modifyDatetime":1667777004424}],"createUserId":"OMS_OWNER","apiId":"GET_OFFENDER_OCCUPATION","apiDescription":"Get Offender Occupation","queryKey":"GET_OFFENDER_OCCUPATION","url":"Elite2Web/api/cmdaction/executeSelectQuery","queryId":0,"createDatetime":1667777004000,"modifyDatetime":1667777004000},{"quickAction":[{"queryId":142,"queryKey":"GET_OFFENDER_ALIAS_DETAILS","queryText":"SELECT\n    offenders.last_name familyName,\n     offenders.offender_id_display eliteOffenderId,\n     offenders.alias_name_type aliasTypeCode,\n      offenders.first_name givenName,\n       offenders.middle_name otherGivenNames,\n        offenders.birth_date dateOfBirth\n     FROM\n    offender_bookings,\n    offenders\nWHERE\n    offender_bookings.offender_book_id = :offenderBookId\n    AND offenders.root_offender_id = offender_bookings.root_offender_id\n    AND offenders.offender_id != offender_bookings.offender_id","queryDesc":"Get Offender Alias Details","category":"CLIENT"}],"actionParams":[{"createUserId":"OMS_OWNER","parameterId":189,"queryKey":"GET_OFFENDER_ALIAS_DETAILS","parameterCode":"offenderBookId","parameterDescription":"offenderBookId","parameterType":"Number","createDatetime":1667602976479,"modifyDatetime":1667602976479}],"createUserId":"OMS_OWNER","apiId":"GET_OFFENDER_ALIAS_DETAILS","apiDescription":"Get Offender Alias Details","queryKey":"GET_OFFENDER_ALIAS_DETAILS","url":"Elite2Web/api/cmdaction/executeSelectQuery","queryId":0,"createDatetime":1667603009000,"modifyDatetime":1667603009000},{"quickAction":[{"queryId":139,"queryKey":"GET_OFFENDER_WARNINGS","queryText":"SELECT\n    oa.offender_book_id offenderBookId,\n    oa.root_offender_id offenderId,\n    oa.alert_type,\n    oa.alert_code code,\n    oa.create_date createDate,\n    oa.expiry_date expiryDate,\n    oa.comment_text,\n    ref_code.description description\nFROM\n    offender_alerts oa,\n    reference_codes ref_code\nWHERE\n    offender_book_id = :offenderBookId  \n    and ref_code.parent_code= oa.alert_type \n    and ref_code.code= oa.alert_code and\n    oa.alert_status='ACTIVE'","queryDesc":"Get Offender Warnings","category":"CLIENT"}],"actionParams":[{"createUserId":"OMS_OWNER","parameterId":176,"queryKey":"GET_OFFENDER_WARNINGS","parameterCode":"offenderBookId","parameterDescription":"offenderBookId","parameterType":"Number","createDatetime":1667601040516,"modifyDatetime":1667601040516}],"createUserId":"OMS_OWNER","apiId":"GET_OFFENDER_WARNINGS","apiDescription":"Get Offender Warnings","queryKey":"GET_OFFENDER_WARNINGS","url":"Elite2Web/api/cmdaction/executeSelectQuery","queryId":0,"createDatetime":1667601068000,"modifyDatetime":1667601068000},{"quickAction":[{"queryId":46,"queryKey":"GET_OFFENDER_IDENTIFIER","queryText":"SELECT\n   oi. identifier_type identifierTypeCode,\n    oi.identifier identifier,\n    oi.issued_authority_text issuer\nFROM\n    offender_identifiers oi,\n    offender_bookings ob\nWHERE\n    ob.offender_book_id = :offenderBookId\n    AND ob.root_offender_id = oi.root_offender_id and\n   offender_id_seq =  (select max(offender_id_seq) from offender_identifiers where root_offender_id = ob.root_offender_id)","queryDesc":"Get Offender Identifier","category":"PRODUCT"}],"actionParams":[{"createUserId":"OMS_OWNER","parameterId":50,"queryKey":"GET_OFFENDER_IDENTIFIER","parameterCode":"offenderId","parameterDescription":"Offender Id","parameterType":"Number","createDatetime":1663545026898,"modifyDatetime":1663545026898}],"createUserId":"OMS_OWNER","apiId":"GET_OFFENDER_IDENTIFIER","apiDescription":"Get Offender Identifier","queryKey":"GET_OFFENDER_IDENTIFIER","url":"Elite2Web/api/cmdaction/executeSelectQuery","queryId":0,"createDatetime":1663545062000,"modifyDatetime":1663545062000},{"quickAction":[{"queryId":42,"queryKey":"GET_OFFENDER_DETAILS","queryText":"SELECT \n    vo.offender_book_id,\n    vo.offender_id,\n    vo.offender_id_display,\n    vo.first_name,\n    vo.last_name,\n    vo.middle_name,\n    vo.birth_date,\n    vo.sex_code\nFROM \n    v_offenders vo\nwhere\n    vo.offender_book_id = :offenderBookId","queryDesc":"Get Offender Details","category":"CLIENT"}],"actionParams":[{"createUserId":"OMS_OWNER","parameterId":46,"queryKey":"GET_OFFENDER_DETAILS","parameterCode":"offenderBookId","parameterDescription":"Offender Book Id","parameterType":"Number","createDatetime":1662705229751,"modifyDatetime":1662705229751}],"createUserId":"OMS_OWNER","apiId":"GET_OFFENDER_DETAILS","apiDescription":"Get Offender Details","queryKey":"GET_OFFENDER_DETAILS","url":"Elite2Web/api/cmdaction/executeSelectQuery","queryId":0,"createDatetime":1662705289000,"modifyDatetime":1662705289000}]