[{"quickAction":[{"queryId":186,"queryKey":"SMS_FORMATTER","queryText":"Select 1 from dual","queryDesc":"Sms Formatter","category":"SYSTEM"}],"actionParams":[{"createUserId":"OMS_OWNER","parameterId":302,"queryKey":"SMS_FORMATTER","parameterCode":"specificationKey","parameterDescription":"specificationKey","parameterType":"String","createDatetime":1675899121183,"modifyDatetime":1675899121183},{"createUserId":"OMS_OWNER","parameterId":303,"queryKey":"SMS_FORMATTER","parameterCode":"sendTo","parameterDescription":"Send To","parameterType":"String","createDatetime":1675899121183,"modifyDatetime":1675899121183},{"createUserId":"OMS_OWNER","parameterId":304,"queryKey":"SMS_FORMATTER","parameterCode":"message","parameterDescription":"Message","parameterType":"String","createDatetime":1675899121183,"modifyDatetime":1675899121183},{"createUserId":"OMS_OWNER","parameterId":305,"queryKey":"SMS_FORMATTER","parameterCode":"sourceSystem","parameterDescription":"Source System","parameterType":"String","createDatetime":1675899121183,"modifyDatetime":1675900368021,"modifyUserId":"OMS_OWNER"},{"createUserId":"OMS_OWNER","parameterId":313,"queryKey":"SMS_FORMATTER","parameterCode":"messageId","parameterDescription":"Message Id","parameterType":"String","createDatetime":1675907580310,"modifyDatetime":1675907580310},{"createUserId":"OMS_OWNER","parameterId":314,"queryKey":"SMS_FORMATTER","parameterCode":"dateTime","parameterDescription":"Date and Time","parameterType":"String","createDatetime":1675914701659,"modifyDatetime":1675914701659},{"createUserId":"OMS_OWNER","parameterId":328,"queryKey":"SMS_FORMATTER","parameterCode":"correlationId","parameterDescription":"Correlation Id","parameterType":"String","createDatetime":1676441038137,"modifyDatetime":1676441038137}],"createUserId":"OMS_OWNER","apiId":"SMS_FORMATTER","apiDescription":"Sms Formatter","queryKey":"SMS_FORMATTER","url":"Elite2Web/api/serviceBusController/convertJson","queryId":0,"createDatetime":1675899173000,"modifyDatetime":1675899173000,"category":"SYSTEM"}]