[{"quickAction":[{"queryId":196,"queryKey":"RESPONSE_FORMATTER","queryText":"SELECT 1 FROM DUAL","queryDesc":"Response Formatter"}],"actionParams":[{"createUserId":"OMS_OWNER","parameterId":225,"queryKey":"RESPONSE_FORMATTER","parameterCode":"PrisonerAdmissionDetails","parameterDescription":"Prisoner Admission Details","parameterType":"String","createDatetime":1662586147473},{"createUserId":"OMS_OWNER","parameterId":226,"queryKey":"RESPONSE_FORMATTER","parameterCode":"PrisonerAliasDetails","parameterDescription":"Prisoner Alias Details","parameterType":"String","createDatetime":1662586147473},{"createUserId":"OMS_OWNER","parameterId":227,"queryKey":"RESPONSE_FORMATTER","parameterCode":"PrisonerDetails","parameterDescription":"Prisoner Details","parameterType":"String","createDatetime":1662586147473},{"createUserId":"OMS_OWNER","parameterId":228,"queryKey":"RESPONSE_FORMATTER","parameterCode":"PrisonerHousingDetails","parameterDescription":"Prisoner Housing Details","parameterType":"String","createDatetime":1662586147473},{"createUserId":"OMS_OWNER","parameterId":229,"queryKey":"RESPONSE_FORMATTER","parameterCode":"PrisonerIdentifierDetails","parameterDescription":"Prisoner Identifier Details","parameterType":"String","createDatetime":1662586147473},{"createUserId":"OMS_OWNER","parameterId":230,"queryKey":"RESPONSE_FORMATTER","parameterCode":"PrisonerReleaseDetails","parameterDescription":"Prisoner Release Details","parameterType":"String","createDatetime":1662586147473},{"createUserId":"OMS_OWNER","parameterId":231,"queryKey":"RESPONSE_FORMATTER","parameterCode":"PrisonerTransferDetails","parameterDescription":"PrisonerTransferDetails","parameterType":"String","createDatetime":1662586147473},{"createUserId":"OMS_OWNER","parameterId":232,"queryKey":"RESPONSE_FORMATTER","parameterCode":"specificationKey","parameterDescription":"specificationKey","parameterType":"String","createDatetime":1662586147473,"modifyDatetime":1662586147473,"modifyUserId":"OMS_OWNER"},{"createUserId":"OMS_OWNER","parameterId":233,"queryKey":"RESPONSE_FORMATTER","parameterCode":"offenderData","parameterDescription":"offenderData","parameterType":"String","createDatetime":1662586147473},{"createUserId":"OMS_OWNER","parameterId":234,"queryKey":"RESPONSE_FORMATTER","parameterCode":"MessageId","parameterDescription":"MessageId","parameterType":"String","createDatetime":1662586147473},{"createUserId":"OMS_OWNER","parameterId":235,"queryKey":"RESPONSE_FORMATTER","parameterCode":"AstriaPersonId","parameterDescription":"AstriaPersonId","parameterType":"String","createDatetime":1662586147473}],"createUserId":"OMS_OWNER","apiId":"RESPONSE_FORMATTER","apiDescription":"Response Formatter","queryKey":"RESPONSE_FORMATTER","url":"Elite2Web/api/serviceBusController/convertJson","queryId":0,"createDatetime":1662586151000},{"quickAction":[{"queryId":183,"queryKey":"GET_ASTRIA_PERSON_ID","queryText":"select oi.identifier astriaPersonId   from   offender_identifiers oi,offender_bookings ob\r\nWHERE\r\n    ob.offender_book_id = :offenderBookId\r\n    AND ob.root_offender_id = oi.root_offender_id \r\n    AND oi.identifier_type= 'APID'","queryDesc":"GetAstriaPersonId"}],"actionParams":[{"createUserId":"OMS_OWNER","parameterId":204,"queryKey":"GET_ASTRIA_PERSON_ID","parameterCode":"offenderBookId","parameterDescription":"offenderBookId","parameterType":"Number","createDatetime":1660825461325,"modifyDatetime":1660805851000,"modifyUserId":"OMS_OWNER"}],"createUserId":"OMS_OWNER","apiId":"GET_ASTRIA_PERSON_ID","apiDescription":"GetAstriaPersonId","queryKey":"GET_ASTRIA_PERSON_ID","url":"Elite2Web/api/cmdaction/executeSelectQuery","queryId":0,"createDatetime":1660825468000,"modifyDatetime":1660825468000},{"quickAction":[{"queryId":181,"queryKey":"GET_PRISONER_ADMISSION","queryText":"SELECT\r\n    lv.level_1_code housingLevelOneCode,\r\n    al.housing_lev_1_code housingLevelOneTypeCode,\r\n     lv.level_2_code housingLevelTwoCode,\r\n    al.housing_lev_2_code housingLevelTwoTypeCode,\r\n    lv.level_3_code housingLevelThreeCode,\r\n    al.housing_lev_3_code housingLevelThreeTypeCode,\r\n    lv.level_4_code housingLevelFourCode,\r\n    al.housing_lev_4_code housingLevelFourTypeCode,\r\n    lv.description housingLocationCode,\r\n    lv.agy_loc_id housingFacilityCode,\r\n     to_char(oe.MOVEMENT_TIME::TIMESTAMP AT TIME ZONE 'GMT', 'YYYY-MM-DD\"T\"HH24:MI:SS\"Z\"') as admissionDateAndTime, \r\n     oe.MOVEMENT_REASON_CODE admissionReason\r\nFROM\r\n    bed_assignment_histories bd,\r\n    offender_external_movements oe,\r\n    living_units lv,\r\n    agency_locations al\r\nWHERE\r\n    bd.offender_book_id = :offenderBookId\r\n    AND bd.bed_assign_seq = (\r\n        SELECT\r\n            MAX(bed_assign_seq)\r\n        FROM\r\n            bed_assignment_histories\r\n        WHERE\r\n            offender_book_id = :offenderBookId\r\n    )\r\n\tand oe.movement_seq = (\r\n        SELECT\r\n            MAX(movement_seq)\r\n        FROM\r\n            offender_external_movements\r\n        WHERE\r\n            offender_book_id = :offenderBookId\r\n    )\r\n    and bd.offender_book_id = oe.offender_book_id \r\n    and oe.movement_type='ADM'\r\n    AND lv.living_unit_id=bd.living_unit_id\r\n    and al.agy_loc_id=lv.agy_loc_id","queryDesc":"Prisoner Admission Details"}],"actionParams":[{"createUserId":"OMS_OWNER","parameterId":202,"queryKey":"GET_PRISONER_ADMISSION","parameterCode":"offenderBookId","parameterDescription":"offenderBookId","parameterType":"Number","createDatetime":1660662485707}],"createUserId":"OMS_OWNER","apiId":"GET_PRISONER_ADMISSION","apiDescription":"PrisonerAdmissionDetails","queryKey":"GET_PRISONER_ADMISSION","url":"Elite2Web/api/cmdaction/executeSelectQuery","queryId":0,"createDatetime":1660662485000,"modifyDatetime":1660662485000},{"quickAction":[{"queryId":179,"queryKey":"PRISONER_TRANSFER_DETAILS","queryText":"SELECT\n    to_char(movement_time::TIMESTAMP AT TIME ZONE 'GMT', 'YYYY-MM-DD\"T\"HH24:MI:SS\"Z\"') as transferOutDateAndTime, \n    movement_reason_code   transferReasonCode,\n    to_agy_loc_id  transferToFacilityCode\nFROM\n    offender_external_movements\nWHERE\n    offender_book_id = :offenderBookId\n   \n  AND movement_seq = (\n        SELECT\n            MAX(movement_seq)\n        FROM\n            offender_external_movements\n        WHERE\n            offender_book_id = :offenderBookId \n           \n    )","queryDesc":"Transfer Details"}],"actionParams":[{"createUserId":"OMS_OWNER","parameterId":201,"queryKey":"PRISONER_TRANSFER_DETAILS","parameterCode":"offenderBookId","parameterDescription":"offenderBookId","parameterType":"Number","createDatetime":1660661992509}],"createUserId":"OMS_OWNER","apiId":"PRISONER_TRANSFER_DETAILS","apiDescription":"Transfer Details","queryKey":"PRISONER_TRANSFER_DETAILS","url":"Elite2Web/api/cmdaction/executeSelectQuery","queryId":0,"createDatetime":1660661992000,"modifyDatetime":1660661992000},{"quickAction":[{"queryId":172,"queryKey":"GET_PRISONER_DETAILS","queryText":"SELECT\r\n    offenders.last_name familyName,\r\n     offenders.offender_id_display eliteOffenderId,\r\n      offenders.first_name givenName,\r\n       offenders.middle_name otherGivenNames,\r\n        TO_CHAR(offenders.birth_date ,'YYYY-MM-DD') dateOfBirth,\r\n\t\tto_char(CURRENT_TIMESTAMP::TIMESTAMP AT TIME ZONE 'GMT', 'YYYY-MM-DD\"T\"HH24:MI:SS\"Z\"') dateTime,\r\n\t\toffender_bookings.offender_book_id offenderBookId\r\n\t\t\r\n     FROM\r\n    offender_bookings,\r\n    offenders\r\nWHERE\r\n    offender_bookings.offender_book_id = :offenderBookId\r\n    AND offender_bookings.offender_id = offenders.offender_id","queryDesc":"Prisoner Details "}],"actionParams":[{"createUserId":"OMS_OWNER","parameterId":185,"queryKey":"GET_PRISONER_DETAILS","parameterCode":"offenderBookId","parameterDescription":"offenderBookId","parameterType":"Number","createDatetime":1660661992509}],"createUserId":"OMS_OWNER","apiId":"GET_PRISONER_DETAILS","apiDescription":"PrisonerDetails","queryKey":"GET_PRISONER_DETAILS","url":"Elite2Web/api/cmdaction/executeSelectQuery","queryId":0,"createDatetime":1660661992000,"modifyDatetime":1660661992000},{"quickAction":[{"queryId":173,"queryKey":"GET_PRISONER_IDENTFIERS","queryText":"SELECT\r\n  \r\n   oi. identifier_type identifierTypeCode,\r\n    oi.identifier identifier,\r\n    oi.issued_authority_text issuer\r\n    \r\nFROM\r\n    offender_identifiers oi,\r\n    offender_bookings ob\r\nWHERE\r\n    ob.offender_book_id = :offenderBookId\r\n    AND ob.root_offender_id = oi.root_offender_id","queryDesc":"Prisoner Identifiers"}],"actionParams":[{"createUserId":"OMS_OWNER","parameterId":186,"queryKey":"GET_PRISONER_IDENTFIERS","parameterCode":"offenderBookId","parameterDescription":"offenderBookId","parameterType":"Number","createDatetime":1660661992509}],"createUserId":"OMS_OWNER","apiId":"GET_PRISONER_IDENTFIERS","apiDescription":"PrisonerIdentifierDetails","queryKey":"GET_PRISONER_IDENTFIERS","url":"Elite2Web/api/cmdaction/executeSelectQuery","queryId":0,"createDatetime":1660661992000,"modifyDatetime":1660661992000},{"quickAction":[{"queryId":174,"queryKey":"GET_PRISONER_ALIAS","queryText":"SELECT\r\n    offenders.last_name familyName,\r\n     offenders.offender_id_display eliteOffenderId,\r\n     offenders.alias_name_type aliasTypeCode,\r\n      offenders.first_name givenName,\r\n       offenders.middle_name otherGivenNames,\r\n        TO_CHAR(offenders.birth_date ,'YYYY-MM-DD') dateOfBirth\r\n     FROM\r\n    offender_bookings,\r\n    offenders\r\nWHERE\r\n    offender_bookings.offender_book_id = :offenderBookId\r\n    AND offenders.root_offender_id = offender_bookings.root_offender_id\r\n    AND offenders.offender_id != offender_bookings.offender_id","queryDesc":"Prisoner Alias Details"}],"actionParams":[{"createUserId":"OMS_OWNER","parameterId":187,"queryKey":"GET_PRISONER_ALIAS","parameterCode":"offenderBookId","parameterDescription":"offenderBookId","parameterType":"Number","createDatetime":1660661992509}],"createUserId":"OMS_OWNER","apiId":"GET_PRISONER_ALIAS","apiDescription":"PrisonerAliasDetails","queryKey":"GET_PRISONER_ALIAS","url":"Elite2Web/api/cmdaction/executeSelectQuery","queryId":0,"createDatetime":1660661992000,"modifyDatetime":1660661992000},{"quickAction":[{"queryId":175,"queryKey":"GET_PRISONER_HOUSING","queryText":"SELECT\r\n    \r\n    lv.level_1_code newHousingLevelOneCode,\r\n    al.housing_lev_1_code newHousingLevelOneTypeCode,\r\n    \r\n    lv.level_2_code newHousingLevelTwoCode,\r\n    al.housing_lev_2_code newHousingLevelTwoTypeCode,\r\n    lv.level_3_code newHousingLevelThreeCode,\r\n    al.housing_lev_3_code newHousingLevelThreeTypeCode,\r\n    lv.level_4_code newHousingLevelFourCode,\r\n    al.housing_lev_4_code newHousingLevelFourTypeCode,\r\n    lv.description newHousingLocationCode,\r\n    lv.agy_loc_id newHousingFacilityCode,\r\n   \r\n    to_char(bd.assignment_time::TIMESTAMP AT TIME ZONE 'GMT', 'YYYY-MM-DD\"T\"HH24:MI:SS\"Z\"') as newHousingDateAndTime\r\n    \r\nFROM\r\n    bed_assignment_histories bd,\r\n    living_units lv,\r\n    agency_locations al\r\nWHERE\r\n    offender_book_id = :offenderBookId\r\n    AND bed_assign_seq = (\r\n        SELECT\r\n            MAX(bed_assign_seq)\r\n        FROM\r\n            bed_assignment_histories\r\n        WHERE\r\n            offender_book_id = :offenderBookId\r\n    )\r\n    AND lv.living_unit_id=bd.living_unit_id\r\n    and al.agy_loc_id=lv.agy_loc_id","queryDesc":"Prisoner Housing Details"}],"actionParams":[{"createUserId":"OMS_OWNER","parameterId":188,"queryKey":"GET_PRISONER_HOUSING","parameterCode":"offenderBookId","parameterDescription":"offenderBookId","parameterType":"Number","createDatetime":1660661992509}],"createUserId":"OMS_OWNER","apiId":"GET_PRISONER_HOUSING","apiDescription":"PrisonerHousingDetails","queryKey":"GET_PRISONER_HOUSING","url":"Elite2Web/api/cmdaction/executeSelectQuery","queryId":0,"createDatetime":1660661992000,"modifyDatetime":1660661992000},{"quickAction":[{"queryId":178,"queryKey":"GET_PRISONER_RELEASE","queryText":"SELECT\n   to_char(movement_time::TIMESTAMP AT TIME ZONE 'GMT', 'YYYY-MM-DD\"T\"HH24:MI:SS\"Z\"') as releasedateandtime,  \n    movement_reason_code   releasereasoncode\nFROM\n    offender_external_movements\nWHERE\n    offender_book_id = :offenderBookId\n    AND movement_seq = (\n        SELECT\n            MAX(movement_seq)\n        FROM\n            offender_external_movements\n        WHERE\n            offender_book_id = :offenderBookId\n    )","queryDesc":"Prisoner Release Details"}],"actionParams":[{"createUserId":"OMS_OWNER","parameterId":200,"queryKey":"GET_PRISONER_RELEASE","parameterCode":"offenderBookId","parameterDescription":"offenderBookId","parameterType":"Number","createDatetime":1660661992509}],"createUserId":"OMS_OWNER","apiId":"GET_PRISONER_RELEASE","apiDescription":"PrisonerReleaseDetails","queryKey":"GET_PRISONER_RELEASE","url":"Elite2Web/api/cmdaction/executeSelectQuery","queryId":0,"createDatetime":1660661992000,"modifyDatetime":1660661992000},{"quickAction":[{"queryId":165,"queryKey":"GET_MESSAGE_ID","queryText":"select NEXTVAL('EXTERNAL_MESSAGE_ID')::text  messageId from dual","queryDesc":"GetMessageId"}],"actionParams":[],"createUserId":"OMS_OWNER","apiId":"GET_MESSAGE_ID","apiDescription":"GetMessageId","queryKey":"GET_MESSAGE_ID","url":"Elite2Web/api/cmdaction/executeSelectQuery","queryId":0,"createDatetime":1660661687000,"modifyDatetime":1660661687000}]