[{"quickAction":[{"queryId":262,"queryKey":"GET_OFFENDER_DEATAILS_RESPONSE_DATA","queryText":"select * from dual","queryDesc":"Get Offender Details Response Data","category":"PRODUCT"}],"actionParams":[{"createUserId":"NAVI","parameterId":450,"queryKey":"GET_OFFENDER_DEATAILS_RESPONSE_DATA","parameterCode":"offenderBookId","parameterDescription":"Offender Book Id","parameterType":"String","createDatetime":1689072785435},{"createUserId":"NAVI","parameterId":477,"queryKey":"GET_OFFENDER_DEATAILS_RESPONSE_DATA","parameterCode":"specificationKey","parameterDescription":"Specification Key","parameterType":"String","createDatetime":1690799789928}],"createUserId":"NAVI","apiId":"GET_OFFENDER_DEATAILS_RESPONSE_DATA","apiDescription":"Get Offender Details Response Data","queryKey":"GET_OFFENDER_DEATAILS_RESPONSE_DATA","url":"Elite2Web/api/serviceBusController/convertJson","queryId":0,"createDatetime":1689072956000,"modifyDatetime":1690799442000,"modifyUserId":"OMS_OWNER","category":"PRODUCT"}]