[{"quickAction":[{"queryId":173,"queryKey":"GET_PRISONER_IDENTFIERS","queryText":"SELECT\n   oi. identifier_type identifierTypeCode,\n    oi.identifier identifier,\n    oi.issued_authority_text issuer\nFROM\n    offender_identifiers oi,\n    offender_bookings ob\nWHERE\n    ob.offender_book_id = :offenderBookId\n    AND ob.root_offender_id = oi.root_offender_id and\n   offender_id_seq =  (select max(offender_id_seq) from offender_identifiers where root_offender_id = ob.root_offender_id)","queryDesc":"Prisoner Identifiers","category":"PRODUCT"}],"actionParams":[{"createUserId":"OMS_OWNER","parameterId":470,"queryKey":"GET_PRISONER_IDENTFIERS","parameterCode":"offenderBookId","parameterDescription":"offenderBookId","parameterType":"Number","createDatetime":1667195086383,"modifyDatetime":1667195086383}],"createUserId":"OMS_OWNER","apiId":"GET_PRISONER_IDENTFIERS","apiDescription":"PrisonerIdentifierDetails","queryKey":"GET_PRISONER_IDENTFIERS","url":"Elite2Web/api/cmdaction/executeSelectQuery","queryId":0,"createDatetime":1660661992000,"modifyDatetime":1667195086000,"modifyUserId":"OMS_OWNER","category":"PRODUCT"}]