[{"quickAction":[{"queryId":277,"queryKey":"GET_SENT_COND_ID_FOR_CRS_ACT_ID","queryText":"select offender_sent_condition_id, sentence_seq from offender_program_profiles where offender_book_id = :offenderBookId and crs_acty_id = :crsActyId and off_prgref_id = ( select max(off_prgref_id) from offender_program_profiles where offender_book_id = :offenderBookId and crs_acty_id = :crsActyId )","queryDesc":"Get Sent Cond Id for Crs Act Id","category":"CLIENT"}],"actionParams":[{"createUserId":"OMS_OWNER","parameterId":490,"queryKey":"GET_SENT_COND_ID_FOR_CRS_ACT_ID","parameterCode":"crsActyId","parameterDescription":"Crs Acty Id","parameterType":"Number","createDatetime":1690436530504,"modifyDatetime":1690436530504},{"createUserId":"OMS_OWNER","parameterId":489,"queryKey":"GET_SENT_COND_ID_FOR_CRS_ACT_ID","parameterCode":"offenderBookId","parameterDescription":"Offender Book Id","parameterType":"Number","createDatetime":1690436530504,"modifyDatetime":1690436530504}],"createUserId":"OMS_OWNER","apiId":"GET_SENT_COND_ID_FOR_CRS_ACT_ID","apiDescription":"Get Sent Cond Id for Crs Act Id","queryKey":"GET_SENT_COND_ID_FOR_CRS_ACT_ID","url":"Elite2Web/api/cmdaction/executeSelectQuery","queryId":0,"createDatetime":1690436590000,"modifyDatetime":1690436590000,"category":"CLIENT"},{"quickAction":[{"queryId":276,"queryKey":"GET_CS_CONDITION_STAFF_MAIL_ID","queryText":"select\n\tsm.first_name,\n\tsm.last_name, \n\tSTRING_AGG(ia.internet_address, ',') AS internet_addresses\nfrom\n\toffender_cond_transfer oct,\n\tstaff_members sm,\n\tinternet_addresses ia\nwhere\n\toffender_book_id = :offenderBookId\n\tand offender_sent_condition_id = :offenderSentConditionId\n\tand con_transfer_id = (\n\tselect\n\t\tmax(con_transfer_id)\n\tfrom\n\t\toffender_cond_transfer\n\twhere\n\t\toffender_book_id = :offenderBookId\n\t\tand offender_sent_condition_id = :offenderSentConditionId)\n\tand sm.staff_id = oct.staff_id\n\tand ia.owner_class = 'STF'\n\tand ia.owner_id = oct.staff_id\ngroup by sm.staff_id","queryDesc":"Get CS Condition Staff Mail Id","category":"CLIENT"}],"actionParams":[{"createUserId":"OMS_OWNER","parameterId":487,"queryKey":"GET_CS_CONDITION_STAFF_MAIL_ID","parameterCode":"offenderBookId","parameterDescription":"Offender Book Id","parameterType":"Number","createDatetime":1690430810212,"modifyDatetime":1690430810212},{"createUserId":"OMS_OWNER","parameterId":488,"queryKey":"GET_CS_CONDITION_STAFF_MAIL_ID","parameterCode":"offenderSentConditionId","parameterDescription":"Offender Sent Condition Id","parameterType":"Number","createDatetime":1690430810212,"modifyDatetime":1690436550443,"modifyUserId":"OMS_OWNER"}],"createUserId":"OMS_OWNER","apiId":"GET_CS_CONDITION_STAFF_MAIL_ID","apiDescription":"Get CS Condition Staff Mail Id","queryKey":"GET_CS_CONDITION_STAFF_MAIL_ID","url":"Elite2Web/api/cmdaction/executeSelectQuery","queryId":0,"createDatetime":1690430869000,"modifyDatetime":1690430869000,"category":"CLIENT"},{"quickAction":[{"queryId":230,"queryKey":"GET_FTA_COUNT","queryText":"select count(*) from OFFENDER_COURSE_ATTENDANCES where offender_book_id = :offenderBookId and event_outcome = 'FTA'","queryDesc":"Get FTA Count","category":"CLIENT"}],"actionParams":[{"createUserId":"OMS_OWNER","parameterId":392,"queryKey":"GET_FTA_COUNT","parameterCode":"offenderBookId","parameterDescription":"Offender Book Id","parameterType":"Number","createDatetime":1684896503545,"modifyDatetime":1684902902249,"modifyUserId":"OMS_OWNER"}],"createUserId":"OMS_OWNER","apiId":"GET_FTA_COUNT","apiDescription":"Get FTA Count","queryKey":"GET_FTA_COUNT","url":"Elite2Web/api/cmdaction/executeSelectQuery","queryId":0,"createDatetime":1684896563000,"modifyDatetime":1684896563000,"category":"CLIENT"},{"quickAction":[{"queryId":42,"queryKey":"GET_OFFENDER_DETAILS","queryText":"SELECT \n    vo.offender_book_id,\n    vo.offender_id,\n    vo.offender_id_display,\n    vo.first_name,\n    vo.last_name,\n    vo.middle_name,\n    vo.birth_date,\n    ref_code.description sex_code,\n   to_char(vo.birth_date,'DD/MM/YYYYY') as dob,\n  (select description from agency_locations al where agy_loc_id= vo.agy_loc_id ) as facility\nFROM \n    v_offenders vo,\n    reference_codes ref_code\nwhere\n    ref_code.domain = 'SEX' and \n \tref_code.code= vo.sex_code and\n    vo.offender_book_id = :offenderBookId","queryDesc":"Get Offender Details","category":"CLIENT"}],"actionParams":[{"createUserId":"OMS_OWNER","parameterId":46,"queryKey":"GET_OFFENDER_DETAILS","parameterCode":"offenderBookId","parameterDescription":"Offender Book Id","parameterType":"Number","createDatetime":1662705229751,"modifyDatetime":1662705229751}],"createUserId":"OMS_OWNER","apiId":"GET_OFFENDER_DETAILS","apiDescription":"Get Offender Details","queryKey":"GET_OFFENDER_DETAILS","url":"Elite2Web/api/cmdaction/executeSelectQuery","queryId":0,"createDatetime":1662705289000,"modifyDatetime":1662705289000,"category":"CLIENT"}]