[{"processKey":"Authenticate_Elite_API","processDesc":"Authenticate Elite API","xmlFileName":"Authenticate_Elite_API.bpmn","commonProcess":"Y","category":"PRODUCT"},{"processKey":"CMN_POLICE_WARNINGS_REQUEST_NOTIFY","processDesc":"CMN_POLICE_WARNINGS_REQUEST_NOTIFY","xmlFileName":"CMN_POLICE_WARNINGS_REQUEST_NOTIFY.bpmn","commonProcess":"Y","category":"CLIENT"},{"processKey":"CMN_SYSTEM_USER_ID_GET","processDesc":"CMN_SYSTEM_USER_ID_GET","xmlFileName":"CMN_SYSTEM_USER_ID_GET.bpmn","commonProcess":"Y","category":"PRODUCT"}]