[{"quickAction":[{"queryId":227,"queryKey":"OFF_FEE_BILLS_TRIGGERS","queryText":"SELECT 1 FROM DUEL","queryDesc":"Off Fee Bills Triggers","category":"PRODUCT"}],"actionParams":[{"createUserId":"OMS_OWNER","parameterId":389,"queryKey":"OFF_FEE_BILLS_TRIGGERS","parameterCode":"TriggerBean","parameterDescription":"TriggerBean","parameterType":"String","createDatetime":1684831605941,"modifyDatetime":1684831605941},{"createUserId":"OMS_OWNER","parameterId":390,"queryKey":"OFF_FEE_BILLS_TRIGGERS","parameterCode":"TriggerName","parameterDescription":"TriggerName","parameterType":"String","createDatetime":1684831605941,"modifyDatetime":1684831605941}],"createUserId":"OMS_OWNER","apiId":"OFF_FEE_BILLS_TRIGGERS","apiDescription":"Off Fee Bills Triggers","queryKey":"OFF_FEE_BILLS_TRIGGERS","url":"Elite2Web/api/ocdofacc/offFeeBillsTrigger","queryId":0,"createDatetime":1684831671000,"modifyDatetime":1684831671000,"category":"PRODUCT"},{"quickAction":[{"queryId":209,"queryKey":"UPDATE_FEE_STATUS_TOACTIVE","queryText":"UPDATE OFF_FEE_ACCOUNT_PROFILE SET FEE_ACT_STATUS = 'A' , STATUS_EFFECTIVE_DATE = current_date  WHERE OFFENDER_FEE_ID = :offender_fee_id","queryDesc":"Update Fee Status To Active","category":"PRODUCT"}],"actionParams":[{"createUserId":"OMS_OWNER","parameterId":354,"queryKey":"UPDATE_FEE_STATUS_TOACTIVE","parameterCode":"feeListObj","parameterDescription":"feeListObj","parameterType":"String","createDatetime":1682506411162,"modifyDatetime":1682506411162}],"createUserId":"OMS_OWNER","apiId":"UPDATE_FEE_STATUS_TOACTIVE","apiDescription":"Update Fee Status To Active","queryKey":"UPDATE_FEE_STATUS_TOACTIVE","url":"Elite2Web/api/cmdaction/batchUpdateQuery","queryId":0,"createDatetime":1682576763000,"modifyDatetime":1684754640000,"modifyUserId":"OMS_OWNER","category":"PRODUCT"},{"quickAction":[{"queryId":208,"queryKey":"UPDATE_OFF_SUB_ACC_BALANCE","queryText":"UPDATE offender_sub_accounts SET BALANCE = :balance WHERE CASELOAD_ID = :caseload_id AND OFFENDER_ID = :offender_id AND TRUST_ACCOUNT_CODE = :trust_account_code\n","queryDesc":"Update Off Sub Acc Balance","category":"PRODUCT"}],"actionParams":[{"createUserId":"OMS_OWNER","parameterId":353,"queryKey":"UPDATE_OFF_SUB_ACC_BALANCE","parameterCode":"feeObject","parameterDescription":"feeObject","parameterType":"String","createDatetime":1682506306116,"modifyDatetime":1682506306116}],"createUserId":"OMS_OWNER","apiId":"UPDATE_OFF_SUB_ACC_BALANCE","apiDescription":"Update Off Sub Acc Balance","queryKey":"UPDATE_OFF_SUB_ACC_BALANCE","url":"Elite2Web/api/cmdaction/batchUpdateQuery","queryId":0,"createDatetime":1682576704000,"modifyDatetime":1684754626000,"modifyUserId":"OMS_OWNER","category":"PRODUCT"},{"quickAction":[{"queryId":207,"queryKey":"UPDATE_FEE_OVERRIDE_QUERY","queryText":"update OFF_FEE_ACCOUNT_OVERRIDES set bill_generated_flag= 'Y' where OFF_FEE_OVERRIDE_ID = :off_fee_override_id","queryDesc":"Update Fee Override Flag","category":"PRODUCT"}],"actionParams":[{"createUserId":"OMS_OWNER","parameterId":352,"queryKey":"UPDATE_FEE_OVERRIDE_QUERY","parameterCode":"feeObject","parameterDescription":"feeObject","parameterType":"String","createDatetime":1682506215441,"modifyDatetime":1682506215441}],"createUserId":"OMS_OWNER","apiId":"UPDATE_FEE_OVERRIDE_QUERY","apiDescription":"Update Fee Override Flag","queryKey":"UPDATE_FEE_OVERRIDE_QUERY","url":"Elite2Web/api/cmdaction/batchUpdateQuery","queryId":0,"createDatetime":1682576568000,"modifyDatetime":1684754454000,"modifyUserId":"OMS_OWNER","category":"PRODUCT"},{"quickAction":[{"queryId":206,"queryKey":"INSERT_FEE_BILL_TXN","queryText":"insert\n\tinto\n\tOFF_FEE_BILL_TRANSACTIONS (BILL_ID,\n\tBILL_TXN_NO,\n\tBILL_TXN_DATETIME,\n\tBILL_TXN_STAFF_ID,\n\tBILL_TXN_USER,\n\tBILL_TXN_TYPE,\n\tBILL_TXN_AMOUNT,\n\tTRUST_TXN_ID,\n\tTRUST_TXN_ENTRY_SEQ,\n\tOFF_ADJ_CANC_RSN,\n\tOFF_ADJ_SUB_RSN,\n\tOFF_ADJ_TXN_ID,\n\tOFF_ADJ_REV_RSN,\n\tBILL_STATUS,\n\tBILL_AGING_START_DATE,\n\tBILL_AGING_END_DATE,\n\tBILL_TXN_COMMENT,\n\tORIGINAL_BILL_ID,\n\tORIGINAL_BILL_TXN_NO,\n\tORIGINAL_OFF_ADJ_TXN_ID,\n\tTXN_STATEMENT_GENERATED_FLAG,\n\tBILLING_STATEMENT_ID,\n\tCREATE_DATETIME,\n\tCREATE_USER_ID)\nvalues(:billId,\n:billTxnNo,\nto_date(replace(:billDate, 'T', ' '), 'yyyy-mm-dd HH24:MI:SS'),\nnull,\n:billTxnUser,\n:billTxnType,\n:billTxnAmount,\nnull,\nnull,\n:offAdjCancRsn,\n:offAdjSubRsn,\nnull,\n:offAdjRevRsn,\n:billStatus,\ndate_trunc('day',(TO_TIMESTAMP(replace(:bill_aging_start_date::text, 'T', ' '), 'yyyy-mm-dd HH24:MI:SS'))),\ndate_trunc('day',(TO_TIMESTAMP(replace(:bill_aging_end_date::text, 'T', ' '), 'yyyy-mm-dd HH24:MI:SS'))),\n:billTxnComment,\nnull,\nnull,\nnull,\n:txnStatementGeneratedFlag,\nnull,\ncurrent_timestamp,\n:createUserId)","queryDesc":"Fee Bill Txn Insert","category":"PRODUCT"}],"actionParams":[{"createUserId":"OMS_OWNER","parameterId":351,"queryKey":"INSERT_FEE_BILL_TXN","parameterCode":"feeTxnList","parameterDescription":"feeTxnList","parameterType":"List","createDatetime":1682506124115,"modifyDatetime":1684754934851,"modifyUserId":"OMS_OWNER"}],"createUserId":"OMS_OWNER","apiId":"INSERT_FEE_BILL_TXN","apiDescription":"Fee Bill Txn Insert","queryKey":"INSERT_FEE_BILL_TXN","url":"Elite2Web/api/cmdaction/batchUpdateQuery","queryId":0,"createDatetime":1682575243000,"modifyDatetime":1684754435000,"modifyUserId":"OMS_OWNER","category":"PRODUCT"},{"quickAction":[{"queryId":205,"queryKey":"OFF_FEE_BILL_INSERT","queryText":"insert\n\tinto\n\tOFF_FEE_BILLS(BILL_ID,\n\tOFFENDER_FEE_ID,\n\tBILL_DATE,\n\tBILL_GENERATE_DATETIME,\n\tBILL_GENERATE_AMOUNT,\n\tBILL_GENERATE_STAFF_ID,\n\tBILL_GENERATE_USER,\n\tBILL_AR_START_DATE,\n\tBILL_AR_DUE_DATE,\n\tBILL_LDPP_START_DATE,\n\tBILL_LDPP_END_DATE,\n\tSTATEMENT_GENERATED_FLAG,\n\tBILLING_STATEMENT_ID,\n\tCREATE_DATETIME,\n\tCREATE_USER_ID,\n\tBACK_BILL)\nvalues(:billId,\n:offender_fee_id,\ndate_trunc('day', TO_TIMESTAMP(replace(:billDate, 'T', ' '), 'yyyy-mm-dd HH24:MI:SS')),\ncurrent_timestamp,\n:billGenerateAmount,\nnull,\n:billGenerateUser,\ndate_trunc('day',(TO_TIMESTAMP(replace(:billExpectedStatementDate::text, 'T', ' '), 'yyyy-mm-dd HH24:MI:SS'))) ,\n(\nselect\n\t( date_trunc('day',(TO_TIMESTAMP(replace(:billExpectedStatementDate::text, 'T', ' '), 'yyyy-mm-dd HH24:MI:SS'))) + (29 || ' DAYS')::interval )\nfrom\n\tDUAL),\n(\nselect\n\t( date_trunc('day',(TO_TIMESTAMP(replace(:billExpectedStatementDate::text, 'T', ' '), 'yyyy-mm-dd HH24:MI:SS'))) + (30 || ' DAYS')::interval )\nfrom\n\tDUAL),\n(\nselect\n\t( date_trunc('day',(TO_TIMESTAMP(replace(:billExpectedStatementDate::text, 'T', ' '), 'yyyy-mm-dd HH24:MI:SS'))) + (119 || ' DAYS')::interval )\nfrom\n\tDUAL),\n:statementGeneratedFlag,\nnull,\ncurrent_timestamp,\n:createUserId,\n:back_bill)","queryDesc":"Off Fee Bill Insert","category":"PRODUCT"}],"actionParams":[{"createUserId":"OMS_OWNER","parameterId":350,"queryKey":"OFF_FEE_BILL_INSERT","parameterCode":"feeList","parameterDescription":"feeList","parameterType":"List","createDatetime":1682506012090,"modifyDatetime":1684754907850,"modifyUserId":"OMS_OWNER"}],"createUserId":"OMS_OWNER","apiId":"OFF_FEE_BILL_INSERT","apiDescription":"Off Fee Bill Insert","queryKey":"OFF_FEE_BILL_INSERT","url":"Elite2Web/api/cmdaction/batchUpdateQuery","queryId":0,"createDatetime":1682573133000,"modifyDatetime":1684754423000,"modifyUserId":"OMS_OWNER","category":"PRODUCT"},{"quickAction":[{"queryId":215,"queryKey":"BACKDATED_BILLS_DATA","queryText":"select OFFENDER_FEE_ID,CASELOAD_ID,AMOUNT,START_date,FREQUENCY_CODE,FEE_ACT_STATUS ,offBkgId offender_book_id,FC FEE_CODE,\n(select coalesce(SUM(BALANCE),0)  from offender_sub_accounts where offender_id =\n(select offender_id from offender_bookings where offender_book_id = offBkgId) and TRUST_ACCOUNT_CODE  in\n(SELECT B.ACCOUNT_CODE FROM DEDUCTION_TYPES A, FEE_ACCOUNTS B WHERE B.FEE_CODE = A.DEDUCTION_TYPE and EXPIRY_DATETIME is null AND B.FEE_CODE = FC)) prepaidAmount,\nbill_date,expiry_date,effective_date ,status_effective_date \nfrom\n(SELECT distinct( OFP.OFFENDER_FEE_ID),OFP.CASELOAD_ID,OFP.AMOUNT,ofp.START_date,FEE_ACT_STATUS,OFP.FEE_CODE FC,OFP.effective_date ,OFP.status_effective_date \n,'MONTHLY' FREQUENCY_CODE, offender_book_id offBkgId,expiry_date,\n(select max(bill_date) from off_fee_bills where offender_fee_id = OFP.OFFENDER_FEE_ID ) bill_date\nFROM OFF_FEE_ACCOUNT_PROFILE OFP\nWHERE OFP.FEE_CODE in (SELECT DEDUCTION_TYPE  FROM CASELOAD_DEDUCTION_PROFILES WHERE FREQUENCY_TYPE='RECUR'  and frequency_code In ('MONTHLY') AND CASELOAD_ID=OFP.CASELOAD_ID AND DEDUCTION_TYPE=OFP.FEE_CODE\nAND  BACK_BILL = 'Y' and NON_BILLABLE_STATUS = 'Y')\nand ((ofp.day_of_month=extract(day from current_date) OR (to_date(OFP.expiry_date::text,'YYYY/MM/DD') = to_date(current_date::text,'YYYY/MM/DD'))))\nUNION\n(SELECT distinct( OFP.OFFENDER_FEE_ID),OFP.CASELOAD_ID\n,OFP.AMOUNT\n,ofp.START_date,FEE_ACT_STATUS,OFP.FEE_CODE FC,OFP.effective_date ,OFP.status_effective_date \n,'DAILY' FREQUENCY_CODE,offender_book_id,expiry_date,\n(select max(bill_date) from off_fee_bills where offender_fee_id = OFP.OFFENDER_FEE_ID ) bill_date\nFROM OFF_FEE_ACCOUNT_PROFILE OFP\nWHERE OFP.FEE_CODE in (SELECT DEDUCTION_TYPE  FROM CASELOAD_DEDUCTION_PROFILES WHERE FREQUENCY_TYPE='RECUR'  and frequency_code In ('DAILY') AND CASELOAD_ID=OFP.CASELOAD_ID AND DEDUCTION_TYPE=OFP.FEE_CODE\nAND  BACK_BILL = 'Y' and NON_BILLABLE_STATUS = 'Y')\nand ofp.start_date <= current_date\nand ((extract(day from current_date) = (SELECT profile_value  from system_profiles where  profile_code = 'BILL_END_DAY' and profile_type = 'CLIENT')::Integer)\nOR (to_date(OFP.expiry_date::text,'YYYY/MM/DD') = to_date(current_date::text,'YYYY/MM/DD'))))\nUNION\n(SELECT distinct( OFP.OFFENDER_FEE_ID),OFP.CASELOAD_ID,OFP.AMOUNT,ofp.START_date,FEE_ACT_STATUS,OFP.FEE_CODE FC,OFP.effective_date ,OFP.status_effective_date \n,'ONE' FREQUENCY_CODE,offender_book_id,expiry_date\n,(select max(bill_date) from off_fee_bills where offender_fee_id = OFP.OFFENDER_FEE_ID ) bill_date\nFROM OFF_FEE_ACCOUNT_PROFILE OFP\nWHERE OFFENDER_FEE_ID not in ( select OFFENDER_FEE_ID from off_fee_bills where offender_fee_id = OFFENDER_FEE_ID ) AND\nOFP.FEE_CODE in (SELECT DEDUCTION_TYPE  FROM CASELOAD_DEDUCTION_PROFILES WHERE FREQUENCY_TYPE='ONE'  AND CASELOAD_ID=OFP.CASELOAD_ID AND DEDUCTION_TYPE=OFP.FEE_CODE\nAND  BACK_BILL = 'Y' and NON_BILLABLE_STATUS = 'Y')\nand to_date(OFP.expiry_date::text,'YYYY/MM/DD') <= to_date(current_date::text,'YYYY/MM/DD')))offFee\nwhere\nFEE_ACT_STATUS not in ('S', 'C')\nand offBkgId in (select offender_book_id from off_supervision_sts_hty osh where ERROR_FLAG = 'N' and offender_sup_id = (select max(offender_sup_id) from off_supervision_sts_hty where offender_book_id = offBkgId)\nand osh.SUP_STATUS  in (SELECT CODE FROM REFERENCE_CODES WHERE DOMAIN = 'SUP_STATUS' AND CODE = osh.SUP_STATUS AND PARENT_CODE = 'B'))\nAND (BILL_DATE is null or extract(month from BILL_DATE)< extract(month from current_date)\nor (BILL_DATE is not null and to_date(BILL_DATE::text,'YYYY/MM/DD') != to_date(current_date::text,'YYYY/MM/DD') and to_date(expiry_date::text,'YYYY/MM/DD')=to_date(current_date::text,'YYYY/MM/DD'))\nor extract(year from BILL_DATE)< extract(year from current_date) or (to_date(BILL_DATE::text,'YYYY/MM/DD') != to_date(current_date::text,'YYYY/MM/DD') and to_date(expiry_date::text,'YYYY/MM/DD') = to_date(current_date::text,'YYYY/MM/DD')))\nfetch first 10 rows only","queryDesc":"Back Date Bills","category":"PRODUCT"}],"actionParams":[],"createUserId":"OMS_OWNER","apiId":"BACKDATED_BILLS_DATA","apiDescription":"Back Date Bills","queryKey":"BACKDATED_BILLS_DATA","url":"Elite2Web/api/cmdaction/executeSelectQuery","queryId":0,"createDatetime":1683795177000,"modifyDatetime":1683795177000,"category":"PRODUCT"},{"quickAction":[{"queryId":213,"queryKey":"GET_FEE_ACC_BILL_AMOUNT","queryText":"select\n\tNOOFDAYS,\n\tcase\n\t\twhen fs = 'P'\n\t\tand fa = pp then 0\n\t\twhen fs = 'P'\n\t\tand fa>pp then fa-pp\n\t\twhen fs = 'P'\n\t\tand fa<pp then pp-fa\n\t\twhen fs != 'P' then fa\n\tend FEEAMOUNT,\n\tNOOFDAYS * fa TOTALAMOUNT\nfrom\n\t(select case\n\t\t\t\twhen(TO_DATE(:billDate::text, 'YY/MM/DD')>TO_DATE(:startDate::text, 'YY/MM/DD')) then(TO_DATE(:billDate::text, 'YY/MM/DD')-TO_DATE(:startDate::text, 'YY/MM/DD'))::integer\n\t\t\t\telse 1\n\t\t\tend NOOFDAYS, CAST(:prepaidamount as DECIMAL(9,0)) pp,:feeAmount fa,\n\t\t:feeActStatus fs)a","queryDesc":"Get Fee Account Bill Amount","category":"PRODUCT"}],"actionParams":[{"createUserId":"OMS_OWNER","parameterId":360,"queryKey":"GET_FEE_ACC_BILL_AMOUNT","parameterCode":"billDate","parameterDescription":"billDate","parameterType":"String","createDatetime":1683714455459,"modifyDatetime":1683714455459},{"createUserId":"OMS_OWNER","parameterId":361,"queryKey":"GET_FEE_ACC_BILL_AMOUNT","parameterCode":"prepaidamount","parameterDescription":"prepaidamount","parameterType":"String","createDatetime":1683714455459,"modifyDatetime":1685957082301,"modifyUserId":"V"},{"createUserId":"OMS_OWNER","parameterId":362,"queryKey":"GET_FEE_ACC_BILL_AMOUNT","parameterCode":"feeAmount","parameterDescription":"feeAmount","parameterType":"Number","createDatetime":1683714455459,"modifyDatetime":1683714455459},{"createUserId":"OMS_OWNER","parameterId":363,"queryKey":"GET_FEE_ACC_BILL_AMOUNT","parameterCode":"offenderFeeId","parameterDescription":"offenderFeeId","parameterType":"Number","createDatetime":1683714455459,"modifyDatetime":1683714455459},{"createUserId":"OMS_OWNER","parameterId":364,"queryKey":"GET_FEE_ACC_BILL_AMOUNT","parameterCode":"startDate","parameterDescription":"startDate","parameterType":"String","createDatetime":1683714455459,"modifyDatetime":1683714455459},{"createUserId":"OMS_OWNER","parameterId":365,"queryKey":"GET_FEE_ACC_BILL_AMOUNT","parameterCode":"feeActStatus","parameterDescription":"feeActStatus","parameterType":"String","createDatetime":1683714455459,"modifyDatetime":1683714455459}],"createUserId":"OMS_OWNER","apiId":"GET_FEE_ACC_BILL_AMOUNT","apiDescription":"Get Fee Account Bill Amount","queryKey":"GET_FEE_ACC_BILL_AMOUNT","url":"Elite2Web/api/cmdaction/executeSelectQuery","queryId":0,"createDatetime":1683714511000,"modifyDatetime":1683714511000,"category":"PRODUCT"},{"quickAction":[{"queryId":198,"queryKey":"GET_CASELOAD_SEQ","queryText":"SELECT NEXTVAL('SEQUENCE_FEE_BILL_'||:caseloadId) FROM DUAL","queryDesc":"Get Caseload Seq","category":"PRODUCT"}],"actionParams":[{"createUserId":"OMS_OWNER","parameterId":357,"queryKey":"GET_CASELOAD_SEQ","parameterCode":"caseloadId","parameterDescription":"caseloadId","parameterType":"String","createDatetime":1682946497925,"modifyDatetime":1682946497925}],"createUserId":"OMS_OWNER","apiId":"GET_CASELOAD_SEQ","apiDescription":"Get Caseload Seq","queryKey":"GET_CASELOAD_SEQ","url":"Elite2Web/api/cmdaction/getSeqQuery","queryId":0,"createDatetime":1682506699000,"modifyDatetime":1683617160000,"modifyUserId":"OMS_OWNER","category":"PRODUCT"},{"quickAction":[{"queryId":196,"queryKey":"AUTO_FEE_CR","queryText":"SELECT  *  FROM SYSTEM_PROFILES WHERE PROFILE_CODE = 'CF_AUTOFEECR' AND  PROFILE_TYPE ='CLIENT'","queryDesc":"Auto Fee CR","category":"PRODUCT"}],"actionParams":[],"createUserId":"OMS_OWNER","apiId":"AUTO_FEE_CR","apiDescription":"Auto Fee CR","queryKey":"AUTO_FEE_CR","url":"Elite2Web/api/cmdaction/executeSelectQuery","queryId":0,"createDatetime":1682578415000,"modifyDatetime":1682578415000,"category":"PRODUCT"},{"quickAction":[{"queryId":204,"queryKey":"DAILY_AMOUNT_WITH_PREPAID","queryText":"select NOOFDAYS, case when fs = 'P' and fa = pp then 0 when fs = 'P' and fa>pp then fa-pp when fs = 'P' and fa<pp then pp-fa when fs != 'P' then fa end FEEAMOUNT, case when SUM(ODCOUNT)is null and fs = 'P' and fa>pp then NOOFDAYS *(fa-pp) when SUM(ODCOUNT)is null and fs = 'P' and fa<pp then NOOFDAYS *(pp-fa) when SUM(ODCOUNT)is null then NOOFDAYS * fa when SUM(ODCOUNT)is not null and NOOFDAYS = SUM(ODCOUNT)then SUM(ODCOUNT * OA) when SUM(ODCOUNT)is not null then((NOOFDAYS-SUM(ODCOUNT))* fa)+ SUM(ODCOUNT * OA) end TOTALAMOUNT from ( select :prepaidamount pp, :feeActStatus fs, fa, case when OSD = START_DATE and OED is null then NOOFDAYS when OSD >= START_DATE and OED is null then(BILL_DATE-OSD)::integer + 1 when OSD<START_DATE and OED is null then(BILL_DATE-start_date)::integer when OSD = BILL_DATE then 1 when OSD<START_DATE and OED>BILL_DATE then NOOFDAYS when PRIORITY_INDICATOR is null and OSD >= START_DATE and OED >= BILL_DATE then(BILL_DATE-OSD)::integer + 1 when PRIORITY_INDICATOR is null and OSD >= START_DATE and OED <= BILL_DATE then(OED-OSD)::integer + 1 when PRIORITY_INDICATOR is null and OSD <= START_DATE and OED <= BILL_DATE then(OED-START_DATE)::integer + 1 when PRIORITY_INDICATOR = 1 then(OED-OSD)::integer + 1 when PRIORITY_INDICATOR>1 and PRVENDDATE is null then(OED-OSD)::integer + 1 when PRIORITY_INDICATOR>1 and PRVENDDATE is not null and OED>PRVENDDATE then(OED-PRVENDDATE)::integer + 1 end ODCOUNT, NOOFDAYS, case when OA is null then 0 when OA is not null then OA end OA from ( select TO_DATE(OVERRIDE_START_DATE::text, 'YY/MM/DD')OSD, TO_DATE(OVERRIDE_END_DATE::text, 'YY/MM/DD') OED, PRIORITY_INDICATOR, case when :feeActStatus = 'P' and :prepaidamount>OVERRIDE_AMOUNT then :prepaidamount-OVERRIDE_AMOUNT when :feeActStatus = 'P' and :prepaidamount<OVERRIDE_AMOUNT then OVERRIDE_AMOUNT-:prepaidamount when :feeActStatus != 'P' then OVERRIDE_AMOUNT end OA, case when PRIORITY_INDICATOR>1 then( select MAX(OVERRIDE_END_DATE) from OFF_FEE_ACCOUNT_OVERRIDES OFO where OFFENDER_FEE_ID =:offenderFeeId and OVERRIDE_TYPE = 'CRT' and OFO.PRIORITY_INDICATOR<PRIORITY_INDICATOR and(TO_DATE(OVERRIDE_END_DATE::text, 'YY/MM/DD')between TO_DATE(:startDate, 'YY/MM/DD')and TO_DATE(:billDate, 'YY/MM/DD'))) end PRVENDDATE, TO_DATE(:startDate::text, 'YY/MM/DD')START_DATE, TO_DATE(:billDate::text, 'YY/MM/DD')BILL_DATE, :feeAmount fa, case when(TO_DATE(:billDate::text, 'YY/MM/DD')>TO_DATE(:startDate::text, 'YY/MM/DD')) then(TO_DATE(:billDate::text, 'YY/MM/DD')-TO_DATE(:startDate::text, 'YY/MM/DD'))::integer else 1 end NOOFDAYS from OFF_FEE_ACCOUNT_OVERRIDES OFO where OFFENDER_FEE_ID =:offenderFeeId and((TO_DATE(OVERRIDE_START_DATE::text, 'YYYY/MM/DD')between TO_DATE(:startDate::text, 'YYYY/MM/DD')and TO_DATE(:billDate::text, 'YYYY/MM/DD')) or(TO_DATE(OVERRIDE_END_DATE::text, 'YY/MM/DD')between TO_DATE(:startDate::text, 'YY/MM/DD')and TO_DATE(:billDate::text, 'YY/MM/DD')) or(TO_DATE(:startDate::text, 'YY/MM/DD')between TO_DATE(OVERRIDE_START_DATE::text, 'YY/MM/DD')and TO_DATE(OVERRIDE_END_DATE::text, 'YY/MM/DD')) or(TO_DATE(:billDate::text, 'YY/MM/DD')between TO_DATE(OVERRIDE_START_DATE::text, 'YY/MM/DD')and TO_DATE(OVERRIDE_END_DATE::text, 'YY/MM/DD')) or TO_DATE(OVERRIDE_START_DATE::text, 'YY/MM/DD')= TO_DATE(:startDate::text, 'YY/MM/DD') or TO_DATE(OVERRIDE_START_DATE::text, 'YY/MM/DD')= TO_DATE(:billDate::text, 'YY/MM/DD') or TO_DATE(OVERRIDE_END_DATE::text, 'YY/MM/DD')= TO_DATE(:startDate::text, 'YY/MM/DD') or TO_DATE(OVERRIDE_END_DATE::text, 'YY/MM/DD')= TO_DATE(:billDate::text, 'YY/MM/DD') or TO_DATE(OVERRIDE_START_DATE::text, 'YY/MM/DD')<= TO_DATE(:billDate::text, 'YY/MM/DD') and TO_DATE(OVERRIDE_END_DATE::text, 'YY/MM/DD')is null) order by PRIORITY_INDICATOR, OVERRIDE_START_DATE desc)bdate)pp group by NOOFDAYS, fs, fa, pp","queryDesc":"Daily Prepaid Amount","category":"PRODUCT"}],"actionParams":[{"createUserId":"OMS_OWNER","parameterId":344,"queryKey":"DAILY_AMOUNT_WITH_PREPAID","parameterCode":"billDate","parameterDescription":"billDate","parameterType":"String","createDatetime":1682504703921,"modifyDatetime":1683095689222,"modifyUserId":"OMS_OWNER"},{"createUserId":"OMS_OWNER","parameterId":348,"queryKey":"DAILY_AMOUNT_WITH_PREPAID","parameterCode":"prepaidamount","parameterDescription":"prepaidamount","parameterType":"Number","createDatetime":1682504703921,"modifyDatetime":1683093919084,"modifyUserId":"OMS_OWNER"},{"createUserId":"OMS_OWNER","parameterId":346,"queryKey":"DAILY_AMOUNT_WITH_PREPAID","parameterCode":"feeAmount","parameterDescription":"feeAmount","parameterType":"Number","createDatetime":1682504703921,"modifyDatetime":1683092179515,"modifyUserId":"OMS_OWNER"},{"createUserId":"OMS_OWNER","parameterId":347,"queryKey":"DAILY_AMOUNT_WITH_PREPAID","parameterCode":"offenderFeeId","parameterDescription":"offenderFeeId","parameterType":"Number","createDatetime":1682504703921,"modifyDatetime":1683099722171,"modifyUserId":"OMS_OWNER"},{"createUserId":"OMS_OWNER","parameterId":349,"queryKey":"DAILY_AMOUNT_WITH_PREPAID","parameterCode":"startDate","parameterDescription":"startDate","parameterType":"String","createDatetime":1682504703921,"modifyDatetime":1683095689222,"modifyUserId":"OMS_OWNER"},{"createUserId":"OMS_OWNER","parameterId":345,"queryKey":"DAILY_AMOUNT_WITH_PREPAID","parameterCode":"feeActStatus","parameterDescription":"feeActStatus","parameterType":"String","createDatetime":1682504703921,"modifyDatetime":1683092179515,"modifyUserId":"OMS_OWNER"}],"createUserId":"OMS_OWNER","apiId":"DAILY_AMOUNT_WITH_PREPAID","apiDescription":"Daily Prepaid Amount","queryKey":"DAILY_AMOUNT_WITH_PREPAID","url":"Elite2Web/api/cmdaction/executeSelectQuery","queryId":0,"createDatetime":1682572517000,"modifyDatetime":1682572517000,"category":"PRODUCT"},{"quickAction":[{"queryId":203,"queryKey":"DAILY_FEE_OVERRIDE_DATA","queryText":"select\n\tOFF_FEE_OVERRIDE_ID,\n\tOVERRIDE_START_DATE,\n\tOVERRIDE_END_DATE,\n\tPRIORITY_INDICATOR,\n\tOFFENDER_FEE_ID,\n\tOVERRIDE_TYPE,\n\toverride_amount \nfrom\n\tOFF_FEE_ACCOUNT_OVERRIDES OFO\nwhere\n\tOFFENDER_FEE_ID = :offenderFeeId\n\tand OVERRIDE_TYPE in ('CRT', 'CTY')\n\tand (\n\t((TO_DATE(OVERRIDE_START_DATE::text, 'YY/MM/DD')) between TO_DATE(:startDate::text, 'YY/MM/DD') and TO_DATE(:billDate::text, 'YY/MM/DD'))\n\t\tor (TO_DATE(OVERRIDE_END_DATE::text, 'YY/MM/DD') between TO_DATE(:startDate::text, 'YY/MM/DD') and TO_DATE(:billDate::text, 'YY/MM/DD'))\n\t\t\tor\nTO_DATE(OVERRIDE_START_DATE::text, 'YY/MM/DD') = TO_DATE(:startDate::text, 'YY/MM/DD')\n\t\t\t\tor\nTO_DATE(OVERRIDE_START_DATE::text, 'YY/MM/DD') = TO_DATE(:billDate::text, 'YY/MM/DD')\n\t\t\t\t\tor\nTO_DATE(OVERRIDE_END_DATE::text, 'YY/MM/DD') = TO_DATE(:startDate::text, 'YY/MM/DD')\n\t\t\t\t\t\tor\nTO_DATE(OVERRIDE_END_DATE::text, 'YY/MM/DD') = TO_DATE(:billDate::text, 'YY/MM/DD')\n)","queryDesc":"Daily Fee Override Data","category":"PRODUCT"}],"actionParams":[{"createUserId":"OMS_OWNER","parameterId":342,"queryKey":"DAILY_FEE_OVERRIDE_DATA","parameterCode":"billDate","parameterDescription":"billDate","parameterType":"String","createDatetime":1682504215961,"modifyDatetime":1683532252351,"modifyUserId":"OMS_OWNER"},{"createUserId":"OMS_OWNER","parameterId":343,"queryKey":"DAILY_FEE_OVERRIDE_DATA","parameterCode":"offenderFeeId","parameterDescription":"offenderFeeId","parameterType":"Number","createDatetime":1682504215961,"modifyDatetime":1683532252351,"modifyUserId":"OMS_OWNER"},{"createUserId":"OMS_OWNER","parameterId":356,"queryKey":"DAILY_FEE_OVERRIDE_DATA","parameterCode":"startDate","parameterDescription":"startDate","parameterType":"String","createDatetime":1682580659067,"modifyDatetime":1683532252351,"modifyUserId":"OMS_OWNER"}],"createUserId":"OMS_OWNER","apiId":"DAILY_FEE_OVERRIDE_DATA","apiDescription":"Daily Fee Override Data","queryKey":"DAILY_FEE_OVERRIDE_DATA","url":"Elite2Web/api/cmdaction/executeSelectQuery","queryId":0,"createDatetime":1682572480000,"modifyDatetime":1682572480000,"category":"PRODUCT"},{"quickAction":[{"queryId":202,"queryKey":"GET_FEE_OVERRIDEDATA_OM","queryText":"select\n\tOFF_FEE_OVERRIDE_ID,\n\tOVERRIDE_START_DATE,\n\tOVERRIDE_END_DATE,\n\tPRIORITY_INDICATOR,\n\tOFFENDER_FEE_ID,\n\toverride_type,\n\tOVERRIDE_AMOUNT\nfrom\n\tOFF_FEE_ACCOUNT_OVERRIDES ofo\nwhere\n\tOFFENDER_FEE_ID = :offenderFeeId\n\tand((PRIORITY_INDICATOR is null\n\t\tand\n(\n(TO_DATE(:billDate::text, 'YY/MM/DD') between TO_DATE(OVERRIDE_START_DATE::text, 'YY/MM/DD') and TO_DATE(OVERRIDE_END_DATE::text, 'YY/MM/DD'))\n\t\t\tor TO_DATE(OVERRIDE_START_DATE::text, 'YY/MM/DD') = TO_DATE(:billDate::text, 'YY/MM/DD')\n\t\t\t\tor TO_DATE(OVERRIDE_END_DATE::text, 'YY/MM/DD') = TO_DATE(:billDate::text, 'YY/MM/DD')\n\t\t\t\t\tor\nTO_DATE(OVERRIDE_START_DATE::text, 'YY/MM/DD') <= TO_DATE(:billDate::text, 'YY/MM/DD')\n\t\t\t\t\t\tand TO_DATE(OVERRIDE_END_DATE::text, 'YY/MM/DD') is null\n))\n\t\tor\nPRIORITY_INDICATOR =(\n\t\tselect\n\t\t\tmin(PRIORITY_INDICATOR)\n\t\tfrom\n\t\t\tOFF_FEE_ACCOUNT_OVERRIDES\n\t\twhere\n\t\t\tOFFENDER_FEE_ID = :offenderFeeId\n\t\t\tand override_type = 'CRT'\n\t\t\tand\n((TO_DATE(:billDate::text, 'YY/MM/DD') between TO_DATE(OVERRIDE_START_DATE::text, 'YY/MM/DD') and TO_DATE(OVERRIDE_END_DATE::text, 'YY/MM/DD'))\n\t\t\t\tor TO_DATE(OVERRIDE_START_DATE::text, 'YY/MM/DD') = TO_DATE(:billDate::text, 'YY/MM/DD')\n\t\t\t\t\tor TO_DATE(OVERRIDE_END_DATE::text, 'YY/MM/DD') = TO_DATE(:billDate::text, 'YY/MM/DD'))))\n","queryDesc":"Monthly Fee Override Data","category":"PRODUCT"}],"actionParams":[{"createUserId":"OMS_OWNER","parameterId":340,"queryKey":"GET_FEE_OVERRIDEDATA_OM","parameterCode":"billDate","parameterDescription":"billDate","parameterType":"String","createDatetime":1682504027038,"modifyDatetime":1682504507605,"modifyUserId":"OMS_OWNER"},{"createUserId":"OMS_OWNER","parameterId":355,"queryKey":"GET_FEE_OVERRIDEDATA_OM","parameterCode":"offenderFeeId","parameterDescription":"offenderFeeId","parameterType":"Number","createDatetime":1682579522340,"modifyDatetime":1682579522340}],"createUserId":"OMS_OWNER","apiId":"GET_FEE_OVERRIDEDATA_OM","apiDescription":"Monthly Fee Override Data","queryKey":"GET_FEE_OVERRIDEDATA_OM","url":"Elite2Web/api/cmdaction/executeSelectQuery","queryId":0,"createDatetime":1682572455000,"modifyDatetime":1682572455000,"category":"PRODUCT"},{"quickAction":[{"queryId":201,"queryKey":"GET_NEXT_BILL_DATE","queryText":"select  START_DATE, bill_date, NEXTBILLDATE, NEXTBILLDATEVAL,STATEMENTDATE,STATEMENTDATE-1 BILL_AGING_END_DATE ,ADD_MONTHS(STATEMENTDATE,-1) BILL_AGING_START_DATE,FCO,\nCASE WHEN extract(MONTH from current_date) =extract(MONTH from NEXTBILLDATE) AND extract(YEAR from current_date) = extract(YEAR from NEXTBILLDATE) THEN 'N' ELSE 'Y' END BACK_BILL\nfrom (\nselect\n  START_DATE, bill_date, NEXTBILLDATE,\n  to_date(NEXTBILLDATE::text,'YYYY/MM/DD') NEXTBILLDATEVAL\n  ,case\nwhen to_date(NEXTBILLDATE::text,'YYYY/MM/DD') <= to_date(current_date::text,'YYYY/MM/DD') and pf::integer+1>=extract(DAY from NEXTBILLDATE) and pf::integer+1>extract(DAY from LAST_DAY(NEXTBILLDATE))then to_date(add_months(to_date(extract(YEAR from NEXTBILLDATE)||'-'||extract(MONTH from NEXTBILLDATE)||'-'||1,'YYYY/MM/DD'),1)::text,'YYYY/MM/DD')\nwhen to_date(NEXTBILLDATE::text,'YYYY/MM/DD') <= to_date(current_date::text,'YYYY/MM/DD') and  pf::integer+1<extract(DAY from NEXTBILLDATE) then to_date(extract(YEAR from ADD_MONTHS(NEXTBILLDATE,1))||'-'||extract(MONTH from ADD_MONTHS(NEXTBILLDATE,1))||'-'||pf::integer+1,'YYYY/MM/DD')\nwhen to_date(NEXTBILLDATE::text,'YYYY/MM/DD') <= to_date(current_date::text,'YYYY/MM/DD')  then to_date(extract(YEAR from NEXTBILLDATE)||'-'||extract(MONTH from NEXTBILLDATE)||'-'||pf::integer+1,'YYYY/MM/DD')\nend STATEMENTDATE,FCO\nFROM\n  (select\n     START_DATE, bill_date,\n     case\n     when (expiry_date is null OR expiry_date > current_date) AND FCO = 'DAILY' AND to_date(bill_date::text,'YYYY/MM/DD') < to_date(current_date::text,'YYYY/MM/DD') AND extract(MONTH from current_date) =extract(MONTH from bill_date) AND extract(YEAR from bill_date) = extract(YEAR from current_date) THEN current_date\n       when expiry_date is null then NXTBILLDATE\n       when expiry_date <= NXTBILLDATE then expiry_date\n       when expiry_date > NXTBILLDATE then NXTBILLDATE\n     end NEXTBILLDATE\n     ,(SELECT profile_value from system_profiles where profile_code='BILL_END_DAY'and profile_type='CLIENT') pf, FCO\n   from\n     (select\n        to_date(bill_date::text,'YYYY/MM/DD')  START_DATE, bill_date, CASE WHEN FREQUENCYCODE IS NULL THEN 'ONE' ELSE FREQUENCYCODE END FCO,\n        expiry_date,\n        case\n          when extract(DAY from LAST_DAY(bill_date)) < extract(DAY from current_date) then add_months(to_date(extract(YEAR from bill_date)||'-'||extract(MONTH from bill_date)||'-'||1,'YYYY/MM/DD'),1)\n            when extract(DAY from add_months(LAST_DAY(bill_date),1)) < extract(DAY from current_date) then add_months(to_date(extract(YEAR from bill_date)||'-'||extract(MONTH from bill_date)||'-'||1,'YYYY/MM/DD'),2)\n          when extract(DAY from LAST_DAY(bill_date)) >= extract(DAY from current_date) then add_months(to_date(extract(YEAR from bill_date)||'-'||extract(MONTH from bill_date)||'-'||extract(DAY from current_date),'YYYY/MM/DD'),1)\n        end NXTBILLDATE\n      from\n        (select\n        (SELECT frequency_code FROM CASELOAD_DEDUCTION_PROFILES WHERE CASELOAD_ID=OFP.CASELOAD_ID AND DEDUCTION_TYPE=OFP.FEE_CODE) FREQUENCYCODE,\n           (select bill_date\n            from off_fee_bills\n            where\n              offender_fee_id = OFP.OFFENDER_FEE_ID\n            order by CREATE_DATETIME desc \n            fetch first 1 rows only\n            ) as bill_date,\n           expiry_date\n         FROM OFF_FEE_ACCOUNT_PROFILE OFP\n         WHERE\n           OFP.OFFENDER_FEE_ID =:offenderFeeId)frequency_code)fco)pf)nextbilldate ","queryDesc":"Get Next Bill Date","category":"PRODUCT"}],"actionParams":[{"createUserId":"OMS_OWNER","parameterId":338,"queryKey":"GET_NEXT_BILL_DATE","parameterCode":"offenderFeeId","parameterDescription":"offenderFeeId","parameterType":"Number","createDatetime":1682503736487,"modifyDatetime":1683530637043,"modifyUserId":"OMS_OWNER"}],"createUserId":"OMS_OWNER","apiId":"GET_NEXT_BILL_DATE","apiDescription":"Get Next Bill Date","queryKey":"GET_NEXT_BILL_DATE","url":"Elite2Web/api/cmdaction/executeSelectQuery","queryId":0,"createDatetime":1682572432000,"modifyDatetime":1682572432000,"category":"PRODUCT"},{"quickAction":[{"queryId":200,"queryKey":"GET_BILL_DATE","queryText":"select BILLDATE,BILLDATE IBILLDATE,to_date(BILLDATE::text,'YYYY/MM/DD') AS INIT_BILL_DATE,START_DATE,SD STATEMENTDATE,current_date -1 BILL_AGING_END_DATE,ADD_MONTHS(SD,-1) BILL_AGING_START_DATE,\nCASE WHEN extract(MONTH from current_date)=extract(MONTH from BILLDATE) AND extract(YEAR from current_date)=extract(YEAR from BILLDATE) THEN 'N' ELSE 'Y' END BACK_BILL from(\nselect BILLDATE,START_DATE\n,case \nwhen to_date(BILLDATE::text,'YYYY/MM/DD')<=to_date(current_date::text,'YYYY/MM/DD') and pf::Integer+1>=extract(DAY from BILLDATE) and pf::Integer+1>extract(DAY from LAST_DAY(BILLDATE))then add_months(to_date(extract(YEAR from BILLDATE::timestamp)||'-'||extract(MONTH from BILLDATE::timestamp)||'-'||1,'YYYY/MM/DD'),1)\nwhen to_date(BILLDATE::text,'YYYY/MM/DD')<=to_date(current_date::text,'YYYY/MM/DD') and  pf::Integer+1<extract(DAY from BILLDATE) then to_date((extract(YEAR from (ADD_MONTHS(BILLDATE,1))::timestamp)||'-'||extract(MONTH from (ADD_MONTHS(BILLDATE,1))::timestamp)||'-'||pf::Integer+1)::text,'YYYY/MM/DD')\nwhen to_date(BILLDATE::text,'YYYY/MM/DD')<=to_date(current_date::text,'YYYY/MM/DD') then to_date(extract(YEAR from BILLDATE)||'-'||extract(MONTH from BILLDATE)||'-'||pf::Integer+1,'YYYY/MM/DD')\nend SD\nfrom\n(select START_DATE,FAS,SED,\ncase when expiry_date is null then BILLDATE\nwhen expiry_date<= BILLDATE then expiry_date\nwhen expiry_date>BILLDATE then BILLDATE\nend BILLDATE,\n(SELECT profile_value from system_profiles where profile_code='BILL_END_DAY'and profile_type='CLIENT') pf\nfrom (\nSELECT to_date(START_DATE::text,'YYYY/MM/DD') START_DATE,FAS,SED,expiry_date,\ncase\nwhen date_trunc('day', dateValue)=date_trunc('day', SD) then SD\nwhen date_trunc('day', dateValue)<date_trunc('day', SD)and extract(YEAR from dateValue)=extract(YEAR from SD) and extract(MONTH from dateValue) = extract(MONTH from SD) then SD\nwhen date_trunc('day', dateValue)< date_trunc('day', SD) AND extract(DAY from to_date(dateValue::text,'YYYY/MM/DD')) > extract(DAY from SD) and  extract(DAY from LAST_DAY(add_months(dateValue,1))) >= extract(DAY from SD)\nthen add_months(to_date(extract(YEAR from dateValue)||'-'||extract(MONTH from dateValue)||'-'||extract(DAY from SD),'YYYY/MM/DD'),1)\nwhen date_trunc('day', dateValue)< date_trunc('day', SD)\nAND extract(DAY from to_date(dateValue::text,'YYYY/MM/DD')) > extract(DAY from SD) and  extract(DAY from LAST_DAY(add_months(dateValue,1))) < extract(DAY from SD)\nthen add_months(to_date((extract(YEAR from dateValue::date)||'-'||extract(MONTH from dateValue::date)||'-'||1),'YYYY/MM/DD'),1)\nwhen date_trunc('day', dateValue)< date_trunc('day', SD) AND extract(DAY from to_date(dateValue::text,'YYYY/MM/DD')) < extract(DAY from SD) and  extract(DAY from LAST_DAY(dateValue)) < extract(DAY from SD)\nthen add_months(to_date((extract(YEAR from dateValue::date)||'-'||extract(MONTH from dateValue::date)||'-'||1),'YYYY/MM/DD'),1)\nwhen date_trunc('day', dateValue)< date_trunc('day', SD) AND extract(DAY from to_date(dateValue::text,'YYYY/MM/DD')) <= extract(DAY from SD) and  extract(DAY from LAST_DAY(dateValue)) >= extract(DAY from SD)\nthen to_date(extract(YEAR from dateValue)||'-'||extract(MONTH from dateValue)||'-'||extract(DAY from SD),'YYYY/MM/DD')\nend BILLDATE\nFROM\n(select START_date,FEE_ACT_STATUS FAS,STATUS_EFFECTIVE_DATE SED,expiry_date,\ncase\nwhen FEE_ACT_STATUS='C' then STATUS_EFFECTIVE_DATE\nwhen FEE_ACT_STATUS!='C' and START_date<EFFECTIVE_DATE then EFFECTIVE_DATE\nwhen FEE_ACT_STATUS!='C' then START_date\nend dateValue, current_date SD from OFF_FEE_ACCOUNT_PROFILE WHERE OFFENDER_FEE_ID=:offenderFeeId)feePro\n)bill)acc)getBillDate","queryDesc":"Get Bill Date","category":"PRODUCT"}],"actionParams":[{"createUserId":"OMS_OWNER","parameterId":337,"queryKey":"GET_BILL_DATE","parameterCode":"offenderFeeId","parameterDescription":"offenderFeeId","parameterType":"Number","createDatetime":1682503464500,"modifyDatetime":1682504568481,"modifyUserId":"OMS_OWNER"}],"createUserId":"OMS_OWNER","apiId":"GET_BILL_DATE","apiDescription":"Get Bill Date","queryKey":"GET_BILL_DATE","url":"Elite2Web/api/cmdaction/executeSelectQuery","queryId":0,"createDatetime":1682572397000,"modifyDatetime":1682572397000,"category":"PRODUCT"},{"quickAction":[{"queryId":199,"queryKey":"PREPAID_AMOUNT_QUERY","queryText":"select CASELOAD_ID,OFFENDER_ID,TRUST_ACCOUNT_CODE,BALANCE,BALANCE PREPAID_AMOUNT from offender_sub_accounts where offender_id =\n(select offender_id from offender_bookings where offender_book_id = :offenderBookId) and TRUST_ACCOUNT_CODE  in \n(SELECT B.ACCOUNT_CODE FROM DEDUCTION_TYPES A, FEE_ACCOUNTS B WHERE B.FEE_CODE = A.DEDUCTION_TYPE and EXPIRY_DATETIME is null AND B.FEE_CODE = :feeCode)","queryDesc":"Prepaid Amount Query","category":"PRODUCT"}],"actionParams":[{"createUserId":"OMS_OWNER","parameterId":335,"queryKey":"PREPAID_AMOUNT_QUERY","parameterCode":"feeCode","parameterDescription":"feeCode","parameterType":"String","createDatetime":1682503239751,"modifyDatetime":1682503239751},{"createUserId":"OMS_OWNER","parameterId":336,"queryKey":"PREPAID_AMOUNT_QUERY","parameterCode":"offenderBookId","parameterDescription":"offenderBookId","parameterType":"Number","createDatetime":1682503239751,"modifyDatetime":1683532742264,"modifyUserId":"OMS_OWNER"}],"createUserId":"OMS_OWNER","apiId":"PREPAID_AMOUNT_QUERY","apiDescription":"Prepaid Amount Query","queryKey":"PREPAID_AMOUNT_QUERY","url":"Elite2Web/api/cmdaction/executeSelectQuery","queryId":0,"createDatetime":1682572366000,"modifyDatetime":1682572366000,"category":"PRODUCT"}]