[{"quickAction":[{"queryId":562,"queryKey":"GET_INCIDENT_HEARING_DETAILS","queryText":"SELECT *\nFROM (\n    SELECT agency_incident_id,oic_incident_id\n    FROM v_oic_incidents voi\n    WHERE (current_date - voi.incident_date::date) = :days\n) A\nWHERE NOT EXISTS (\n     SELECT oic_incident_id\n    FROM oic_hearings C\n    WHERE C.oic_incident_id = A.oic_incident_id\n    AND C.oic_hearing_type  IN ('IOC', 'HOC') \n    group by oic_incident_id\n)\n","queryDesc":"Get Incident Hearing Details","category":"CLIENT"}],"actionParams":[{"createUserId":"OMS_OWNER","parameterId":2062,"queryKey":"GET_INCIDENT_HEARING_DETAILS","parameterCode":"days","parameterDescription":"days","parameterType":"Number","createDatetime":1707801599877}],"createUserId":"OMS_OWNER","apiId":"GET_INCIDENT_HEARING_DETAILS","apiDescription":"Get Incident Hearing Details","queryKey":"GET_INCIDENT_HEARING_DETAILS","url":"Elite2Web/api/cmdaction/executeSelectQuery","queryId":0,"createDatetime":1707801619000,"category":"CLIENT"}]