[{"quickAction":[{"queryId":284,"queryKey":"GET_OFFENDER_COMMUNITY_CON_HOURS","queryText":"select SUM(coalesce(CREDIT_WORK_HOURS, 0)) CREDIT_WORK_HOURS, max(length) as LENGTH from ( select Max(OFFENDER_SENT_CONDITION_ID) as OFFENDER_SENT_CONDITION_ID, SUM(coalesce(CREDIT_WORK_HOURS, 0)) CREDIT_WORK_HOURS from OFFENDER_PROGRAM_PROFILES where OFFENDER_BOOK_ID = :offenderbookid and OFFENDER_SENT_CONDITION_ID = :offendersentcondid and SENTENCE_SEQ = :seq union all select Max(OFFENDER_SENT_CONDITION_ID) as OFFENDER_SENT_CONDITION_ID, SUM(coalesce(case ADJUSTMENT_TYPE when 'C' then ADJUSTMENT_MINUTES::DECIMAL / 60 when 'D' then -1 * ADJUSTMENT_MINUTES::DECIMAL / 60 else 0 end, 0)) CREDIT_WORK_HOURS from OFFENDER_UNPAID_WORK_ADJ where OFFENDER_BOOK_ID = :offenderbookid and SENTENCE_SEQ = :seq and OFFENDER_SENT_CONDITION_ID = :offendersentcondid) as a full outer join ( select Max(OFFENDER_SENT_CONDITION_ID) as OFFENDER_SENT_CONDITION_ID, Max(length) as length from offender_sent_conditions where OFFENDER_SENT_CONDITION_ID = :offendersentcondid group by offender_sent_condition_id,length) as b on b.offender_sent_condition_id = a.offender_sent_condition_id","queryDesc":"Get Offender Community Con Hours","category":"CLIENT"}],"actionParams":[{"createUserId":"YOGENDRANATH","parameterId":500,"queryKey":"GET_OFFENDER_COMMUNITY_CON_HOURS","parameterCode":"offenderbookid","parameterDescription":"Offender Book Id","parameterType":"Number","createDatetime":1690972374748,"modifyDatetime":1690972374748},{"createUserId":"YOGENDRANATH","parameterId":499,"queryKey":"GET_OFFENDER_COMMUNITY_CON_HOURS","parameterCode":"offendersentcondid","parameterDescription":"Offender Sent Condition Id","parameterType":"Number","createDatetime":1690972374748,"modifyDatetime":1690972374748},{"createUserId":"YOGENDRANATH","parameterId":501,"queryKey":"GET_OFFENDER_COMMUNITY_CON_HOURS","parameterCode":"seq","parameterDescription":"Sentence Order No","parameterType":"Number","createDatetime":1690972374748,"modifyDatetime":1690972374748}],"createUserId":"YOGENDRANATH","apiId":"GET_OFFENDER_COMMUNITY_CON_HOURS","apiDescription":"Get Offender Community Con Hours","queryKey":"GET_OFFENDER_COMMUNITY_CON_HOURS","url":"Elite2Web/api/cmdaction/executeSelectQuery","queryId":0,"createDatetime":1690972472000,"modifyDatetime":1691133000000,"modifyUserId":"YOGENDRANATH","category":"CLIENT"},{"quickAction":[{"queryId":276,"queryKey":"GET_CS_CONDITION_STAFF_MAIL_ID","queryText":"select sm.first_name, sm.last_name, STRING_AGG(ia.internet_address, ',') AS internet_addresses from offender_cond_transfer oct, staff_members sm, internet_addresses ia where offender_book_id = :offenderBookId and offender_sent_condition_id = :offenderSentConditionId and con_transfer_id = ( select max(con_transfer_id) from offender_cond_transfer where offender_book_id = :offenderBookId and offender_sent_condition_id = :offenderSentConditionId) and ( sm.staff_id = oct.staff_id or sm.staff_id in (select staff_id from team_staff_members tm where team_member_id =oct.team_member_id)) and ia.owner_class = 'STF' and ( ia.owner_id = oct.staff_id or ia.owner_id in (select staff_id from team_staff_members tm where team_member_id =oct.team_member_id)) group by sm.staff_id","queryDesc":"Get CS Condition Staff Mail Id","category":"CLIENT"}],"actionParams":[{"createUserId":"OMS_OWNER","parameterId":487,"queryKey":"GET_CS_CONDITION_STAFF_MAIL_ID","parameterCode":"offenderBookId","parameterDescription":"Offender Book Id","parameterType":"Number","createDatetime":1690430810212,"modifyDatetime":1690430810212},{"createUserId":"OMS_OWNER","parameterId":488,"queryKey":"GET_CS_CONDITION_STAFF_MAIL_ID","parameterCode":"offenderSentConditionId","parameterDescription":"Offender Sent Condition Id","parameterType":"Number","createDatetime":1690430810212,"modifyDatetime":1690436550443,"modifyUserId":"OMS_OWNER"}],"createUserId":"OMS_OWNER","apiId":"GET_CS_CONDITION_STAFF_MAIL_ID","apiDescription":"Get CS Condition Staff Mail Id","queryKey":"GET_CS_CONDITION_STAFF_MAIL_ID","url":"Elite2Web/api/cmdaction/executeSelectQuery","queryId":0,"createDatetime":1690430869000,"modifyDatetime":1690430869000,"category":"CLIENT"}]