[{"quickAction":[{"queryId":5,"queryKey":"SENT_CALC_API","queryText":"SELECT * FROM FORM BUILDER WHERE ","queryDesc":"Call Sent Calc API","category":"PRODUCT"}],"actionParams":[{"parameterId":61,"queryKey":"SENT_CALC_API","parameterCode":"externalUrl","parameterDescription":"External Url","parameterType":"String"}],"apiId":"SENT_CALC_API","apiDescription":"Call Sent Calc API","queryKey":"SENT_CALC_API","requestType":"POST","url":"sentence/sentences","queryId":0,"category":"PRODUCT"},{"quickAction":[{"queryId":3,"queryKey":"UPDATE_CUSTODIAL_DATA","queryText":"SELECT 1 FROM DUAL  dd","queryDesc":"Update Custodial Data","category":"PRODUCT"}],"actionParams":[{"parameterId":4,"queryKey":"UPDATE_CUSTODIAL_DATA","parameterCode":"formIdentifier","parameterDescription":"Form Identifier","parameterType":"String"}],"apiId":"UPDATE_CUSTODIAL_DATA","apiDescription":"Update Custodial Data","queryKey":"UPDATE_CUSTODIAL_DATA","requestType":"POST","url":"Elite2Web/api/cmdaction/executeSelectQuery","queryId":0,"category":"PRODUCT"},{"quickAction":[{"queryId":4,"queryKey":"TRANSFORM_JSON","queryText":"SELECT 1 FROM DUAL DUAL","queryDesc":"Transform JSON Input","category":"PRODUCT"}],"actionParams":[{"parameterId":5,"queryKey":"TRANSFORM_JSON","parameterCode":"formIdentifier","parameterDescription":"Form Identifier","parameterType":"String"}],"apiId":"TRANSFORM_JSON","apiDescription":"Transform JSON Input","queryKey":"TRANSFORM_JSON","requestType":"POST","url":"Elite2Web/api/cmdaction/executeSelectQuery","queryId":0,"category":"PRODUCT"},{"quickAction":[{"queryId":212,"queryKey":"UPDATE_CUSTODY_STATUS","queryText":"SELCT 1 FROM DUAL","queryDesc":"Update Custody Status","category":"PRODUCT"}],"actionParams":[{"createUserId":"OMS_OWNER","parameterId":359,"queryKey":"UPDATE_CUSTODY_STATUS","parameterCode":"offenderBookId","parameterDescription":"Offender Book Id","parameterType":"String","createDatetime":1683507115980,"modifyDatetime":1683510672868,"modifyUserId":"OMS_OWNER"}],"createUserId":"OMS_OWNER","apiId":"UPDATE_CUSTODY_STATUS","apiDescription":"Update Custody Status","queryKey":"UPDATE_CUSTODY_STATUS","url":"Elite2Web/api/cmdaction/executeSelectQuery","queryId":0,"createDatetime":1683507033000,"modifyDatetime":1683507033000,"category":"PRODUCT"},{"quickAction":[{"queryId":188,"queryKey":"GET_OCDLEGLS_DATA","queryText":"Select * from OCDLEGLS_DATA where form_identifier = :formIdentifier","queryDesc":"Get OCDLEGLS data","category":"PRODUCT"}],"actionParams":[{"createUserId":"OMS_OWNER","parameterId":315,"queryKey":"GET_OCDLEGLS_DATA","parameterCode":"formIdentifier","parameterDescription":"Form Identifier","parameterType":"String","createDatetime":1676260800232,"modifyDatetime":1676260800232}],"createUserId":"OMS_OWNER","apiId":"GET_OCDLEGLS_DATA","apiDescription":"Get Ocdlegls Data","queryKey":"GET_OCDLEGLS_DATA","url":"ocmpconf/getOcdleglsData","queryId":0,"createDatetime":1676260839000,"modifyDatetime":1676370882000,"modifyUserId":"OMS_OWNER","category":"PRODUCT"},{"quickAction":[{"queryId":190,"queryKey":"SAVE_SENT_CALC_HTY","queryText":"INSERT INTO OCDLEGLS_DATA_HTY(FORM_INFO_JSON, FORM_IDENTIFIER, ACTION_TYPE,  create_user_id, create_datetime) Values (:formInfoJson, :formIdentifier, :actionType, :createUserId, current_timestamp)","queryDesc":"Save Sent Calc Hty","category":"PRODUCT"}],"actionParams":[{"createUserId":"OMS_OWNER","parameterId":322,"queryKey":"SAVE_SENT_CALC_HTY","parameterCode":"actionType","parameterDescription":"Action Type","parameterType":"String","createDatetime":1676346967670,"modifyDatetime":1676346967670},{"createUserId":"OMS_OWNER","parameterId":323,"queryKey":"SAVE_SENT_CALC_HTY","parameterCode":"createUserId","parameterDescription":"Create User Id","parameterType":"String","createDatetime":1676346967670,"modifyDatetime":1676346967670},{"createUserId":"OMS_OWNER","parameterId":320,"queryKey":"SAVE_SENT_CALC_HTY","parameterCode":"formIdentifier","parameterDescription":"Form Identifier","parameterType":"String","createDatetime":1676346967670,"modifyDatetime":1676346967670},{"createUserId":"OMS_OWNER","parameterId":321,"queryKey":"SAVE_SENT_CALC_HTY","parameterCode":"formInfoJson","parameterDescription":"Form Info Json","parameterType":"String","createDatetime":1676346967670,"modifyDatetime":1676346967670}],"createUserId":"OMS_OWNER","apiId":"SAVE_SENT_CALC_HTY","apiDescription":"Save Sent Calc Hty","queryKey":"SAVE_SENT_CALC_HTY","url":"Elite2Web/api/cmdaction/executeUpdateQuery","queryId":0,"createDatetime":1676346496000,"modifyDatetime":1676346496000,"category":"PRODUCT"},{"quickAction":[{"queryId":189,"queryKey":"UPDATE_SENT_CALC","queryText":"UPDATE OCDLEGLS_DATA SET FORM_INFO_JSON = :formInfoJson, ACTION_TYPE = :actionType, MODIFY_DATETIME = current_timestamp, MODIFY_USER_ID = :createUserId WHERE FORM_IDENTIFIER = :formIdentifier","queryDesc":"Update Sent Calc","category":"PRODUCT"}],"actionParams":[{"createUserId":"OMS_OWNER","parameterId":326,"queryKey":"UPDATE_SENT_CALC","parameterCode":"actionType","parameterDescription":"Action Type","parameterType":"String","createDatetime":1676347135568,"modifyDatetime":1676347135568},{"createUserId":"OMS_OWNER","parameterId":327,"queryKey":"UPDATE_SENT_CALC","parameterCode":"createUserId","parameterDescription":"Modify User Id","parameterType":"String","createDatetime":1676347135568,"modifyDatetime":1676347135568},{"createUserId":"OMS_OWNER","parameterId":324,"queryKey":"UPDATE_SENT_CALC","parameterCode":"formIdentifier","parameterDescription":"Form Identifier","parameterType":"String","createDatetime":1676347135568,"modifyDatetime":1676347135568},{"createUserId":"OMS_OWNER","parameterId":325,"queryKey":"UPDATE_SENT_CALC","parameterCode":"formInfoJson","parameterDescription":"Form Info Json","parameterType":"String","createDatetime":1676347135568,"modifyDatetime":1676347135568}],"createUserId":"OMS_OWNER","apiId":"UPDATE_SENT_CALC","apiDescription":"Update Sent Calc","queryKey":"UPDATE_SENT_CALC","url":"Elite2Web/api/cmdaction/executeUpdateQuery","queryId":0,"createDatetime":1676345973000,"modifyDatetime":1676346049000,"modifyUserId":"OMS_OWNER","category":"PRODUCT"},{"quickAction":[{"queryId":2,"queryKey":"SAVE_SENT_CALC","queryText":"INSERT INTO OCDLEGLS_DATA(ID, FORM_INFO_JSON, FORM_IDENTIFIER, ACTION_TYPE,  create_user_id, create_datetime) Values (nextval('ocdlegls_data_id_seq'), :formInfoJson, :formIdentifier, :actionType, :createUserId, current_timestamp)","queryDesc":"Save sent calc","category":"PRODUCT"}],"actionParams":[{"createUserId":"OMS_OWNER","parameterId":318,"queryKey":"SAVE_SENT_CALC","parameterCode":"actionType","parameterDescription":"Action Type","parameterType":"String","createDatetime":1676346862180,"modifyDatetime":1676346862180},{"createUserId":"OMS_OWNER","parameterId":319,"queryKey":"SAVE_SENT_CALC","parameterCode":"createUserId","parameterDescription":"CreateUserId","parameterType":"String","createDatetime":1676346862180,"modifyDatetime":1676346862180},{"createUserId":"OMS_OWNER","parameterId":316,"queryKey":"SAVE_SENT_CALC","parameterCode":"formIdentifier","parameterDescription":"Form Identifier","parameterType":"String","createDatetime":1676346862180,"modifyDatetime":1676346862180},{"createUserId":"OMS_OWNER","parameterId":317,"queryKey":"SAVE_SENT_CALC","parameterCode":"formInfoJson","parameterDescription":"Form Info Json","parameterType":"String","createDatetime":1676346862180,"modifyDatetime":1676346862180}],"createUserId":"OMS_OWNER","apiId":"SAVE_SENT_CALC","apiDescription":"Save Sent Calc","queryKey":"SAVE_SENT_CALC","url":"Elite2Web/api/cmdaction/executeUpdateQuery","queryId":0,"createDatetime":1676337488000,"modifyDatetime":1676337488000,"category":"PRODUCT"}]