[{"quickAction":[{"queryId":187,"queryKey":"GET_OFFENDER_DETAILS","queryText":"select\n\tob.offender_book_id,\n\to.offender_id, \n\to.offender_id_display,\n\to.first_name,\n\to.last_name,\n\to.middle_name,\n\to.birth_date,\n\tob.agy_loc_id,\n\to.second_middle_name,\n\tref_code.description sex_code,\n\tto_char(o.birth_date, 'DD/MM/YYYY') as dob,\t\n\t(select\n\t case\n\t\twhen profile_value = 'N'\n\t\tor profile_value = '' then LTRIM(o.offender_id_display,'0')\n\t\telse LPAD(o.offender_id_display,10,'0')\n\t end as dcs_Id\n\tfrom (select sypr.profile_value from system_profiles sypr where sypr.profile_type = 'CLIENT' and sypr.profile_code = 'BOOK_ID_OUTB')a),\t\n\t(select description from agency_locations al where agy_loc_id = ob.agy_loc_id) as facility,\n\t(select description from agency_locations al where agy_loc_id = ob.intake_agy_loc_id) as comm_facility,\n\tcase when ob.agy_loc_id is null then (select description from agency_locations al where agy_loc_id = ob.intake_agy_loc_id)\n\t\telse (select description from agency_locations al where agy_loc_id = ob.agy_loc_id) end as location\nfrom\n\toffenders o,\n\toffender_bookings ob,\n\treference_codes ref_code\nwhere\n\tref_code.domain = 'SEX' and \n    ref_code.code = o.sex_code and\n\to.offender_id = ob.offender_id and\n\tob.offender_book_id = :offenderBookId","queryDesc":"Get Offender Details","category":"CLIENT"}],"actionParams":[{"createUserId":"OMS_OWNER","parameterId":1982,"queryKey":"GET_OFFENDER_DETAILS","parameterCode":"offenderBookId","parameterDescription":"Offender Book Id","parameterType":"Number","createDatetime":1705543517491}],"createUserId":"OMS_OWNER","apiId":"GET_OFFENDER_DETAILS","apiDescription":"Get Offender Details","queryKey":"GET_OFFENDER_DETAILS","url":"Elite2Web/api/cmdaction/executeSelectQuery","queryId":0,"createDatetime":1661240747000,"modifyDatetime":1705543517000,"modifyUserId":"OMS_OWNER","category":"CLIENT"}]