[{"quickAction":[{"queryId":486,"queryKey":"GET_LOCATION_DESCRIPTION","queryText":"select description from agency_locations al where agy_loc_id = :agyLocId","queryDesc":"Get Location Description","category":"CLIENT"}],"actionParams":[{"createUserId":"OMS_OWNER","parameterId":1589,"queryKey":"GET_LOCATION_DESCRIPTION","parameterCode":"agyLocId","parameterDescription":"Location Id","parameterType":"String","createDatetime":1700222206458,"modifyDatetime":1700222206458}],"createUserId":"OMS_OWNER","apiId":"GET_LOCATION_DESCRIPTION","apiDescription":" Get Location Description","queryKey":"GET_LOCATION_DESCRIPTION","url":"Elite2Web/api/cmdaction/executeSelectQuery","queryId":0,"createDatetime":1700222226000,"modifyDatetime":1700222326000,"modifyUserId":"OMS_OWNER","category":"CLIENT"},{"quickAction":[{"queryId":484,"queryKey":"GET_INCIDENT_DATE","queryText":"select\n\tTO_CHAR(incident_date, 'dd-mm-yyyy') incident_date,\n\tto_char(incident_time, 'HH24:MI') incident_time,\n\tTO_CHAR(report_date, 'dd-mm-yyyy') report_date\nfrom\n\tagency_incidents ai\nwhere\n\tagency_incident_id = :agencyIncidentId","queryDesc":"Get Incident Date","category":"CLIENT"}],"actionParams":[{"createUserId":"OMS_OWNER","parameterId":1585,"queryKey":"GET_INCIDENT_DATE","parameterCode":"agencyIncidentId","parameterDescription":"Incident Id","parameterType":"Number","createDatetime":1700209498397,"modifyDatetime":1700209498397,"modifyUserId":"OMS_OWNER"}],"createUserId":"OMS_OWNER","apiId":"GET_INCIDENT_DATE","apiDescription":"Get Incident Date","queryKey":"GET_INCIDENT_DATE","url":"Elite2Web/api/cmdaction/executeSelectQuery","queryId":0,"createDatetime":1700209498000,"modifyDatetime":1700209498000,"category":"CLIENT"},{"quickAction":[{"queryId":469,"queryKey":"GET_STAFF_DETAILS_AND_MAIL_ID_BY_STAFF_ID","queryText":"select sm.first_name, sm.last_name, STRING_AGG(ia.internet_address, ',') as internet_addresses from staff_members sm left join internet_addresses ia on sm.staff_id = ia.owner_id and ia.owner_class = 'STF' where sm.staff_id = :staffId group by sm.first_name, sm.last_name","queryDesc":"Get Staff Details And Mail Id by Staff Id","category":"CLIENT"}],"actionParams":[{"createUserId":"OMS_OWNER","parameterId":1586,"queryKey":"GET_STAFF_DETAILS_AND_MAIL_ID_BY_STAFF_ID","parameterCode":"staffId","parameterDescription":"Staff Id","parameterType":"Number","createDatetime":1700209498397,"modifyDatetime":1700209498397}],"createUserId":"OMS_OWNER","apiId":"GET_STAFF_DETAILS_AND_MAIL_ID_BY_STAFF_ID","apiDescription":"Get Staff Details And Mail Id by Staff Id","queryKey":"GET_STAFF_DETAILS_AND_MAIL_ID_BY_STAFF_ID","url":"Elite2Web/api/cmdaction/executeSelectQuery","queryId":0,"createDatetime":1697441645000,"modifyDatetime":1700209498000,"modifyUserId":"OMS_OWNER","category":"CLIENT"}]