[{"quickAction":[{"queryId":555,"queryKey":"GET_PRISONER_DETAILS_WITH_BOOKING_LRD","queryText":"select\n\toffenderbookid,\n\tform_identifier,\n\tlrd_value,\n\toffender_id_display,\n\tfirst_name,\n\tlast_name,\n\tdob,\n\tfacility,\n\tcommFacility,\n\toffender_book_id\nfrom\n\t(\n\tselect\n\t\toffenderbookid,\n\t\tlrd_value,\n\t\tform_identifier\n\tfrom\n\t\t(\n\t\tselect\n\t\t\toffenderBookId,\n\t\t\tform_identifier,\n\t\t\tcase\n\t\t\t\twhen overrideIndefinite = 'true' then overrideIndefinite\n\t\t\t\twhen overrideDateValue <> '' then overrideDateValue\n\t\t\t\twhen indefinite = 'true' then indefinite\n\t\t\t\telse dateValue\n\t\t\tend as lrd_value\n\t\tfrom\n\t\t\t(\n\t\t\tselect\n\t\t\t\t*\n\t\t\tfrom\n\t\t\t\t(\n\t\t\t\tselect\n\t\t\t\t\tform_identifier,\n\t\t\t\t\toffenderBookId,\n\t\t\t\t\tjsonb_array_elements(bkg_dates::jsonb)->>'dateType' as dateType1,\n\t\t\t\t\tjsonb_array_elements(bkg_dates::jsonb)->>'indefinite' as indefinite,\n\t\t\t\t\tjsonb_array_elements(bkg_dates::jsonb)->>'dateValue' as datevalue,\n\t\t\t\t\tjsonb_array_elements(bkg_dates::jsonb)->>'overrideIndefinite' as overrideIndefinite,\n\t\t\t\t\tjsonb_array_elements(bkg_dates::jsonb)->>'overrideDateValue' as overrideDateValue\n\t\t\t\tfrom\n\t\t\t\t\t(\n\t\t\t\t\tselect\n\t\t\t\t\t\tform_identifier,\n\t\t\t\t\t\toffenderBookId,\n\t\t\t\t\t\titems ->> 1 as bkg_dates\n\t\t\t\t\tfrom\n\t\t\t\t\t\t(\n\t\t\t\t\t\tselect\n\t\t\t\t\t\t\tform_identifier,\n\t\t\t\t\t\t\tform_identifier::jsonb->>'offenderBookId' as offenderbookid,\n\t\t\t\t\t\t\tjsonb_path_query_array(encode(form_info_json,\n\t\t\t\t\t\t\t'escape')::jsonb,\n\t\t\t\t\t\t\t'$.*') as items\n\t\t\t\t\t\tfrom\n\t\t\t\t\t\t\tocdlegls_data where sentence_mail_flag  ='N') as t ) a ) b\n\t\t\twhere\n\t\t\t\tb.dateType1 = 'booking_LRD') Z ) Y\n\twhere\n\t\ty.lrd_value is not null\n\t\tand ( y.lrd_value = 'true'\n\t\t\tor (y.lrd_value <> 'false'\n\t\t\t\tand \n\tTO_DATE(y.lrd_value,\n\t\t\t\t'YYYY-MM-DD') > (current_date + :days * interval '1 day' ))))A,\n\t(\n\tselect\n\t\toff.offender_id_display,\n\t\toff.first_name,\n\t\toff.last_name,\n\t\tto_char(off.birth_date, 'DD/MM/YYYY') as dob,\n\t\t(select description from agency_locations al where al.agy_loc_id = off_bkg.agy_loc_id) facility,\n\t\t(select description from agency_locations al where al.agy_loc_id = off_bkg.intake_agy_loc_id) commFacility,\n\t\toff_bkg.offender_book_id\n\tfrom\n\t\toffenders off,\n\t\toffender_bookings off_bkg\n\twhere\n\t\toff.offender_id = off_bkg.offender_id\n) B\nwhere\n\tA.offenderbookid = B.offender_book_id::text\norder by last_name","queryDesc":"Get Prisoner Details With Booking LRD","category":"PRODUCT"}],"actionParams":[{"createUserId":"OMS_OWNER","parameterId":2029,"queryKey":"GET_PRISONER_DETAILS_WITH_BOOKING_LRD","parameterCode":"days","parameterDescription":"Interval","parameterType":"Number","createDatetime":1706779416057,"modifyDatetime":1706844027779,"modifyUserId":"OMS_OWNER"}],"createUserId":"OMS_OWNER","apiId":"GET_PRISONER_DETAILS_WITH_BOOKING_LRD","apiDescription":"Get Prisoner Details With Booking LRD","queryKey":"GET_PRISONER_DETAILS_WITH_BOOKING_LRD","url":"Elite2Web/api/cmdaction/executeSelectQuery","queryId":0,"createDatetime":1706779465000,"category":"PRODUCT"},{"quickAction":[{"queryId":554,"queryKey":"UPDATE_SENTENCE_MAIL_FLAG","queryText":"update ocdlegls_data set sentence_mail_flag = 'Y', modify_datetime = current_timestamp, modify_user_id = :modifyUserId where form_identifier = :form_identifier","queryDesc":"Update Sentence Mail Flag","category":"PRODUCT"}],"actionParams":[{"createUserId":"OMS_OWNER","parameterId":2028,"queryKey":"UPDATE_SENTENCE_MAIL_FLAG","parameterCode":"prisonersList","parameterDescription":"Prisoners List","parameterType":"List","createDatetime":1706772638187,"modifyDatetime":1706831048420,"modifyUserId":"OMS_OWNER"}],"createUserId":"OMS_OWNER","apiId":"UPDATE_SENTENCE_MAIL_FLAG","apiDescription":"Update Sentence Mail Flag","queryKey":"UPDATE_SENTENCE_MAIL_FLAG","url":"Elite2Web/api/cmdaction/batchUpdateQuery","queryId":0,"createDatetime":1706772677000,"modifyDatetime":1706831074000,"modifyUserId":"OMS_OWNER","category":"PRODUCT"},{"quickAction":[{"queryId":481,"queryKey":"GET_TEAM_MAIL_ID","queryText":"select\n\tSTRING_AGG(distinct (at1.team_email), ',') as team_email\nfrom\n\tautomation_teams at1,\n\tteam_functions tf\nwhere\n\ttf.function_type = :function\n\tand at1.team_id = tf.team_id\n\tand at1.team_email is not null\n    and trim(at1.team_email)  <> ''","queryDesc":"Get Team Mail Id","category":"CLIENT"}],"actionParams":[{"createUserId":"OMS_OWNER","parameterId":1981,"queryKey":"GET_TEAM_MAIL_ID","parameterCode":"function","parameterDescription":"Function","parameterType":"String","createDatetime":1705543517491}],"createUserId":"OMS_OWNER","apiId":"GET_TEAM_MAIL_ID","apiDescription":"Get Team Mail Id","queryKey":"GET_TEAM_MAIL_ID","url":"Elite2Web/api/cmdaction/executeSelectQuery","queryId":0,"createDatetime":1699415477000,"modifyDatetime":1705543517000,"modifyUserId":"OMS_OWNER","category":"CLIENT"}]