[{"quickAction":[{"queryId":183,"queryKey":"FORMAT_PHOTOGRAPH_ERROR_RESPONSE","queryText":"Select 1 from dual","queryDesc":"Format Photograph Error Response","category":"CLIENT"}],"actionParams":[{"createUserId":"OMS_OWNER","parameterId":288,"queryKey":"FORMAT_PHOTOGRAPH_ERROR_RESPONSE","parameterCode":"staffDetails","parameterDescription":"Staff Details","parameterType":"String","createDatetime":1675203410797,"modifyDatetime":1675203410797},{"createUserId":"OMS_OWNER","parameterId":289,"queryKey":"FORMAT_PHOTOGRAPH_ERROR_RESPONSE","parameterCode":"specificationKey","parameterDescription":"Specification Key","parameterType":"String","createDatetime":1675203410797,"modifyDatetime":1675203410797},{"createUserId":"OMS_OWNER","parameterId":290,"queryKey":"FORMAT_PHOTOGRAPH_ERROR_RESPONSE","parameterCode":"correlationId","parameterDescription":"Correlation Id","parameterType":"String","createDatetime":1675203410797,"modifyDatetime":1675203410797}],"createUserId":"OMS_OWNER","apiId":"FORMAT_PHOTOGRAPH_ERROR_RESPONSE","apiDescription":"Format Photograph Error Response","queryKey":"FORMAT_PHOTOGRAPH_ERROR_RESPONSE","url":"Elite2Web/api/serviceBusController/convertJson","queryId":0,"createDatetime":1675203616000,"modifyDatetime":1675203616000,"category":"CLIENT"},{"quickAction":[{"queryId":182,"queryKey":"GET_IDENTIFIER_EXISTS","queryText":"select\n\tcoalesce (y,\n\t'N') as Y\nfrom\n\t(\n\tselect\n\t\t(\n\t\tselect\n\t\t\t'Y' as Y\n\t\tfrom\n\t\t\toffender_identifiers\n\t\twhere\n\t\t\tidentifier = :identifier) Y,\n\t\t1\n\tfrom\n\t\tdual)A","queryDesc":"Get Identifier Exists","category":"CLIENT"}],"actionParams":[{"createUserId":"OMS_OWNER","parameterId":286,"queryKey":"GET_IDENTIFIER_EXISTS","parameterCode":"identifier","parameterDescription":"Identifier","parameterType":"String","createDatetime":1675201043853,"modifyDatetime":1675201043853}],"createUserId":"OMS_OWNER","apiId":"GET_IDENTIFIER_EXISTS","apiDescription":"Get Identifier Exists","queryKey":"GET_IDENTIFIER_EXISTS","url":"Elite2Web/api/cmdaction/executeSelectQuery","queryId":0,"createDatetime":1675201079000,"modifyDatetime":1675201079000,"category":"CLIENT"},{"quickAction":[{"queryId":179,"queryKey":"FORMAT_PHOTOGRAPH_LIST_RESPONSE","queryText":"Select 1 from dual","queryDesc":"Format Photograph List Response","category":"CLIENT"}],"actionParams":[{"createUserId":"KARTHI","parameterId":277,"queryKey":"FORMAT_PHOTOGRAPH_LIST_RESPONSE","parameterCode":"staffDetails","parameterDescription":"Staff Details","parameterType":"String","createDatetime":1673843670080,"modifyDatetime":1673843670080},{"createUserId":"KARTHI","parameterId":279,"queryKey":"FORMAT_PHOTOGRAPH_LIST_RESPONSE","parameterCode":"specificationKey","parameterDescription":"Specification Key","parameterType":"String","createDatetime":1673843670080,"modifyDatetime":1673843670080},{"createUserId":"KARTHI","parameterId":278,"queryKey":"FORMAT_PHOTOGRAPH_LIST_RESPONSE","parameterCode":"photographListDetails","parameterDescription":"Photograph Details","parameterType":"String","createDatetime":1673843670080,"modifyDatetime":1673848005714,"modifyUserId":"KARTHI"},{"createUserId":"OMS_OWNER","parameterId":287,"queryKey":"FORMAT_PHOTOGRAPH_LIST_RESPONSE","parameterCode":"correlationId","parameterDescription":"Correlation Id","parameterType":"String","createDatetime":1675202204846,"modifyDatetime":1675202204846}],"createUserId":"KARTHI","apiId":"FORMAT_PHOTOGRAPH_LIST_RESPONSE","apiDescription":"Format Photograph List Response","queryKey":"FORMAT_PHOTOGRAPH_LIST_RESPONSE","url":"Elite2Web/api/serviceBusController/convertJson","queryId":0,"createDatetime":1673843719000,"modifyDatetime":1673843719000,"category":"CLIENT"},{"quickAction":[{"queryId":178,"queryKey":"GET_PHOTOGRAPH_LIST_DETAILS","queryText":"select\n\tim.image_id, \n\tim.capture_date,\n\tim.image_thumbnail\nfrom \n\timages im,\n\toffender_identifiers oi,\n\toffender_bookings ob\nwhere \n\toi.identifier  = :identifier and\n\tob.offender_id = oi.offender_id and \n\tob.root_offender_id = oi.root_offender_id and\n\tob.offender_book_id  = im.image_object_id and \n\tob.active_flag = 'Y' and \n\tim.image_view_type = 'FACE' and \n\tim.active_flag = 'Y'","queryDesc":"Get Photograph List Details","category":"CLIENT"}],"actionParams":[{"createUserId":"KARTHI","parameterId":275,"queryKey":"GET_PHOTOGRAPH_LIST_DETAILS","parameterCode":"identifier","parameterDescription":"Identifier","parameterType":"String","createDatetime":1673843372903,"modifyDatetime":1673843372903},{"createUserId":"KARTHI","parameterId":280,"queryKey":"GET_PHOTOGRAPH_LIST_DETAILS","parameterCode":"maxResults","parameterDescription":"Max Results","parameterType":"Number","createDatetime":1673843813757,"modifyDatetime":1673843813757}],"createUserId":"KARTHI","apiId":"GET_PHOTOGRAPH_LIST_DETAILS","apiDescription":"Get Photograph List Details","queryKey":"GET_PHOTOGRAPH_LIST_DETAILS","url":"Elite2Web/api/cmdaction/executeSelectQuery","queryId":0,"createDatetime":1673843429000,"modifyDatetime":1673843429000,"category":"CLIENT"},{"quickAction":[{"queryId":144,"queryKey":"FORMAT_OFFENDER_DETAILS_QUEUE","queryText":"select 1 from dual","queryDesc":"Format Offender Details Queue","category":"CLIENT"}],"actionParams":[{"createUserId":"OMS_OWNER","parameterId":191,"queryKey":"FORMAT_OFFENDER_DETAILS_QUEUE","parameterCode":"ProcessInput","parameterDescription":"Process Input","parameterType":"String","createDatetime":1667777004424,"modifyDatetime":1667777004424},{"createUserId":"OMS_OWNER","parameterId":192,"queryKey":"FORMAT_OFFENDER_DETAILS_QUEUE","parameterCode":"specificationKey","parameterDescription":"Specification Key","parameterType":"String","createDatetime":1667777004424,"modifyDatetime":1667777004424}],"createUserId":"OMS_OWNER","apiId":"FORMAT_OFFENDER_DETAILS_QUEUE","apiDescription":"Format Offender Details Queue","queryKey":"FORMAT_OFFENDER_DETAILS_QUEUE","url":"Elite2Web/api/serviceBusController/convertJson","queryId":0,"createDatetime":1667777004000,"modifyDatetime":1667777004000,"category":"CLIENT"},{"quickAction":[{"queryId":21,"queryKey":"GET_STAFF_DETAILS","queryText":"select user_id, last_name, first_name, current_timestamp date_time from staff_members where user_id = :userId","queryDesc":"Get Staff Details","category":"CLIENT"}],"actionParams":[{"createUserId":"OMS_OWNER","parameterId":28,"queryKey":"GET_STAFF_DETAILS","parameterCode":"userId","parameterDescription":"User Id","parameterType":"String","createDatetime":1661267533000,"modifyDatetime":1667552073806,"modifyUserId":"OMS_OWNER"}],"createUserId":"OMS_OWNER","apiId":"GET_STAFF_DETAILS","apiDescription":"Get Staff Details","queryKey":"GET_STAFF_DETAILS","url":"Elite2Web/api/cmdaction/executeSelectQuery","queryId":0,"createDatetime":1661268205000,"modifyDatetime":1661268205000,"category":"CLIENT"}]