[{"quickAction":[{"queryId":248,"queryKey":"GET_CASE_PLAN_VERIFICATION_TEAM_MEMBERS_DETAILS","queryText":"SELECT distinct(SM.mail_id) ,sm.first_name ||' '||sm.last_name as staffName FROM team_staff_members TM ,staff_members SM  where  TM.staff_id=SM.staff_id \nand TM.team_id in (SELECT team_id FROM team_functions where function_type  = 'CPLAN_VERIFY')  and TM.team_id in (SELECT team_id FROM team_agency_loc where agy_loc_id  = :agyLocId)\nand SM.mail_id != ''and SM.mail_id is not null","queryDesc":"Get Case Plan Verification Team Members Details","category":"PRODUCT"}],"actionParams":[{"createUserId":"SUDHA","parameterId":411,"queryKey":"GET_CASE_PLAN_VERIFICATION_TEAM_MEMBERS_DETAILS","parameterCode":"agyLocId","parameterDescription":"agy Loc Id","parameterType":"String","createDatetime":1687412960303,"modifyDatetime":1687412960303}],"createUserId":"SUDHA","apiId":"GET_CASE_PLAN_VERIFICATION_TEAM_MEMBERS_DETAILS","apiDescription":"Get Case Plan Verification Team Members Details","queryKey":"GET_CASE_PLAN_VERIFICATION_TEAM_MEMBERS_DETAILS","url":"Elite2Web/api/cmdaction/executeSelectQuery","queryId":0,"createDatetime":1687413065000,"modifyDatetime":1687413065000,"category":"PRODUCT"},{"quickAction":[{"queryId":246,"queryKey":"GET_CASE_PLAN_REVIEW_TEAM_MEMBERS_DETAILS","queryText":"SELECT distinct(SM.mail_id) ,sm.first_name ||' '||sm.last_name as staffName FROM team_staff_members TM ,staff_members SM  where  TM.staff_id=SM.staff_id \nand  TM.team_id in (SELECT team_id FROM team_functions where function_type  = 'CPLAN_REVIEW')  and TM.team_id in (SELECT team_id FROM team_agency_loc where agy_loc_id  = :agyLocId)\nand SM.mail_id != ''and SM.mail_id is not null","queryDesc":"Get Case Plan Review Team Members Details","category":"PRODUCT"}],"actionParams":[{"createUserId":"SUDHA","parameterId":410,"queryKey":"GET_CASE_PLAN_REVIEW_TEAM_MEMBERS_DETAILS","parameterCode":"agyLocId","parameterDescription":"agy loc id","parameterType":"String","createDatetime":1687354218683,"modifyDatetime":1687354218683}],"createUserId":"SUDHA","apiId":"GET_CASE_PLAN_REVIEW_TEAM_MEMBERS_DETAILS","apiDescription":"Get Case Plan Review Team Members Details","queryKey":"GET_CASE_PLAN_REVIEW_TEAM_MEMBERS_DETAILS","url":"Elite2Web/api/cmdaction/executeSelectQuery","queryId":0,"createDatetime":1687412374000,"modifyDatetime":1687412374000,"category":"PRODUCT"},{"quickAction":[{"queryId":42,"queryKey":"GET_OFFENDER_DETAILS","queryText":"SELECT \n    vo.offender_book_id,\n    vo.offender_id,\n    vo.offender_id_display,\n    vo.first_name,\n    vo.last_name,\n    vo.middle_name,\n    vo.birth_date,\n    ref_code.description sex_code\nFROM \n    v_offenders vo,\n    reference_codes ref_code\nwhere\n    ref_code.domain = 'SEX' and \n \tref_code.code= vo.sex_code and\n    vo.offender_book_id = :offenderBookId","queryDesc":"Get Offender Details","category":"CLIENT"}],"actionParams":[{"createUserId":"OMS_OWNER","parameterId":46,"queryKey":"GET_OFFENDER_DETAILS","parameterCode":"offenderBookId","parameterDescription":"Offender Book Id","parameterType":"Number","createDatetime":1662705229751,"modifyDatetime":1662705229751}],"createUserId":"OMS_OWNER","apiId":"GET_OFFENDER_DETAILS","apiDescription":"Get Offender Details","queryKey":"GET_OFFENDER_DETAILS","url":"Elite2Web/api/cmdaction/executeSelectQuery","queryId":0,"createDatetime":1662705289000,"modifyDatetime":1662705289000,"category":"CLIENT"}]