[{"quickAction":[{"queryId":174,"queryKey":"GET_TEAM_MEMBERS_BY_FUCTION_AND_AGY_LOC","queryText":"select\n(STRING_AGG(distinct(ia.internet_address), ',')) mail_id\nfrom\n\tteam_staff_members TM ,\n\tstaff_members SM,\n\tinternet_addresses ia \nwhere\n     ia.owner_class ='STF'\n     and ia.owner_id = SM.staff_id  and \n\tSM.user_id in(\n\tselect\n\t\tdistinct(user_id)\n\twhere\n\t\tTM.staff_id = SM.staff_id)\n\tand TM.team_id in (\n\tselect\n\t\tteam_id\n\tfrom\n\t\tteam_functions\n\twhere\n\t\tfunction_type = :functionType )\n\tand TM.team_id in (\n\tselect\n\t\tteam_id\n\tfrom\n\t\tteam_agency_loc\n\twhere\n\t\tagy_loc_id = :agyLoc)","queryDesc":"Get Team Members By Fuction And Agency Location","category":"PRODUCT"}],"actionParams":[{"createUserId":"OMS_OWNER","parameterId":438,"queryKey":"GET_TEAM_MEMBERS_BY_FUCTION_AND_AGY_LOC","parameterCode":"agyLoc","parameterDescription":"Agency Location","parameterType":"String","createDatetime":1694225315368,"modifyDatetime":1694225315368},{"createUserId":"OMS_OWNER","parameterId":439,"queryKey":"GET_TEAM_MEMBERS_BY_FUCTION_AND_AGY_LOC","parameterCode":"functionType","parameterDescription":"Function Type","parameterType":"String","createDatetime":1694225315368,"modifyDatetime":1694225315368}],"createUserId":"OMS_OWNER","apiId":"GET_TEAM_MEMBERS_BY_FUCTION_AND_AGY_LOC","apiDescription":"Get Team Members By Fuction And Agency Location","queryKey":"GET_TEAM_MEMBERS_BY_FUCTION_AND_AGY_LOC","url":"Elite2Web/api/cmdaction/executeSelectQuery","queryId":0,"createDatetime":1691040369000,"modifyDatetime":1694225315000,"modifyUserId":"OMS_OWNER","category":"PRODUCT"}]