[{"quickAction":[{"queryId":353,"queryKey":"GET_OFFENDER_RELEASE_DETAILS","queryText":"select\n\tA.movement_time movement_date,\n\tA.movement_reason_code,\n\t( SELECT  DESCRIPTION    FROM MOVEMENT_REASONS    WHERE MOVEMENT_TYPE = 'REL' and movement_reason_code = A.movement_reason_code) mov_reason_description,\n\tto_char(A.movement_time, 'MM-DD-YYYY') as movmnt_date ,\n\tto_char(A.movement_time, 'HH24:MI') as movmnt_time ,\n\t\n\t A.from_agy_loc_id,\n\t(\n\tselect\n\t\tagy_loc.description\n\tfrom\n\t\tagency_locations agy_loc\n\twhere\n\t\tagy_loc_id = A.from_agy_loc_id) as from_agy_loc_desc\nfrom\n\toffender_external_movements A,\n\t(\n\tselect\n\t\tmax(movement_seq)max_movmt_seq,\n\t\tmovement_type,\n\t\toffender_book_id\n\tfrom\n\t\toffender_external_movements\n\tgroup by\n\t\toffender_book_id,\n\t\tmovement_type)B\nwhere\n\tA.offender_book_id = B.offender_book_id\n\tand \nA.movement_seq = B.max_movmt_seq\n\tand \nA.movement_type = B.movement_type\n\tand A.movement_type = 'REL'\n\tand A.offender_book_id = :offenderBookId","queryDesc":"Get Offender Release Details","category":"CLIENT"}],"actionParams":[{"createUserId":"OMS_OWNER","parameterId":1983,"queryKey":"GET_OFFENDER_RELEASE_DETAILS","parameterCode":"offenderBookId","parameterDescription":"Offender Book Id","parameterType":"Number","createDatetime":1705654703580}],"createUserId":"OMS_OWNER","apiId":"GET_OFFENDER_RELEASE_DETAILS","apiDescription":"Get Offender Release Details","queryKey":"GET_OFFENDER_RELEASE_DETAILS","url":"Elite2Web/api/cmdaction/executeSelectQuery","queryId":0,"createDatetime":1667833606000,"modifyDatetime":1705654703000,"modifyUserId":"OMS_OWNER","category":"CLIENT"},{"quickAction":[{"queryId":515,"queryKey":"CHECK_FOR_OFFENDER_ALERT","queryText":"select\n\t*\nfrom\n\toffender_alerts\nwhere\n\toffender_book_id = :offenderBookId\n\tand alert_type = :alertType\n\tand alert_code = :alertCode ","queryDesc":"Check for Offender Alert","category":"CLIENT"}],"actionParams":[{"createUserId":"OMS_OWNER","parameterId":1984,"queryKey":"CHECK_FOR_OFFENDER_ALERT","parameterCode":"alertCode","parameterDescription":"Alert Code","parameterType":"String","createDatetime":1705654703580},{"createUserId":"OMS_OWNER","parameterId":1985,"queryKey":"CHECK_FOR_OFFENDER_ALERT","parameterCode":"alertType","parameterDescription":"Alert Type","parameterType":"String","createDatetime":1705654703580},{"createUserId":"OMS_OWNER","parameterId":1986,"queryKey":"CHECK_FOR_OFFENDER_ALERT","parameterCode":"offenderBookId","parameterDescription":"Offender Book Id","parameterType":"Number","createDatetime":1705654703580}],"createUserId":"OMS_OWNER","apiId":"CHECK_FOR_OFFENDER_ALERT","apiDescription":"Check for Offender Alert","queryKey":"CHECK_FOR_OFFENDER_ALERT","url":"Elite2Web/api/cmdaction/executeSelectQuery","queryId":0,"createDatetime":1701941309000,"modifyDatetime":1705654703000,"modifyUserId":"OMS_OWNER","category":"CLIENT"}]