[{"quickAction":[{"queryId":332,"queryKey":"GET_COMM_CORRECTION_STAFF_MAIL_ID","queryText":"select STRING_AGG(a.internet_address, ',') as internet_addresses from\t\t\n(select\n\tdistinct ia.internet_address\nfrom\n\tinternet_addresses ia\nwhere\n\tia.owner_class = 'STF'\n\tand ia.owner_id in(select\n\tsac_staff_id  staff_id\nfrom\n\tcase_plans cp\nwhere\n\toffender_book_id = :offenderBookId\n\tand case_plan_id = (select max(case_plan_id) from case_plans where offender_book_id = :offenderBookId)\n\tunion\nselect\n \tcase when o.team_id is not null then (select staff_id from team_staff_members where team_member_id  = o.staff_member_id::numeric)\n \telse staff_member_id:: numeric  end as staff_id \nfrom\n\torders o\nwhere\n\toffender_book_id = :offenderBookId\nunion\nSELECT COALESCE(staff_id, (select staff_id from team_staff_members where team_member_id = A.team_member_id), to_staff_id, (select staff_id from team_staff_members where team_member_id = A.to_team_member_id)) as staff_id\nFROM (\n    SELECT MAX(CON_TRANSFER_ID) AS MAX_CON_TRANS_ID,\n           OFFENDER_BOOK_ID,\n           OFFENDER_SENT_CONDITION_ID\n    FROM OFFENDER_COND_TRANSFER\n    WHERE OFFENDER_BOOK_ID = :offenderBookId\n    GROUP BY OFFENDER_BOOK_ID, OFFENDER_SENT_CONDITION_ID\n) B\nJOIN OFFENDER_COND_TRANSFER A\nON A.OFFENDER_BOOK_ID = B.OFFENDER_BOOK_ID\n   AND A.OFFENDER_SENT_CONDITION_ID = B.OFFENDER_SENT_CONDITION_ID\n   AND A.CON_TRANSFER_ID = B.MAX_CON_TRANS_ID)) a","queryDesc":"Get Comm Correction  Staff Mail Id","category":"CLIENT"}],"actionParams":[{"createUserId":"KARTHI","parameterId":656,"queryKey":"GET_COMM_CORRECTION_STAFF_MAIL_ID","parameterCode":"offenderBookId","parameterDescription":"Offender Book Id","parameterType":"Number","createDatetime":1698650762732,"modifyDatetime":1698650762732}],"createUserId":"KARTHI","apiId":"GET_COMM_CORRECTION_STAFF_MAIL_ID","apiDescription":"Get Comm Correction Staff Mail Id","queryKey":"GET_COMM_CORRECTION_STAFF_MAIL_ID","url":"Elite2Web/api/cmdaction/executeSelectQuery","queryId":0,"createDatetime":1698650802000,"modifyDatetime":1698650802000,"category":"CLIENT"},{"quickAction":[{"queryId":42,"queryKey":"GET_OFFENDER_DETAILS","queryText":"SELECT \n    vo.offender_book_id,\n    vo.offender_id,\n    vo.offender_id_display,\n    vo.first_name,\n    vo.last_name,\n    vo.middle_name,\n    vo.birth_date,\n    o.second_middle_name, \n    ref_code.description sex_code,\n   to_char(vo.birth_date,'DD/MM/YYYYY') as dob,\n  (select description from agency_locations al where agy_loc_id= vo.agy_loc_id ) as facility\nFROM \n    v_offenders vo,\n    reference_codes ref_code,\n    offenders o\nwhere\n    ref_code.domain = 'SEX' and \n \tref_code.code= vo.sex_code and\n \to.offender_id = vo.offender_id and\n    vo.offender_book_id = :offenderBookId","queryDesc":"Get Offender Details","category":"CLIENT"}],"actionParams":[{"createUserId":"OMS_OWNER","parameterId":537,"queryKey":"GET_OFFENDER_DETAILS","parameterCode":"offenderBookId","parameterDescription":"Offender Book Id","parameterType":"Number","createDatetime":1693215451360,"modifyDatetime":1693215451360}],"createUserId":"OMS_OWNER","apiId":"GET_OFFENDER_DETAILS","apiDescription":"Get Offender Details","queryKey":"GET_OFFENDER_DETAILS","url":"Elite2Web/api/cmdaction/executeSelectQuery","queryId":0,"createDatetime":1662705289000,"modifyDatetime":1693215451000,"modifyUserId":"YOGENDRANATH","category":"CLIENT"}]