[{"quickAction":[{"queryId":295,"queryKey":"GET_TEAM_MAIL_ID","queryText":"select\n\tSTRING_AGG(distinct (at1.team_email), ',') as team_email\nfrom\n\tautomation_teams at1,\n\tteam_functions tf\nwhere\n\ttf.function_type = :function\n\tand at1.team_id = tf.team_id\n\tand at1.team_email is not null","queryDesc":"Get Team Mail Id","category":"CLIENT"}],"actionParams":[{"createUserId":"OMS_OWNER","parameterId":585,"queryKey":"GET_TEAM_MAIL_ID","parameterCode":"function","parameterDescription":"Function","parameterType":"String","createDatetime":1700637666543,"modifyDatetime":1700637666543}],"createUserId":"OMS_OWNER","apiId":"GET_TEAM_MAIL_ID","apiDescription":"Get Team Mail Id","queryKey":"GET_TEAM_MAIL_ID","url":"Elite2Web/api/cmdaction/executeSelectQuery","queryId":0,"createDatetime":1700637666000,"modifyDatetime":1700637666000,"modifyUserId":"YOGENDRAM","category":"CLIENT"},{"quickAction":[{"queryId":294,"queryKey":"GET_AGENCY_INCIDENT_DETAILS","queryText":"select\n\tai.agency_incident_id,\n\tal.description,\n\tTO_CHAR(ai.incident_date, 'dd-mm-yyyy') incident_date,\n\tTO_CHAR(ai.report_date, 'dd-mm-yyyy') report_date,\n\tsm.first_name ||','|| sm.last_name  as reported_staff\nfrom\n\tagency_incidents ai,\n\tagency_locations al,\n\tstaff_members sm \nwhere\n\tagency_incident_id = :agencyIncidentId\n\tand al.agy_loc_id = ai.agy_loc_id\n\tand sm.staff_id = ai.reported_staff_id","queryDesc":"Get Agency Incident Details","category":"CLIENT"}],"actionParams":[{"createUserId":"OMS_OWNER","parameterId":584,"queryKey":"GET_AGENCY_INCIDENT_DETAILS","parameterCode":"agencyIncidentId","parameterDescription":"Agency Incident Id","parameterType":"Number","createDatetime":1700637241048,"modifyDatetime":1700637241048}],"createUserId":"OMS_OWNER","apiId":"GET_AGENCY_INCIDENT_DETAILS","apiDescription":"Get Agency Incident Details","queryKey":"GET_AGENCY_INCIDENT_DETAILS","url":"Elite2Web/api/cmdaction/executeSelectQuery","queryId":0,"createDatetime":1700637272000,"modifyDatetime":1700637272000,"category":"CLIENT"}]