[{"processKey":"OIDADMIS_PRISONER_ADMISSION_NOTIFY","processDesc":"OIDADMIS_PRISONER_ADMISSION_NOTIFY","triggerId":"1","xmlFileName":"OIDADMIS_PRISONER_ADMISSION_NOTIFY.bpmn","category":"CLIENT","timerProcess":"N"},{"processKey":"QUEUE_LISTENER_ALIAS_DETAILS_UPDATE","processDesc":"QUEUE_LISTENER_ALIAS_DETAILS_UPDATE","xmlFileName":"QUEUE_LISTENER_ALIAS_DETAILS_UPDATE.bpmn","category":"CLIENT","timerProcess":"N"},{"processKey":"OCDINTAK_COMMUNITY_INTAKE_NOTIFY","processDesc":"OCDINTAK_COMMUNITY_INTAKE_NOTIFY","triggerId":"6","xmlFileName":"OCDINTAK_COMMUNITY_INTAKE_NOTIFY.bpmn","category":"CLIENT","timerProcess":"N"}]