[{"quickAction":[{"queryId":570,"queryKey":"GET_OFFENDER_PAROLED_CUST_ORDERS","queryText":"select count(*) as count from (select jsonb_array_elements(custOrders::jsonb)->>'status' as \"status\" from (\nselect\n\titems ->> 0 as custOrders\t\nfrom\n\t(\n\tselect\n\t\tform_identifier::jsonb->> 'offenderBookId' as offenderbookid,\n\t\tform_identifier::jsonb->> 'orderType' as orderType,\n\t\tjsonb_path_query_array(encode(form_info_json,'escape')::jsonb,'$.*') as items\n\tfrom\n\t\tocdleglo_data od) as t\nwhere\n\torderType = 'CUST'\n\tand offenderbookid = to_char(:offenderBookId)) as v) f where status = 'PAR'","queryDesc":"Get Offender Paroled Cust Orders","category":"CLIENT"}],"actionParams":[{"createUserId":"YOGENDRAM","parameterId":2100,"queryKey":"GET_OFFENDER_PAROLED_CUST_ORDERS","parameterCode":"offenderBookId","parameterDescription":"Offender Book Id","parameterType":"Number","createDatetime":1708593648075}],"createUserId":"YOGENDRAM","apiId":"GET_OFFENDER_PAROLED_CUST_ORDERS","apiDescription":"Get Offender Paroled Cust Orders","queryKey":"GET_OFFENDER_PAROLED_CUST_ORDERS","url":"Elite2Web/api/cmdaction/executeSelectQuery","queryId":0,"createDatetime":1708593722000,"category":"CLIENT"},{"quickAction":[{"queryId":516,"queryKey":"GET_TEAM_MAIL_ID_FOR_MULTIPLE_FUNCTIONS","queryText":"select\n\tSTRING_AGG(distinct (at1.team_email),\n\t',') as team_email\nfrom\n\tautomation_teams at1,\n\tteam_functions tf\nwhere\n\ttf.function_type in (:functions)\n\tand at1.team_id = tf.team_id\n\tand at1.team_email is not null\n\tand trim(at1.team_email) <> ''","queryDesc":"Get Team Mail Id For Multiple Functions","category":"CLIENT"}],"actionParams":[{"createUserId":"YOGENDRANATH","parameterId":1803,"queryKey":"GET_TEAM_MAIL_ID_FOR_MULTIPLE_FUNCTIONS","parameterCode":"functions","parameterDescription":"Functions","parameterType":"List","createDatetime":1701994632199,"modifyDatetime":1701994632199,"modifyUserId":"YOGENDRANATH"}],"createUserId":"OMS_OWNER","apiId":"GET_TEAM_MAIL_ID_FOR_MULTIPLE_FUNCTIONS","apiDescription":"Get Team Mail Id For Multiple Functions","queryKey":"GET_TEAM_MAIL_ID_FOR_MULTIPLE_FUNCTIONS","url":"Elite2Web/api/cmdaction/executeSelectQuery","queryId":0,"createDatetime":1701994632000,"modifyDatetime":1701994632000,"category":"CLIENT"}]