[{"quickAction":[{"queryId":270,"queryKey":"GET_OFFENDER_WANTED_DETAILS","queryText":"select\n\t*\nfrom\n\t(\n\tselect\n\t\tcase\n\t\t\twhen oem.movement_reason_code = 'ESCP' then\n\t(\n\t\t\tselect\n\t\t\t\toe.escape_comment_text\n\t\t\tfrom\n\t\t\t\toffender_escapes oe\n\t\t\twhere\n\t\t\t\toe.escape_id = (\n\t\t\t\tselect\n\t\t\t\t\tmax(escape_id)\n\t\t\t\tfrom\n\t\t\t\t\toffender_escapes\n\t\t\t\twhere\n\t\t\t\t\toffender_book_id = :offenderBookId))\n\t\tend escape_comment_text,\n\t\tcase\n\t\t\twhen oem.movement_reason_code = 'ESCP' then\n\t'Escapee'\n\t\tend wanted_type\n\tfrom\n\t\toffender_external_movements oem\n\twhere\n\t\toem.offender_book_id = :offenderBookId\n\t\tand movement_seq = (\n\t\tselect\n\t\t\tmax(movement_seq)\n\t\tfrom\n\t\t\toffender_external_movements\n\t\twhere\n\t\t\toffender_book_id = :offenderBookId)) a\nwhere\n\ta.escape_comment_text is not null","queryDesc":"Get Offender Wanted Details","category":"CLIENT"}],"actionParams":[{"createUserId":"OMS_OWNER","parameterId":462,"queryKey":"GET_OFFENDER_WANTED_DETAILS","parameterCode":"offenderBookId","parameterDescription":"Offender Book Id","parameterType":"Number","createDatetime":1689741689758,"modifyDatetime":1689741689758}],"createUserId":"OMS_OWNER","apiId":"GET_OFFENDER_WANTED_DETAILS","apiDescription":"Get Offender Wanted Details","queryKey":"GET_OFFENDER_WANTED_DETAILS","url":"Elite2Web/api/cmdaction/executeSelectQuery","queryId":0,"createDatetime":1689741750000,"modifyDatetime":1689741750000,"category":"CLIENT"}]