[{"quickAction":[{"queryId":178,"queryKey":"GET_PHOTOGRAPH_LIST_DETAILS","queryText":"select\n\tim.image_id, \n\tim.capture_date,\n\tim.image_thumbnail\nfrom \n\timages im\nwhere \n\tim.image_object_id = :offenderBookId and\n\tim.image_view_type = 'FACE' \norder by \n\tcapture_date desc limit :maxResults","queryDesc":"Get Photograph List Details","category":"CLIENT"}],"actionParams":[{"createUserId":"KARTHI","parameterId":280,"queryKey":"GET_PHOTOGRAPH_LIST_DETAILS","parameterCode":"maxResults","parameterDescription":"Max Results","parameterType":"Number","createDatetime":1673843813757,"modifyDatetime":1673843813757},{"createUserId":"KARTHI","parameterId":275,"queryKey":"GET_PHOTOGRAPH_LIST_DETAILS","parameterCode":"offenderBookId","parameterDescription":"Offender Book Id","parameterType":"Number","createDatetime":1673843372903,"modifyDatetime":1693196553336,"modifyUserId":"OMS_OWNER"}],"createUserId":"KARTHI","apiId":"GET_PHOTOGRAPH_LIST_DETAILS","apiDescription":"Get Photograph List Details","queryKey":"GET_PHOTOGRAPH_LIST_DETAILS","url":"Elite2Web/api/cmdaction/executeSelectQuery","queryId":0,"createDatetime":1673843429000,"modifyDatetime":1673843429000,"category":"CLIENT"}]