[{"quickAction":[{"queryId":156,"queryKey":"GET_STAFF_DATA","queryText":"select distinct* from staff_members where staff_id =(:staffId)::bigint","queryDesc":"Get Staff Data","category":"PRODUCT"}],"actionParams":[{"createUserId":"OMS_OWNER","parameterId":213,"queryKey":"GET_STAFF_DATA","parameterCode":"staffId","parameterDescription":"staffId","parameterType":"Number","createDatetime":1668511904547,"modifyDatetime":1668511904547}],"createUserId":"OMS_OWNER","apiId":"GET_STAFF_DATA","apiDescription":"Get Staff Data","queryKey":"GET_STAFF_DATA","url":"Elite2Web/api/cmdaction/executeSelectQuery","queryId":0,"createDatetime":1668524587000,"modifyDatetime":1668524587000,"category":"PRODUCT"}]