[{"quickAction":[{"queryId":545,"queryKey":"GET_OFFENDERS_DEATH_DATE","queryText":"select \n\tcase\n\t\twhen ob.agy_loc_id is not null then(\n\t\tselect\n\t\t\toem.movement_date\n\t\tfrom\n\t\t\toffender_external_movements oem\n\t\twhere\n\t\t\toem.offender_book_id = :offenderBookId\n\t\t\tand oem.movement_type = 'REL'\n\t\t\tand oem.movement_reason_code in ('DTH')\n\t\t\tand movement_seq = (\n\t\t\tselect\n\t\t\t\tmax(oem1.movement_seq)\n\t\t\tfrom\n\t\t\t\toffender_external_movements oem1\n\t\t\twhere\n\t\t\t\toem1.offender_book_id = :offenderBookId))\n\t\telse (\n\t\tselect\n\t\t\tobe.event_date\n\t\tfrom\n\t\t\toffender_booking_events obe\n\t\twhere\n\t\t\tobe.offender_book_id = :offenderBookId\n\t\t\tand obe.reason_code = 'DIED'\n\t\t\tand obe.booking_event_code = 'CAC'\n\t\t\tand obe.event_seq = (\n\t\t\tselect\n\t\t\t\tmax(obe1.event_seq)\n\t\t\tfrom\n\t\t\t\toffender_booking_events obe1\n\t\t\twhere\n\t\t\t\tobe1.offender_book_id = :offenderBookId)) end as death_date\n\tfrom\n\t\toffender_bookings ob\n\twhere\n\t\toffender_book_id = :offenderBookId","queryDesc":"Get Offenders Death Date","category":"CLIENT"}],"actionParams":[{"createUserId":"OMS_OWNER","parameterId":2006,"queryKey":"GET_OFFENDERS_DEATH_DATE","parameterCode":"offenderBookId","parameterDescription":"Offender Book Id","parameterType":"Number","createDatetime":1706657055916}],"createUserId":"OMS_OWNER","apiId":"GET_OFFENDERS_DEATH_DATE","apiDescription":"Get Offenders Death Date","queryKey":"GET_OFFENDERS_DEATH_DATE","url":"Elite2Web/api/cmdaction/executeSelectQuery","queryId":0,"createDatetime":1706657055000,"category":"CLIENT"},{"quickAction":[{"queryId":328,"queryKey":"FORMAT_OFFENDER_DETAILS_ACTION_RESPONSE","queryText":"select 1 from dual","queryDesc":"Format Offender Details Action Response","category":"CLIENT"}],"actionParams":[{"createUserId":"OMS_OWNER","parameterId":1746,"queryKey":"FORMAT_OFFENDER_DETAILS_ACTION_RESPONSE","parameterCode":"aliasDetails","parameterDescription":"Alias Details","parameterType":"String","createDatetime":1701836862351,"modifyDatetime":1701836862351,"modifyUserId":"OMS_OWNER"},{"createUserId":"OMS_OWNER","parameterId":1747,"queryKey":"FORMAT_OFFENDER_DETAILS_ACTION_RESPONSE","parameterCode":"nameDetails","parameterDescription":"Name Details","parameterType":"String","createDatetime":1701836862351,"modifyDatetime":1701836862351,"modifyUserId":"OMS_OWNER"},{"createUserId":"OMS_OWNER","parameterId":1748,"queryKey":"FORMAT_OFFENDER_DETAILS_ACTION_RESPONSE","parameterCode":"offenderBookId","parameterDescription":"Offender Book Id","parameterType":"Number","createDatetime":1701836862351,"modifyDatetime":1701836862351,"modifyUserId":"OMS_OWNER"},{"createUserId":"OMS_OWNER","parameterId":1749,"queryKey":"FORMAT_OFFENDER_DETAILS_ACTION_RESPONSE","parameterCode":"residenceDetails","parameterDescription":"Residence Details","parameterType":"String","createDatetime":1701836862351,"modifyDatetime":1701836862351,"modifyUserId":"OMS_OWNER"},{"createUserId":"OMS_OWNER","parameterId":1750,"queryKey":"FORMAT_OFFENDER_DETAILS_ACTION_RESPONSE","parameterCode":"specificationKey","parameterDescription":"Specification Key","parameterType":"String","createDatetime":1701836862351,"modifyDatetime":1701836862351,"modifyUserId":"OMS_OWNER"},{"createUserId":"OMS_OWNER","parameterId":1751,"queryKey":"FORMAT_OFFENDER_DETAILS_ACTION_RESPONSE","parameterCode":"userDetails","parameterDescription":"User Details","parameterType":"String","createDatetime":1701836862351,"modifyDatetime":1701836862351},{"createUserId":"OMS_OWNER","parameterId":1752,"queryKey":"FORMAT_OFFENDER_DETAILS_ACTION_RESPONSE","parameterCode":"wantedDetails","parameterDescription":"Wanted Details","parameterType":"String","createDatetime":1701836862351,"modifyDatetime":1701836862351},{"createUserId":"OMS_OWNER","parameterId":1753,"queryKey":"FORMAT_OFFENDER_DETAILS_ACTION_RESPONSE","parameterCode":"warningDetails","parameterDescription":"Warning Details","parameterType":"String","createDatetime":1701836862351,"modifyDatetime":1701836862351},{"createUserId":"OMS_OWNER","parameterId":1754,"queryKey":"FORMAT_OFFENDER_DETAILS_ACTION_RESPONSE","parameterCode":"identifierDetails","parameterDescription":"Identifier Details","parameterType":"String","createDatetime":1701836862351,"modifyDatetime":1701836862351},{"createUserId":"OMS_OWNER","parameterId":1755,"queryKey":"FORMAT_OFFENDER_DETAILS_ACTION_RESPONSE","parameterCode":"occupation","parameterDescription":"Occupation","parameterType":"String","createDatetime":1701836862351,"modifyDatetime":1701836862351},{"createUserId":"OMS_OWNER","parameterId":1756,"queryKey":"FORMAT_OFFENDER_DETAILS_ACTION_RESPONSE","parameterCode":"correlationId","parameterDescription":"Correlation Id","parameterType":"String","createDatetime":1701836862351,"modifyDatetime":1701836862351},{"createUserId":"OMS_OWNER","parameterId":1757,"queryKey":"FORMAT_OFFENDER_DETAILS_ACTION_RESPONSE","parameterCode":"bookingDetails","parameterDescription":"Booking Details","parameterType":"String","createDatetime":1701836862351,"modifyDatetime":1701836862351},{"createUserId":"OMS_OWNER","parameterId":1758,"queryKey":"FORMAT_OFFENDER_DETAILS_ACTION_RESPONSE","parameterCode":"identifier","parameterDescription":"Pin","parameterType":"String","createDatetime":1701836862351,"modifyDatetime":1701836862351}],"createUserId":"OMS_OWNER","apiId":"FORMAT_OFFENDER_DETAILS_ACTION_RESPONSE","apiDescription":"Format Offender Details Action Response","queryKey":"FORMAT_OFFENDER_DETAILS_ACTION_RESPONSE","url":"Elite2Web/api/serviceBusController/convertJson","queryId":0,"createDatetime":1667696990000,"modifyDatetime":1701836862000,"modifyUserId":"OMS_OWNER","category":"CLIENT"}]