[{"quickAction":[{"queryId":195,"queryKey":"GET_CASE_OFFICER_MAIL","queryText":"select sm.mail_id  mailId from case_plans cp ,staff_members sm where cp.sac_staff_id =sm.staff_id  and cp.offender_book_id =:offenderBookId","queryDesc":"Get Case Officer Email"}],"actionParams":[{"createUserId":"DOJUSER4","parameterId":213,"queryKey":"GET_CASE_OFFICER_MAIL","parameterCode":"offenderBookId","parameterDescription":"offenderBookId","parameterType":"Number","createDatetime":1662107488654,"modifyDatetime":1662107488654}],"createUserId":"DOJUSER4","apiId":"GET_CASE_OFFICER_MAIL","apiDescription":"Get CaseOfficer Mail","queryKey":"GET_CASE_OFFICER_MAIL","url":"Elite2Web/api/cmdaction/executeSelectQuery","queryId":0,"createDatetime":1662107513000,"modifyDatetime":1662107513000}]