[{"processKey":"OIDCHLOC_CHANGE_OFFENDER_HOUSING_NOTIFY","processDesc":"OIDCHLOC_CHANGE_OFFENDER_HOUSING_NOTIFY","triggerId":"74","xmlFileName":"OIDCHLOC_CHANGE_OFFENDER_HOUSING_NOTIFY.bpmn","category":"CLIENT"},{"processKey":"OIDCHOLO_CHANGE_MULTIPLE_HOUSING_NOTIFY","processDesc":"OIDCHOLO_CHANGE_MULTIPLE_HOUSING_NOTIFY","triggerId":"75","xmlFileName":"OIDCHOLO_CHANGE_MULTIPLE_HOUSING_NOTIFY.bpmn","category":"CLIENT"},{"processKey":"OIDEHLOC_EXCHANGE_OFFENDER_HOUSING_NOTIFY","processDesc":"OIDEHLOC_EXCHANGE_OFFENDER_HOUSING_NOTIFY","triggerId":"76","xmlFileName":"OIDEHLOC_EXCHANGE_OFFENDER_HOUSING_NOTIFY.bpmn","category":"CLIENT"},{"processKey":"OIDADMIS_INTAKE_OFFENDER_HOUSING_NOTIFY","processDesc":"OIDADMIS_INTAKE_OFFENDER_HOUSING_NOTIFY","triggerId":"1","xmlFileName":"OIDADMIS_INTAKE_OFFENDER_HOUSING_NOTIFY.bpmn","category":"CLIENT"}]