[{"quickAction":[{"queryId":258,"queryKey":"GET_TEAM_CODE_BY_FUNCTIONTYPE_AGYLOC","queryText":"select (STRING_AGG(distinct(ATM.team_code), ',')) team_code  FROM team_staff_members TM , automation_teams ATM  where ATM.team_id = TM.team_id and TM.team_id in (SELECT team_id FROM team_functions where function_type  = :functionType )  \nand TM.team_id in (SELECT team_id FROM team_agency_loc where agy_loc_id  = :agyLoc)","queryDesc":"Get Team Code By Functiont Type Agency location","category":"PRODUCT"}],"actionParams":[{"createUserId":"OMS_OWNER","parameterId":446,"queryKey":"GET_TEAM_CODE_BY_FUNCTIONTYPE_AGYLOC","parameterCode":"agyLoc","parameterDescription":"Agency location","parameterType":"String","createDatetime":1689016860555},{"createUserId":"OMS_OWNER","parameterId":447,"queryKey":"GET_TEAM_CODE_BY_FUNCTIONTYPE_AGYLOC","parameterCode":"functionType","parameterDescription":"Function Type","parameterType":"String","createDatetime":1689016860555}],"createUserId":"SUDHA","apiId":"GET_TEAM_CODE_BY_FUNCTIONTYPE_AGYLOC","apiDescription":"Get Team Code By Functiont Type Agency location","queryKey":"GET_TEAM_CODE_BY_FUNCTIONTYPE_AGYLOC","url":"Elite2Web/api/cmdaction/executeSelectQuery","queryId":0,"createDatetime":1689003796000,"category":"PRODUCT"}]