[{"quickAction":[{"queryId":575,"queryKey":"GET_OFFENDERS_WITH_ACTIVE_SASH_ALERT","queryText":"select A.offender_book_id, A.evaluation_date, A.next_review_date, o.offender_id_display, o.first_name, o.last_name, to_char(o.birth_date, 'DD/MM/YYYY') as birth_date,\ncase when ob.agy_loc_id is null then (select description from agency_locations al where al.agy_loc_id  = ob.intake_agy_loc_id)  \nelse (select description from agency_locations al where al.agy_loc_id  = ob.agy_loc_id) end as facility,\nto_char(current_timestamp, 'DD/MM/YYYY') as sys_date,\nA.security_level\nfrom\n(SELECT oa.offender_book_id, to_char(oa.evaluation_date, 'DD/MM/YYYY') as evaluation_date, to_char(oa.next_review_date, 'DD/MM/YYYY') as next_review_date,\ncase when (select caseload_type from assessments where assessment_id = oa.assessment_type_id) = 'INST' then oa.calc_sup_level_type\nelse (select profile_value from system_profiles sp where profile_code = 'PENDING_STAT' and profile_type = 'CLIENT') end as security_level\nFROM offender_assessments oa\nJOIN (\n    SELECT offender_book_id, MAX(assessment_seq) AS max_assessment_seq\n    FROM offender_assessments\n    WHERE assessment_type_id = (SELECT assessment_id FROM assessments WHERE assessment_code = 'RIT')\n    GROUP BY offender_book_id\n) max_seq\nON oa.offender_book_id = max_seq.offender_book_id AND oa.assessment_seq = max_seq.max_assessment_seq) as A,\n(select\n\tdistinct(offender_book_id) as offender_book_id\nfrom\n\toffender_alerts oa\nwhere\n\talert_type = 'S'\n\tand alert_code != 'SA'\n\tand alert_status = 'ACTIVE') as B,\n\toffender_bookings ob,\n\toffenders o\nwhere \n\tA.offender_book_id = B.offender_book_id\n\tand B.offender_book_id = ob.offender_book_id\n\tand ob.offender_id = o.offender_id\n\tand ob.active_flag = 'Y'\norder by \n\tfacility, \n\tlast_name","queryDesc":"Get Offenders with Active SASH Alert","category":"CLIENT"}],"actionParams":[],"createUserId":"OMS_OWNER","apiId":"GET_OFFENDERS_WITH_ACTIVE_SASH_ALERT","apiDescription":"Get offenders with Active SASH Alert","queryKey":"GET_OFFENDERS_WITH_ACTIVE_SASH_ALERT","url":"Elite2Web/api/cmdaction/executeSelectQuery","queryId":0,"createDatetime":1709880823000,"category":"CLIENT"},{"quickAction":[{"queryId":481,"queryKey":"GET_TEAM_MAIL_ID","queryText":"select\n\tSTRING_AGG(distinct (at1.team_email), ',') as team_email\nfrom\n\tautomation_teams at1,\n\tteam_functions tf\nwhere\n\ttf.function_type = :function\n\tand at1.team_id = tf.team_id\n\tand at1.team_email is not null\n    and trim(at1.team_email)  <> ''","queryDesc":"Get Team Mail Id","category":"CLIENT"}],"actionParams":[{"createUserId":"OMS_OWNER","parameterId":1981,"queryKey":"GET_TEAM_MAIL_ID","parameterCode":"function","parameterDescription":"Function","parameterType":"String","createDatetime":1705543517491}],"createUserId":"OMS_OWNER","apiId":"GET_TEAM_MAIL_ID","apiDescription":"Get Team Mail Id","queryKey":"GET_TEAM_MAIL_ID","url":"Elite2Web/api/cmdaction/executeSelectQuery","queryId":0,"createDatetime":1699415477000,"modifyDatetime":1705543517000,"modifyUserId":"OMS_OWNER","category":"CLIENT"}]