[{"quickAction":[{"queryId":143,"queryKey":"GET_STAFF_DATA","queryText":"select distinct\n     sm.staff_id, sm.last_name, sm.first_name, sm.middle_name, sm.sex_code, sm.status, sm.suspension_date, sm.suspension_reason, sm.force_password_change_flag, sm.last_password_change_date, sm.license_code, sm.license_expiry_date, sm.create_datetime, sm.create_user_id, sm.modify_datetime, sm.modify_user_id, sm.title, sm.name_sequence, sm.queue_cluster_id, sm.first_logon_flag, sm.suffix, sm.seal_flag, sm.ad_user\n   , se.internet_addresses\nfrom staff_members sm,\n     (select ia.owner_id as staff_id, STRING_AGG (ia.internet_address, ',') as internet_addresses\n\t\tfrom internet_addresses ia\n\t\twhere owner_class = 'STF'\n\t\tgroup by ia.owner_id) se\n where sm.staff_id = se.staff_id\n   and sm.staff_id =(:staffId)::bigint","queryDesc":"Get Staff Data","category":"PRODUCT"}],"actionParams":[{"createUserId":"OMS_OWNER","parameterId":343,"queryKey":"GET_STAFF_DATA","parameterCode":"staffId","parameterDescription":"staffId","parameterType":"Number","createDatetime":1686798045709,"modifyDatetime":1686798045709}],"createUserId":"OMS_OWNER","apiId":"GET_STAFF_DATA","apiDescription":"Get Staff Data","queryKey":"GET_STAFF_DATA","url":"Elite2Web/api/cmdaction/executeSelectQuery","queryId":0,"createDatetime":1675897958000,"modifyDatetime":1686798045000,"modifyUserId":"OMS_OWNER","category":"PRODUCT"}]