[{"quickAction":[{"queryId":275,"queryKey":"INSERT_POLICE_WARNINGS","queryText":"insert\n\tinto\n\toffender_alerts(alert_date,\n\toffender_book_id,\n\troot_offender_id,\n\talert_seq,\n\talert_type,\n\talert_code,\n\tcreate_date,\n\talert_status,\n\tverified_flag,\n\texpiry_date,\n\tmodify_datetime,\n\tcaseload_type,\n\tcreate_datetime,\n\tcreate_user_id)\nvalues( case when :alertdate = '' then current_timestamp else TO_TIMESTAMP(:alertdate, 'YYYY-MM-DD\"T\"HH24:MI:SS') end,\n:offenderbookid::bigint,\n(select root_offender_id  from offender_bookings where offender_book_id = :offenderbookid::bigint),\n(select coalesce(max(alert_seq),0) + 1  from   offender_alerts  where  offender_book_id = :offenderbookid::bigint),\n(select code from reference_codes rc where domain = 'ALERT' and description = :alerttype),\n(select code from reference_codes rc where domain = 'ALERT_CODE' and description = :alertcode),\ncurrent_timestamp,\n:alertstatus,\n:verifiedflag,\ncase when :expirydate = '' then null else TO_TIMESTAMP(:expirydate, 'YYYY-MM-DD\"T\"HH24:MI:SS') end,\ncurrent_timestamp,\ncase when :caseloadtype = '' then null else :caseloadtype end,\ncurrent_timestamp,\n:createuserid)","queryDesc":"Insert Police Warnings","category":"CLIENT"}],"actionParams":[{"createUserId":"OMS_OWNER","parameterId":476,"queryKey":"INSERT_POLICE_WARNINGS","parameterCode":"alertdate","parameterDescription":"Alert Date","parameterType":"String","createDatetime":1690186588835,"modifyDatetime":1690186588835},{"createUserId":"OMS_OWNER","parameterId":477,"queryKey":"INSERT_POLICE_WARNINGS","parameterCode":"offenderbookid","parameterDescription":"Offender Book Id","parameterType":"Number","createDatetime":1690186588835,"modifyDatetime":1690186588835},{"createUserId":"OMS_OWNER","parameterId":480,"queryKey":"INSERT_POLICE_WARNINGS","parameterCode":"alerttype","parameterDescription":"Alert Type","parameterType":"String","createDatetime":1690186588835,"modifyDatetime":1690186588835},{"createUserId":"OMS_OWNER","parameterId":481,"queryKey":"INSERT_POLICE_WARNINGS","parameterCode":"alertcode","parameterDescription":"Alert Code","parameterType":"String","createDatetime":1690186588835,"modifyDatetime":1690186588835},{"createUserId":"OMS_OWNER","parameterId":482,"queryKey":"INSERT_POLICE_WARNINGS","parameterCode":"alertstatus","parameterDescription":"Alert Status","parameterType":"String","createDatetime":1690186588835,"modifyDatetime":1690186588835},{"createUserId":"OMS_OWNER","parameterId":483,"queryKey":"INSERT_POLICE_WARNINGS","parameterCode":"verifiedflag","parameterDescription":"Verified Flag","parameterType":"String","createDatetime":1690186588835,"modifyDatetime":1690186588835},{"createUserId":"OMS_OWNER","parameterId":484,"queryKey":"INSERT_POLICE_WARNINGS","parameterCode":"expirydate","parameterDescription":"Expiry Date","parameterType":"String","createDatetime":1690186588835,"modifyDatetime":1690186588835},{"createUserId":"OMS_OWNER","parameterId":485,"queryKey":"INSERT_POLICE_WARNINGS","parameterCode":"caseloadtype","parameterDescription":"Case Load Type","parameterType":"String","createDatetime":1690186588835,"modifyDatetime":1690186588835},{"createUserId":"OMS_OWNER","parameterId":486,"queryKey":"INSERT_POLICE_WARNINGS","parameterCode":"createuserid","parameterDescription":"Create User Id","parameterType":"String","createDatetime":1690186588835,"modifyDatetime":1690186588835}],"createUserId":"OMS_OWNER","apiId":"INSERT_POLICE_WARNINGS","apiDescription":"Insert Police Warnings","queryKey":"INSERT_POLICE_WARNINGS","url":"Elite2Web/api/cmdaction/executeUpdateQuery","queryId":0,"createDatetime":1690186638000,"modifyDatetime":1690186638000,"category":"CLIENT"}]