[{"processKey":"CMN_ESCAPED_OFFENDERS_GET","processDesc":"CMN_ESCAPED_OFFENDERS_GET","xmlFileName":"CMN_ESCAPED_OFFENDERS_GET.bpmn","commonProcess":"Y","category":"CLIENT"},{"processKey":"CMN_RELEASED_OFFENDERS_GET","processDesc":"CMN_RELEASED_OFFENDERS_GET","xmlFileName":"CMN_RELEASED_OFFENDERS_GET.bpmn","commonProcess":"Y","category":"CLIENT"},{"processKey":"CMN_ACTIVE_OFFENDERS_GET","processDesc":"CMN_ACTIVE_OFFENDERS_GET","xmlFileName":"CMN_ACTIVE_OFFENDERS_GET.bpmn","commonProcess":"Y","category":"CLIENT"}]