[{"quickAction":[{"queryId":241,"queryKey":"GET_COURT_DESCRIPTION","queryText":"select description from agency_locations al where agy_loc_id = :court","queryDesc":"Get Court Description","category":"PRODUCT"}],"actionParams":[{"createUserId":"OMS_OWNER","parameterId":406,"queryKey":"GET_COURT_DESCRIPTION","parameterCode":"court","parameterDescription":"Court","parameterType":"String","createDatetime":1685149375135,"modifyDatetime":1685149375135}],"createUserId":"OMS_OWNER","apiId":"GET_COURT_DESCRIPTION","apiDescription":"Get Court Description","queryKey":"GET_COURT_DESCRIPTION","url":"Elite2Web/api/cmdaction/executeSelectQuery","queryId":0,"createDatetime":1685149437000,"modifyDatetime":1685149437000,"category":"PRODUCT"},{"quickAction":[{"queryId":240,"queryKey":"GET_ORDER_TYPE_DESCRIPTION","queryText":"select description from order_types where order_type = :orderType","queryDesc":"Get Order Type Description","category":"PRODUCT"}],"actionParams":[{"createUserId":"OMS_OWNER","parameterId":405,"queryKey":"GET_ORDER_TYPE_DESCRIPTION","parameterCode":"orderType","parameterDescription":"Order Type","parameterType":"String","createDatetime":1685148943504,"modifyDatetime":1685148943504}],"createUserId":"OMS_OWNER","apiId":"GET_ORDER_TYPE_DESCRIPTION","apiDescription":"Get Order Type Description","queryKey":"GET_ORDER_TYPE_DESCRIPTION","url":"Elite2Web/api/cmdaction/executeSelectQuery","queryId":0,"createDatetime":1685148987000,"modifyDatetime":1685148987000,"category":"PRODUCT"},{"quickAction":[{"queryId":159,"queryKey":"GET_TEAM_MEMBER_DETAILS","queryText":"select distinct*\nfrom\n\tstaff_members sm,\n\tteam_staff_members tm\nwhere\n\ttm.staff_id = sm.staff_id\n    and tm.team_member_id =:teamMemberId and sm.mail_id  is not null","queryDesc":"Get Team member Details","category":"PRODUCT"}],"actionParams":[{"createUserId":"OMS_OWNER","parameterId":216,"queryKey":"GET_TEAM_MEMBER_DETAILS","parameterCode":"teamMemberId","parameterDescription":"teamMemberId","parameterType":"Number","createDatetime":1668767737568,"modifyDatetime":1668767737568}],"createUserId":"OMS_OWNER","apiId":"GET_TEAM_MEMBER_DETAILS","apiDescription":"Get Team member Details","queryKey":"GET_TEAM_MEMBER_DETAILS","url":"Elite2Web/api/cmdaction/executeSelectQuery","queryId":0,"createDatetime":1668781928000,"modifyDatetime":1668781928000,"category":"PRODUCT"},{"quickAction":[{"queryId":156,"queryKey":"GET_STAFF_DATA","queryText":"select distinct* from staff_members where staff_id =(:staffId)::bigint","queryDesc":"Get Staff Data","category":"PRODUCT"}],"actionParams":[{"createUserId":"OMS_OWNER","parameterId":213,"queryKey":"GET_STAFF_DATA","parameterCode":"staffId","parameterDescription":"staffId","parameterType":"Number","createDatetime":1668511904547,"modifyDatetime":1668511904547}],"createUserId":"OMS_OWNER","apiId":"GET_STAFF_DATA","apiDescription":"Get Staff Data","queryKey":"GET_STAFF_DATA","url":"Elite2Web/api/cmdaction/executeSelectQuery","queryId":0,"createDatetime":1668524587000,"modifyDatetime":1668524587000,"category":"PRODUCT"},{"quickAction":[{"queryId":154,"queryKey":"GET_TEAM_CODE","queryText":"select team_code from automation_teams a where team_id =(:teamId)::bigint\n","queryDesc":"Get Team Code","category":"PRODUCT"}],"actionParams":[{"createUserId":"OMS_OWNER","parameterId":211,"queryKey":"GET_TEAM_CODE","parameterCode":"teamId","parameterDescription":"teamId","parameterType":"Number","createDatetime":1668071240176,"modifyDatetime":1668071240176}],"createUserId":"OMS_OWNER","apiId":"GET_TEAM_CODE","apiDescription":"Get Team Code","queryKey":"GET_TEAM_CODE","url":"Elite2Web/api/cmdaction/executeSelectQuery","queryId":0,"createDatetime":1668083861000,"modifyDatetime":1668083861000,"category":"PRODUCT"},{"quickAction":[{"queryId":135,"queryKey":"GET_OFFENDER_BOOKING_DETAILS","queryText":"SELECT \n    ob.booking_no,\n    ob.booking_begin_date,\n    ob.booking_status,\n    CASE\n        WHEN ob.agy_loc_id IS NOT NULL THEN al.description\n        ELSE (SELECT al.description FROM agency_locations al WHERE al.agy_loc_id = ob.intake_agy_loc_id)\n    END AS agy_loc_id,\n    ob.living_unit_id\nFROM \n    offender_bookings ob\nLEFT JOIN\n    agency_locations al ON ob.agy_loc_id = al.agy_loc_id\nWHERE\n    ob.offender_book_id = :offenderBookId","queryDesc":"Get Offender Booking Details","category":"CLIENT"}],"actionParams":[{"createUserId":"OMS_OWNER","parameterId":168,"queryKey":"GET_OFFENDER_BOOKING_DETAILS","parameterCode":"offenderBookId","parameterDescription":"Offender Book Id","parameterType":"Number","createDatetime":1667552675293,"modifyDatetime":1667552675293}],"createUserId":"OMS_OWNER","apiId":"GET_OFFENDER_BOOKING_DETAILS","apiDescription":"Get Offender Booking Details","queryKey":"GET_OFFENDER_BOOKING_DETAILS","url":"Elite2Web/api/cmdaction/executeSelectQuery","queryId":0,"createDatetime":1667552719000,"modifyDatetime":1667552719000,"category":"CLIENT"},{"quickAction":[{"queryId":42,"queryKey":"GET_OFFENDER_DETAILS","queryText":"SELECT \n    vo.offender_book_id,\n    vo.offender_id,\n    vo.offender_id_display,\n    vo.first_name,\n    vo.last_name,\n    vo.middle_name,\n    vo.birth_date,\n    ref_code.description sex_code\nFROM \n    v_offenders vo,\n    reference_codes ref_code\nwhere\n    ref_code.domain = 'SEX' and \n \tref_code.code= vo.sex_code and\n    vo.offender_book_id = :offenderBookId","queryDesc":"Get Offender Details","category":"CLIENT"}],"actionParams":[{"createUserId":"OMS_OWNER","parameterId":46,"queryKey":"GET_OFFENDER_DETAILS","parameterCode":"offenderBookId","parameterDescription":"Offender Book Id","parameterType":"Number","createDatetime":1662705229751,"modifyDatetime":1662705229751}],"createUserId":"OMS_OWNER","apiId":"GET_OFFENDER_DETAILS","apiDescription":"Get Offender Details","queryKey":"GET_OFFENDER_DETAILS","url":"Elite2Web/api/cmdaction/executeSelectQuery","queryId":0,"createDatetime":1662705289000,"modifyDatetime":1662705289000,"category":"CLIENT"}]