[{"quickAction":[{"queryId":42,"queryKey":"GET_OFFENDER_DETAILS","queryText":"select vo.offender_book_id, vo.offender_id, vo.offender_id_display, vo.first_name, vo.last_name, vo.middle_name, vo.birth_date, o.second_middle_name, ref_code.description sex_code, to_char(vo.birth_date, 'DD/MM/YYYY') as dob, vo.agy_loc_id, ( select description from agency_locations al where agy_loc_id = vo.agy_loc_id ) as facility, ( select description from agency_locations al where agy_loc_id = vhb.intake_agy_loc_id ) as comm_facility from v_offenders vo, reference_codes ref_code, v_header_block vhb, offenders o where ref_code.domain = 'SEX' and ref_code.code = vo.sex_code and o.offender_id = vo.offender_id and vhb.offender_book_id = vo.offender_book_id and vo.offender_book_id = :offenderBookId","queryDesc":"Get Offender Details","category":"CLIENT"}],"actionParams":[{"createUserId":"OMS_OWNER","parameterId":715,"queryKey":"GET_OFFENDER_DETAILS","parameterCode":"offenderBookId","parameterDescription":"Offender Book Id","parameterType":"Number","createDatetime":1702379627163,"modifyDatetime":1702379627163}],"createUserId":"OMS_OWNER","apiId":"GET_OFFENDER_DETAILS","apiDescription":"Get Offender Details","queryKey":"GET_OFFENDER_DETAILS","url":"Elite2Web/api/cmdaction/executeSelectQuery","queryId":0,"createDatetime":1662705289000,"modifyDatetime":1702379627000,"modifyUserId":"YOGENDRANATH","category":"CLIENT"},{"quickAction":[{"queryId":347,"queryKey":"GET_OTHER_LOCATION","queryText":"SELECT\n  NULLIF(CONCAT_WS(', ', \n           NULLIF(suite_number, ''),\n           NULLIF(street_information, ''),\n           NULLIF(city_name, ''),\n           NULLIF(prov_state_desc, '')\n         ), '') AS location\nFROM v_address_usages\nWHERE address_id = :addressId\n\tand address_usage = 'TAP'","queryDesc":"Get Other Location","category":"CLIENT"}],"actionParams":[{"createUserId":"OMS_OWNER","parameterId":692,"queryKey":"GET_OTHER_LOCATION","parameterCode":"addressId","parameterDescription":"Address Id","parameterType":"Number","createDatetime":1701751883281,"modifyDatetime":1701751883281}],"createUserId":"OMS_OWNER","apiId":"GET_OTHER_LOCATION","apiDescription":"Get Other Location","queryKey":"GET_OTHER_LOCATION","url":"Elite2Web/api/cmdaction/executeSelectQuery","queryId":0,"createDatetime":1701751971000,"modifyDatetime":1701751971000,"category":"CLIENT"},{"quickAction":[{"queryId":346,"queryKey":"GET_BUSINESS_LOCATION","queryText":"SELECT\n  NULLIF(CONCAT_WS(', ', \n           NULLIF(suite_number, ''),\n           NULLIF(street_information, ''),\n           NULLIF(city_name, ''),\n           NULLIF(prov_state_desc, '')\n         ), '') AS location\nFROM v_corporate_addresses\nWHERE address_id = :addressId","queryDesc":"Get Business Location","category":"CLIENT"}],"actionParams":[{"createUserId":"OMS_OWNER","parameterId":691,"queryKey":"GET_BUSINESS_LOCATION","parameterCode":"addressId","parameterDescription":"Address Id","parameterType":"Number","createDatetime":1701751767768,"modifyDatetime":1701751767768}],"createUserId":"OMS_OWNER","apiId":"GET_BUSINESS_LOCATION","apiDescription":"Get Business Location","queryKey":"GET_BUSINESS_LOCATION","url":"Elite2Web/api/cmdaction/executeSelectQuery","queryId":0,"createDatetime":1701751941000,"modifyDatetime":1701751941000,"category":"CLIENT"},{"quickAction":[{"queryId":345,"queryKey":"GET_AGENCY_LOCATION","queryText":"SELECT\n  NULLIF(CONCAT_WS(', ', \n           NULLIF(suite_number, ''),\n           NULLIF(street_information, ''),\n           NULLIF(city_name, ''),\n           NULLIF(prov_state_desc, '')\n         ), '') AS location\nFROM v_agency_addresses\nWHERE address_id = :addressId","queryDesc":"Get Agency Location","category":"CLIENT"}],"actionParams":[{"createUserId":"OMS_OWNER","parameterId":690,"queryKey":"GET_AGENCY_LOCATION","parameterCode":"addressId","parameterDescription":"Address Id","parameterType":"Number","createDatetime":1701751631638,"modifyDatetime":1701751631638}],"createUserId":"OMS_OWNER","apiId":"GET_AGENCY_LOCATION","apiDescription":"Get Agency Location","queryKey":"GET_AGENCY_LOCATION","url":"Elite2Web/api/cmdaction/executeSelectQuery","queryId":0,"createDatetime":1701751912000,"modifyDatetime":1701751912000,"category":"CLIENT"},{"quickAction":[{"queryId":343,"queryKey":"GET_SCHEDULE_EVENT_DATES_AND_TIME","queryText":"select\n\tTO_CHAR(event_date , 'dd-mm-yyyy') event_date,\n\tto_char(start_time , 'HH24:MI') start_time ,\n\tTO_CHAR(return_date, 'dd-mm-yyyy') return_date,\n\tto_char(return_time, 'HH24:MI') return_time\nfrom\n\toffender_ind_schedules ois\nwhere \n\tevent_id = :eventId","queryDesc":"Get Schedule Event Dates and Time","category":"CLIENT"}],"actionParams":[{"createUserId":"OMS_OWNER","parameterId":687,"queryKey":"GET_SCHEDULE_EVENT_DATES_AND_TIME","parameterCode":"eventId","parameterDescription":"Event Id","parameterType":"Number","createDatetime":1701308648271,"modifyDatetime":1701308648271}],"createUserId":"OMS_OWNER","apiId":"GET_SCHEDULE_EVENT_DATES_AND_TIME","apiDescription":"Get Schedule Event Dates and Time","queryKey":"GET_SCHEDULE_EVENT_DATES_AND_TIME","url":"Elite2Web/api/cmdaction/executeSelectQuery","queryId":0,"createDatetime":1701308800000,"modifyDatetime":1701308800000,"category":"CLIENT"},{"quickAction":[{"queryId":342,"queryKey":"CHECK_FOR_OFFENDER_ALERT","queryText":"select\n\t*\nfrom\n\toffender_alerts\nwhere\n\toffender_book_id = :offenderBookId\n\tand alert_type = :alertType\n\tand alert_code = :alertCode ","queryDesc":"Check for Offender Alert","category":"CLIENT"}],"actionParams":[{"createUserId":"OMS_OWNER","parameterId":684,"queryKey":"CHECK_FOR_OFFENDER_ALERT","parameterCode":"offenderBookId","parameterDescription":"Offender Book Id","parameterType":"Number","createDatetime":1701306226493,"modifyDatetime":1701306226493},{"createUserId":"OMS_OWNER","parameterId":685,"queryKey":"CHECK_FOR_OFFENDER_ALERT","parameterCode":"alertType","parameterDescription":"Alert Type","parameterType":"String","createDatetime":1701306226493,"modifyDatetime":1701306226493},{"createUserId":"OMS_OWNER","parameterId":686,"queryKey":"CHECK_FOR_OFFENDER_ALERT","parameterCode":"alertCode","parameterDescription":"Alert Code","parameterType":"String","createDatetime":1701306226493,"modifyDatetime":1701306226493}],"createUserId":"OMS_OWNER","apiId":"CHECK_FOR_OFFENDER_ALERT","apiDescription":"Check for Offender Alert","queryKey":"CHECK_FOR_OFFENDER_ALERT","url":"Elite2Web/api/cmdaction/executeSelectQuery","queryId":0,"createDatetime":1701306263000,"modifyDatetime":1701306263000,"category":"CLIENT"},{"quickAction":[{"queryId":333,"queryKey":"GET_TEAM_MAIL_ID","queryText":"select\n\tSTRING_AGG(distinct (at1.team_email), ',') as team_email\nfrom\n\tautomation_teams at1,\n\tteam_functions tf\nwhere\n\ttf.function_type = :function\n\tand at1.team_id = tf.team_id\n\tand at1.team_email is not null","queryDesc":"Get Team Mail Id","category":"CLIENT"}],"actionParams":[{"createUserId":"OMS_OWNER","parameterId":666,"queryKey":"GET_TEAM_MAIL_ID","parameterCode":"function","parameterDescription":"Function","parameterType":"String","createDatetime":1700122143567,"modifyDatetime":1700122143567}],"createUserId":"OMS_OWNER","apiId":"GET_TEAM_MAIL_ID","apiDescription":"Get Team Mail Id","queryKey":"GET_TEAM_MAIL_ID","url":"Elite2Web/api/cmdaction/executeSelectQuery","queryId":0,"createDatetime":1699334711000,"modifyDatetime":1700122143000,"modifyUserId":"YOGENDRANATH","category":"CLIENT"}]