[{"quickAction":[{"queryId":239,"queryKey":"GET_PRISONER_PAYTEAM_STAFF_DATA","queryText":"SELECT distinct(SM.mail_id) ,sm.first_name ||' '||sm.last_name as staffName FROM TEAM_STAFF_MEMBERS TM ,staff_members SM  where  TM.staff_id=SM.staff_id \n \t AND TM.TEAM_ID in (SELECT TEAM_ID FROM team_functions where function_type  = 'PRISONER_PAY')","queryDesc":"Get Prisoner Pay Team Staff Data","category":"PRODUCT"}],"actionParams":[],"createUserId":"OMS_OWNER","apiId":"GET_PRISONER_PAYTEAM_STAFF_DATA","apiDescription":"Get Prisoner Pay Team Staff Data","queryKey":"GET_PRISONER_PAYTEAM_STAFF_DATA","url":"Elite2Web/api/cmdaction/executeSelectQuery","queryId":0,"createDatetime":1685181857000,"modifyDatetime":1685181857000,"category":"PRODUCT"}]