[{"quickAction":[{"queryId":580,"queryKey":"GET_DATE_FORMAT_FOR_INTEGRATIONS","queryText":"SELECT TO_CHAR(TO_TIMESTAMP(:date, 'Dy Mon DD HH24:MI:SS \"IST\" YYYY'), 'YYYY-MM-DD\"T\"HH24:MI:SS') as date","queryDesc":"Get Date Format For Integrations","category":"CLIENT"}],"actionParams":[{"createUserId":"OMS_OWNER","parameterId":2122,"queryKey":"GET_DATE_FORMAT_FOR_INTEGRATIONS","parameterCode":"date","parameterDescription":"Date","parameterType":"String","createDatetime":1711425365799}],"createUserId":"OMS_OWNER","apiId":"GET_DATE_FORMAT_FOR_INTEGRATIONS","apiDescription":"Get Date Format For Integrations","queryKey":"GET_DATE_FORMAT_FOR_INTEGRATIONS","url":"Elite2Web/api/cmdaction/executeSelectQuery","queryId":0,"createDatetime":1711425404000,"category":"CLIENT"}]