[{"quickAction":[{"queryId":558,"queryKey":"UPDATE_POLICE_WARNINGS_EXPIRY_DATE","queryText":"update\n\toffender_alerts\nset\n\texpiry_date = TO_TIMESTAMP(:expiryDate, 'YYYY-MM-DD\"T\"HH24:MI:SS'),\n\tmodify_user_id = :userId,\n\tmodify_datetime = current_timestamp \nwhere\n\toffender_book_id = :offenderBookId::bigint\n\tand alert_code = (select code from reference_codes rc where domain = 'ALERT_CODE' and parent_code = 'SAPOL' and description = :alertCode)\n\tand alert_type = :alertType","queryDesc":"Update Police Warnings Expiry Date","category":"CLIENT"}],"actionParams":[{"createUserId":"OMS_OWNER","parameterId":2053,"queryKey":"UPDATE_POLICE_WARNINGS_EXPIRY_DATE","parameterCode":"expiryDate","parameterDescription":"Expiry Date","parameterType":"String","createDatetime":1707194673011},{"createUserId":"OMS_OWNER","parameterId":2054,"queryKey":"UPDATE_POLICE_WARNINGS_EXPIRY_DATE","parameterCode":"userId","parameterDescription":"User Id","parameterType":"String","createDatetime":1707194673011},{"createUserId":"OMS_OWNER","parameterId":2055,"queryKey":"UPDATE_POLICE_WARNINGS_EXPIRY_DATE","parameterCode":"offenderBookId","parameterDescription":"Offender Book Id","parameterType":"Number","createDatetime":1707194673011},{"createUserId":"OMS_OWNER","parameterId":2056,"queryKey":"UPDATE_POLICE_WARNINGS_EXPIRY_DATE","parameterCode":"alertCode","parameterDescription":"Alert Code","parameterType":"String","createDatetime":1707194673011},{"createUserId":"OMS_OWNER","parameterId":2057,"queryKey":"UPDATE_POLICE_WARNINGS_EXPIRY_DATE","parameterCode":"alertType","parameterDescription":"Alert Type","parameterType":"String","createDatetime":1707194673011}],"createUserId":"OMS_OWNER","apiId":"UPDATE_POLICE_WARNINGS_EXPIRY_DATE","apiDescription":"Update Police Warnings Expiry Date","queryKey":"UPDATE_POLICE_WARNINGS_EXPIRY_DATE","url":"Elite2Web/api/cmdaction/executeUpdateQuery","queryId":0,"createDatetime":1707194673000,"category":"CLIENT"},{"quickAction":[{"queryId":534,"queryKey":"GET_POLICE_WARNINGS_DETAILS","queryText":"select offender_book_id, alert_type, alert_code, alert_seq, root_offender_id, alert_date, alert_status, expiry_date, caseload_type from offender_alerts oa where offender_book_id = :offenderBookId and alert_type = :alertType and alert_code = (select code from reference_codes rc where domain = 'ALERT_CODE' and parent_code = 'SAPOL' and description = :alertCode)","queryDesc":"Get Police Warnings Details","category":"CLIENT"}],"actionParams":[{"createUserId":"OMS_OWNER","parameterId":2037,"queryKey":"GET_POLICE_WARNINGS_DETAILS","parameterCode":"alertCode","parameterDescription":"Alert Code","parameterType":"String","createDatetime":1707194673011},{"createUserId":"OMS_OWNER","parameterId":2038,"queryKey":"GET_POLICE_WARNINGS_DETAILS","parameterCode":"alertType","parameterDescription":"Alert Type","parameterType":"String","createDatetime":1707194673011},{"createUserId":"OMS_OWNER","parameterId":2039,"queryKey":"GET_POLICE_WARNINGS_DETAILS","parameterCode":"offenderBookId","parameterDescription":"Offender Book Id","parameterType":"Number","createDatetime":1707194673011}],"createUserId":"OMS_OWNER","apiId":"GET_POLICE_WARNINGS_DETAILS","apiDescription":"Get Police Warnings Details","queryKey":"GET_POLICE_WARNINGS_DETAILS","url":"Elite2Web/api/cmdaction/executeSelectQuery","queryId":0,"createDatetime":1705541888000,"modifyDatetime":1707194673000,"modifyUserId":"OMS_OWNER","category":"CLIENT"},{"quickAction":[{"queryId":535,"queryKey":"INSERT_POLICE_WARNINGS","queryText":"insert\n\tinto\n\toffender_alerts(alert_date,\n\toffender_book_id,\n\troot_offender_id,\n\talert_seq,\n\talert_type,\n\talert_code,\n        comment_text,\n\tcreate_date,\n\talert_status,\n\tverified_flag,\n\texpiry_date,\n\tmodify_datetime,\n\tcaseload_type,\n\tcreate_datetime,\n\tcreate_user_id)\nvalues( case when :alertDate = '' then current_timestamp else TO_TIMESTAMP(:alertDate, 'YYYY-MM-DD\"T\"HH24:MI:SS') end,\n:offenderBookId::bigint,\n(select root_offender_id  from offender_bookings where offender_book_id = :offenderBookId::bigint),\n(select coalesce(max(alert_seq),0) + 1  from   offender_alerts  where  offender_book_id = :offenderBookId::bigint),\n:alertType,\n(select code from reference_codes rc where domain = 'ALERT_CODE' and parent_code = 'SAPOL' and description = :alertCode),\n:commentText,\ncurrent_timestamp,\n:alertStatus,\n:verifiedFlag,\ncase when :expiryDate = '' then null else TO_TIMESTAMP(:expiryDate, 'YYYY-MM-DD\"T\"HH24:MI:SS') end,\ncurrent_timestamp,\ncase when :caseLoadType = '' then null else :caseLoadType end,\ncurrent_timestamp,\n:createUserId)","queryDesc":"Insert Police Warnings","category":"CLIENT"}],"actionParams":[{"createUserId":"OMS_OWNER","parameterId":2047,"queryKey":"INSERT_POLICE_WARNINGS","parameterCode":"commentText","parameterDescription":"Comment","parameterType":"String","createDatetime":1707194673011},{"createUserId":"OMS_OWNER","parameterId":2041,"queryKey":"INSERT_POLICE_WARNINGS","parameterCode":"offenderBookId","parameterDescription":"Offender Book Id","parameterType":"Number","createDatetime":1707194673011,"modifyDatetime":1709600325550,"modifyUserId":"OMS_OWNER"},{"createUserId":"OMS_OWNER","parameterId":2042,"queryKey":"INSERT_POLICE_WARNINGS","parameterCode":"alertCode","parameterDescription":"Alert Code","parameterType":"String","createDatetime":1707194673011,"modifyDatetime":1709600325550,"modifyUserId":"OMS_OWNER"},{"createUserId":"OMS_OWNER","parameterId":2040,"queryKey":"INSERT_POLICE_WARNINGS","parameterCode":"expiryDate","parameterDescription":"Expiry Date","parameterType":"String","createDatetime":1707194673011,"modifyDatetime":1709600325550,"modifyUserId":"OMS_OWNER"},{"createUserId":"OMS_OWNER","parameterId":2043,"queryKey":"INSERT_POLICE_WARNINGS","parameterCode":"alertDate","parameterDescription":"Alert Date","parameterType":"String","createDatetime":1707194673011,"modifyDatetime":1709600325550,"modifyUserId":"OMS_OWNER"},{"createUserId":"OMS_OWNER","parameterId":2044,"queryKey":"INSERT_POLICE_WARNINGS","parameterCode":"alertStatus","parameterDescription":"Alert Status","parameterType":"String","createDatetime":1707194673011,"modifyDatetime":1709600325550,"modifyUserId":"OMS_OWNER"},{"createUserId":"OMS_OWNER","parameterId":2045,"queryKey":"INSERT_POLICE_WARNINGS","parameterCode":"alertType","parameterDescription":"Alert Type","parameterType":"String","createDatetime":1707194673011,"modifyDatetime":1709600325550,"modifyUserId":"OMS_OWNER"},{"createUserId":"OMS_OWNER","parameterId":2046,"queryKey":"INSERT_POLICE_WARNINGS","parameterCode":"caseLoadType","parameterDescription":"Case Load Type","parameterType":"String","createDatetime":1707194673011,"modifyDatetime":1709600325550,"modifyUserId":"OMS_OWNER"},{"createUserId":"OMS_OWNER","parameterId":2048,"queryKey":"INSERT_POLICE_WARNINGS","parameterCode":"createUserId","parameterDescription":"Create User Id","parameterType":"String","createDatetime":1707194673011,"modifyDatetime":1709600325550,"modifyUserId":"OMS_OWNER"},{"createUserId":"OMS_OWNER","parameterId":2049,"queryKey":"INSERT_POLICE_WARNINGS","parameterCode":"verifiedFlag","parameterDescription":"Verified Flag","parameterType":"String","createDatetime":1707194673011,"modifyDatetime":1709600325550,"modifyUserId":"OMS_OWNER"}],"createUserId":"OMS_OWNER","apiId":"INSERT_POLICE_WARNINGS","apiDescription":"Insert Police Warnings","queryKey":"INSERT_POLICE_WARNINGS","url":"Elite2Web/api/cmdaction/executeUpdateQuery","queryId":0,"createDatetime":1705541888000,"modifyDatetime":1707194673000,"modifyUserId":"OMS_OWNER","category":"CLIENT"}]