[{"quickAction":[{"queryId":507,"queryKey":"GET_OFFENDER_BOOK_ID_FOR_PIN","queryText":"select a.offender_book_id  from\n(select\n\tmax(ob.offender_book_id) as offender_book_id\nfrom\n\toffender_bookings ob, \n\toffender_identifiers oi\nwhere \n\tob.root_offender_id  = oi.root_offender_id \n\tand oi.offender_id_seq = (select max(offender_id_seq) from offender_identifiers where identifier = :identifier and identifier_type = 'PIN')\n\tand oi.identifier = :identifier\n\tand oi.identifier_type = 'PIN') a where a.offender_book_id is not null","queryDesc":"Get Offender Book Id for Pin","category":"CLIENT"}],"actionParams":[{"createUserId":"OMS_OWNER","parameterId":2078,"queryKey":"GET_OFFENDER_BOOK_ID_FOR_PIN","parameterCode":"identifier","parameterDescription":"Identifier","parameterType":"String","createDatetime":1708494471037}],"createUserId":"OMS_OWNER","apiId":"GET_OFFENDER_BOOK_ID_FOR_PIN","apiDescription":"Get offender Book Id for Pin","queryKey":"GET_OFFENDER_BOOK_ID_FOR_PIN","url":"Elite2Web/api/cmdaction/executeSelectQuery","queryId":0,"createDatetime":1701836862000,"modifyDatetime":1708494471000,"modifyUserId":"OMS_OWNER","category":"CLIENT"}]