[{"quickAction":[{"queryId":40,"queryKey":"GET_OFFICER_MAILID_FOR_HEARING","queryText":"select\n\tVOI.INCIDENT_TYPE_DESC,\n\tVOI.OIC_INCIDENT_ID,\n\tVOI.agency_incident_id, \n\tvo.OFFENDER_BOOK_ID,\n\tvoi.incident_date,\n\tvo.last_name,\n\tvo.first_name,\n\tvo.offender_id_display,\n\tsm.mail_id\nfrom\n\tV_OIC_INCIDENTS VOI,\n\tV_OFFenders VO,\n\tcase_plans cp,\n\tstaff_members sm\nwhere\n\tVOI.OFFENDER_BOOK_ID = VO.OFFENDER_BOOK_ID\n\tand vo.offender_book_id = cp.offender_book_id\n\tand cp.inst_sac_staff_id = sm.staff_id\n\tand vo.active_flag = 'Y'\n\tand (sysdate()::date - INCIDENT_DATE::date)>14\n\tand not exists (\n\tselect\n\t\toic_incident_id\n\tfrom\n\t\tOIC_HEARINGS OH\n\twhere\n\t\tOH.oic_incident_id = VOI.oic_incident_id)","queryDesc":"Get Officer MailId for Hearing","category":"PRODUCT"}],"actionParams":[],"createUserId":"OMS_OWNER","apiId":"GET_OFFICER_MAILID_FOR_HEARING","apiDescription":"Get Officer MailId for Hearing","queryKey":"GET_OFFICER_MAILID_FOR_HEARING","url":"Elite2Web/api/cmdaction/executeSelectQuery","queryId":0,"createDatetime":1662610357000,"modifyDatetime":1662610357000,"category":"PRODUCT"}]