[{"quickAction":[{"queryId":143,"queryKey":"NOTIFY_SERVICE_BUS","queryText":"select 1 from dual","queryDesc":"Notify Service Bus","category":"CLIENT"}],"actionParams":[{"createUserId":"OMS_OWNER","parameterId":190,"queryKey":"NOTIFY_SERVICE_BUS","parameterCode":"OffenderDetails","parameterDescription":"Offender Details","parameterType":"String","createDatetime":1667777004424,"modifyDatetime":1667777004424}],"createUserId":"OMS_OWNER","apiId":"NOTIFY_SERVICE_BUS","apiDescription":"Notify Service Bus","queryKey":"NOTIFY_SERVICE_BUS","url":"Elite2Web/api/externalsystem/connectExternalSystem","queryId":0,"createDatetime":1667777004000,"modifyDatetime":1667777004000},{"quickAction":[{"queryId":136,"queryKey":"FORMAT_OFFENDER_MOVEMENTS_ACTION_RESPONSE","queryText":"Select 1 from dual","queryDesc":"Format Offender Movements Action Response","category":"CLIENT"}],"actionParams":[{"createUserId":"OMS_OWNER","parameterId":170,"queryKey":"FORMAT_OFFENDER_MOVEMENTS_ACTION_RESPONSE","parameterCode":"offenderHousingDetails","parameterDescription":"Offender Housing Details","parameterType":"String","createDatetime":1667553324785,"modifyDatetime":1667553324785},{"createUserId":"OMS_OWNER","parameterId":169,"queryKey":"FORMAT_OFFENDER_MOVEMENTS_ACTION_RESPONSE","parameterCode":"specificationKey","parameterDescription":"Specification Key","parameterType":"String","createDatetime":1667553196326,"modifyDatetime":1667553324785,"modifyUserId":"OMS_OWNER"},{"createUserId":"OMS_OWNER","parameterId":171,"queryKey":"FORMAT_OFFENDER_MOVEMENTS_ACTION_RESPONSE","parameterCode":"offenderBookingDetails","parameterDescription":"Offender Booking Details","parameterType":"String","createDatetime":1667553366397,"modifyDatetime":1667553366397},{"createUserId":"OMS_OWNER","parameterId":172,"queryKey":"FORMAT_OFFENDER_MOVEMENTS_ACTION_RESPONSE","parameterCode":"offenderDetails","parameterDescription":"Offender Details","parameterType":"String","createDatetime":1667553393374,"modifyDatetime":1667553393374},{"createUserId":"OMS_OWNER","parameterId":173,"queryKey":"FORMAT_OFFENDER_MOVEMENTS_ACTION_RESPONSE","parameterCode":"staffDetails","parameterDescription":"Staff Details","parameterType":"String","createDatetime":1667553421274,"modifyDatetime":1667553421274}],"createUserId":"OMS_OWNER","apiId":"FORMAT_OFFENDER_MOVEMENTS_ACTION_RESPONSE","apiDescription":"Format Offender Movements Action Response","queryKey":"FORMAT_OFFENDER_MOVEMENTS_ACTION_RESPONSE","url":"Elite2Web/api/serviceBusController/convertJson","queryId":0,"createDatetime":1667553498000,"modifyDatetime":1667553498000},{"quickAction":[{"queryId":135,"queryKey":"GET_OFFENDER_BOOKING_DETAILS","queryText":"SELECT \n    ob.booking_no,\n    ob.booking_begin_date,\n    ob.booking_status,\n    ob.agy_loc_id,\n    ob.living_unit_id\nFROM \n    offender_bookings ob\nwhere\n    ob.offender_book_id = :offenderBookId","queryDesc":"Get Offender Booking Details","category":"CLIENT"}],"actionParams":[{"createUserId":"OMS_OWNER","parameterId":168,"queryKey":"GET_OFFENDER_BOOKING_DETAILS","parameterCode":"offenderBookId","parameterDescription":"Offender Book Id","parameterType":"Number","createDatetime":1667552675293,"modifyDatetime":1667552675293}],"createUserId":"OMS_OWNER","apiId":"GET_OFFENDER_BOOKING_DETAILS","apiDescription":"Get Offender Booking Details","queryKey":"GET_OFFENDER_BOOKING_DETAILS","url":"Elite2Web/api/cmdaction/executeSelectQuery","queryId":0,"createDatetime":1667552719000,"modifyDatetime":1667552719000},{"quickAction":[{"queryId":134,"queryKey":"GET_OFFENDER_HOUSING_DETAILS","queryText":"SELECT \n    al.housing_lev_1_code,\n    al.housing_lev_2_code,\n    al.housing_lev_3_code\nFROM v_offenders vo,\n    agency_locations al\nwhere\n    al.agy_loc_id = vo.agy_loc_id and\n    vo.offender_book_id = :offenderBookId","queryDesc":"Get Offender Housing Details","category":"CLIENT"}],"actionParams":[{"createUserId":"OMS_OWNER","parameterId":167,"queryKey":"GET_OFFENDER_HOUSING_DETAILS","parameterCode":"offenderBookId","parameterDescription":"Offender Book Id","parameterType":"Number","createDatetime":1667552242191,"modifyDatetime":1667552242191}],"createUserId":"OMS_OWNER","apiId":"GET_OFFENDER_HOUSING_DETAILS","apiDescription":"Get Offender Housing Details","queryKey":"GET_OFFENDER_HOUSING_DETAILS","url":"Elite2Web/api/cmdaction/executeSelectQuery","queryId":0,"createDatetime":1667552275000,"modifyDatetime":1667552275000},{"quickAction":[{"queryId":42,"queryKey":"GET_OFFENDER_DETAILS","queryText":"SELECT \n    vo.offender_book_id,\n    vo.offender_id,\n    vo.offender_id_display,\n    vo.first_name,\n    vo.last_name,\n    vo.middle_name,\n    vo.birth_date,\n    vo.sex_code\nFROM \n    v_offenders vo\nwhere\n    vo.offender_book_id = :offenderBookId","queryDesc":"Get Offender Details","category":"CLIENT"}],"actionParams":[{"createUserId":"OMS_OWNER","parameterId":46,"queryKey":"GET_OFFENDER_DETAILS","parameterCode":"offenderBookId","parameterDescription":"Offender Book Id","parameterType":"Number","createDatetime":1662705229751,"modifyDatetime":1662705229751}],"createUserId":"OMS_OWNER","apiId":"GET_OFFENDER_DETAILS","apiDescription":"Get Offender Details","queryKey":"GET_OFFENDER_DETAILS","url":"Elite2Web/api/cmdaction/executeSelectQuery","queryId":0,"createDatetime":1662705289000,"modifyDatetime":1662705289000},{"quickAction":[{"queryId":21,"queryKey":"GET_STAFF_DETAILS","queryText":"select user_id, last_name, first_name, current_timestamp date_time from staff_members where user_id = :userId","queryDesc":"Get Staff Details","category":"CLIENT"}],"actionParams":[{"createUserId":"OMS_OWNER","parameterId":28,"queryKey":"GET_STAFF_DETAILS","parameterCode":"userId","parameterDescription":"User Id","parameterType":"String","createDatetime":1661267533000,"modifyDatetime":1667552073806,"modifyUserId":"OMS_OWNER"}],"createUserId":"OMS_OWNER","apiId":"GET_STAFF_DETAILS","apiDescription":"Get Staff Details","queryKey":"GET_STAFF_DETAILS","url":"Elite2Web/api/cmdaction/executeSelectQuery","queryId":0,"createDatetime":1661268205000,"modifyDatetime":1661268205000}]