[{"quickAction":[{"queryId":211,"queryKey":"GET_COURT_REPORT_PREPARATION_TEAM","queryText":"select\n\tat2.team_code  \nfrom\n\tv_header_block vhb,\n\tteam_agency_loc tal,\n\tautomation_teams at2,\n\tteam_functions tf \nwhere \n\tvhb.offender_book_id = :offenderBookId\n\tand vhb.intake_agy_loc_id  = tal.agy_loc_id\n\tand at2.team_id = tal.team_id\n\tand at2.team_id = tf.team_id \n\tand tf.function_type = 'CRTR'","queryDesc":"Get Court Report Preparation Team","category":"PRODUCT"}],"actionParams":[{"createUserId":"OMS_OWNER","parameterId":358,"queryKey":"GET_COURT_REPORT_PREPARATION_TEAM","parameterCode":"offenderBookId","parameterDescription":"Offender Book Id","parameterType":"Number","createDatetime":1683087468641,"modifyDatetime":1683087468641}],"createUserId":"OMS_OWNER","apiId":"GET_COURT_REPORT_PREPARATION_TEAM","apiDescription":"Get Court Report Preparation Team","queryKey":"GET_COURT_REPORT_PREPARATION_TEAM","url":"Elite2Web/api/cmdaction/executeSelectQuery","queryId":0,"createDatetime":1683087930000,"modifyDatetime":1683087930000,"category":"PRODUCT"},{"quickAction":[{"queryId":210,"queryKey":"GET_COURT_REPORT_ORDERS","queryText":"select\n\tvo.offender_book_id,\n\tvo.offender_id,\n\tvo.offender_id_display,\n\tvo.first_name,\n\tvo.last_name, \n\tot.description order_type,\n\to.due_date\t \nfrom \n\torders o,\n\tv_offenders vo,\n\torder_types ot\nwhere \n\tvo.offender_book_id = o.offender_book_id\n\tand ot.order_type = o.order_type \n\tand o.due_date = sysdate()::date + :dueIn::integer\n\tand( (select parent_code from reference_codes rc2 where domain = 'REP_REQ_STS' and code = o.order_status) = 'ACTIVE')","queryDesc":"Get Court Report Orders","category":"PRODUCT"}],"actionParams":[{"createUserId":"OMS_OWNER","parameterId":372,"queryKey":"GET_COURT_REPORT_ORDERS","parameterCode":"dueIn","parameterDescription":"Due In","parameterType":"Number","createDatetime":1684381743557,"modifyDatetime":1684381743557}],"createUserId":"OMS_OWNER","apiId":"GET_COURT_REPORT_ORDERS","apiDescription":"Get Court Report Orders","queryKey":"GET_COURT_REPORT_ORDERS","url":"Elite2Web/api/cmdaction/executeSelectQuery","queryId":0,"createDatetime":1683083495000,"modifyDatetime":1683083495000,"category":"PRODUCT"}]