[{"quickAction":[{"queryId":282,"queryKey":"GET_ASSESSMENT_OFFENDER_DETAILS","queryText":"SELECT vo.offender_book_id, vo.offender_id, vo.offender_id_display, vo.first_name, vo.last_name, vo.middle_name, vo.birth_date, ref_code.description sex_code, vo.living_unit_id, vhb.agy_loc_id , vhb.intake_agy_loc_id FROM v_offenders vo, reference_codes ref_code, v_header_block vhb where ref_code.domain = 'SEX' and ref_code.code= vo.sex_code and vhb.offender_book_id = vo.offender_book_id and vo.offender_book_id = :offenderBookId","queryDesc":"Get Assessment Offender Details","category":"CLIENT"}],"actionParams":[{"createUserId":"YOGENDRANATH","parameterId":497,"queryKey":"GET_ASSESSMENT_OFFENDER_DETAILS","parameterCode":"offenderBookId","parameterDescription":"Offender Book ID","parameterType":"Number","createDatetime":1690962716624,"modifyDatetime":1690962716624}],"createUserId":"YOGENDRANATH","apiId":"GET_ASSESSMENT_OFFENDER_DETAILS","apiDescription":"Get Assessment Offender Details","queryKey":"GET_ASSESSMENT_OFFENDER_DETAILS","url":"Elite2Web/api/cmdaction/executeSelectQuery","queryId":0,"createDatetime":1690962801000,"modifyDatetime":1690962801000,"category":"CLIENT"},{"quickAction":[{"queryId":280,"queryKey":"GET_TEAM_CODE_BY_FUNCTIONTYPE_AGYLOC","queryText":"select (STRING_AGG(distinct(ATM.team_code), ',')) team_code  FROM team_staff_members TM , automation_teams ATM  where ATM.team_id = TM.team_id and TM.team_id in (SELECT team_id FROM team_functions where function_type  = :functionType )  \nand TM.team_id in (SELECT team_id FROM team_agency_loc where agy_loc_id  = :agyLoc)","queryDesc":"Get Team Code By Functiont Type Agency location","category":"PRODUCT"}],"actionParams":[{"createUserId":"OMS_OWNER","parameterId":494,"queryKey":"GET_TEAM_CODE_BY_FUNCTIONTYPE_AGYLOC","parameterCode":"agyLoc","parameterDescription":"Agency location","parameterType":"String","createDatetime":1690893841386,"modifyDatetime":1690893841386},{"createUserId":"OMS_OWNER","parameterId":495,"queryKey":"GET_TEAM_CODE_BY_FUNCTIONTYPE_AGYLOC","parameterCode":"functionType","parameterDescription":"Function Type","parameterType":"String","createDatetime":1690893841386,"modifyDatetime":1690893841386}],"createUserId":"YOGENDRANATH","apiId":"GET_TEAM_CODE_BY_FUNCTIONTYPE_AGYLOC","apiDescription":"Get Team Code By Functiont Type Agency location","queryKey":"GET_TEAM_CODE_BY_FUNCTIONTYPE_AGYLOC","url":"Elite2Web/api/cmdaction/executeSelectQuery","queryId":0,"createDatetime":1690893841000,"modifyDatetime":1690893841000,"modifyUserId":"YOGENDRANATH","category":"PRODUCT"}]