[{"quickAction":[{"queryId":18,"queryKey":"GET_OFFENDER_PHONE_NUM","queryText":"select\n\tSTRING_AGG(TO_CHAR(phone_no), ',' order by phone_id) as phone_no\nfrom\n\tPHONES\nwhere\n\towner_id = (\n\tselect\n\t\tROOT_OFFENDER_ID\n\tfrom\n\t\tv_header_block\n\twhere\n\t\toffender_book_id = :offenderBookId)\n\t\tand phone_type = 'MOB'","queryDesc":"Get Offender Phone NUmbers","category":"PRODUCT"}],"actionParams":[{"createUserId":"OMS_OWNER","parameterId":26,"queryKey":"GET_OFFENDER_PHONE_NUM","parameterCode":"offenderBookId","parameterDescription":"Offender Book Id","parameterType":"Number","createDatetime":1658421921000}],"createUserId":"OMS_OWNER","apiId":"GET_OFFENDER_PHONE_NUM","apiDescription":"Offender Phone Numbers","queryKey":"GET_OFFENDER_PHONE_NUM","url":"Elite2Web/api/cmdaction/executeSelectQuery","queryId":0,"createDatetime":1658494546000,"modifyDatetime":1658494546000,"category":"PRODUCT"}]