[{"quickAction":[{"queryId":269,"queryKey":"GET_OFFENDER_COURT_EVENTS","queryText":"select\n\tevent_id,\n\toffender_book_id,\n\tevent_date,\n\tstart_time,\n\tdescription,\n\temail_sch_enable,\n\tsms_sch_enable,\n\tbooking_no,\n\tfirst_name as offender_first_name,\n\toffender_id_display,\n\tto_char(event_date, 'DD-MM-YYYY') as SCH_EVENT_DATE,\n\tto_char(START_TIME, ' HH12:MI AM') as EVENT_START_TIME \nfrom\n\t(\n\tselect\n\t\tA.EVENT_ID,\n\t\tA.OFFENDER_BOOK_ID,\n\t\tA.EVENT_DATE,\n\t\tA.START_TIME,\n\t\tA.booking_no,\n\t\tA.first_name,\n\t\tA.offender_id_display,\n\t\t(\n\t\tselect\n\t\t\tal.description\n\t\tfrom\n\t\t\tagency_locations al\n\t\twhere\n\t\t\tagency_location_type = 'CRT'\n\t\t\tand al.agy_loc_id not in ('TRN', 'OUT')\n\t\t\tand al.agy_loc_id = A.agy_loc_id ) as DESCRIPTION,\n\t\t(\n\t\tcase\n\t\t\twhen (\n\t\t\tselect\n\t\t\t\tcount(*)\n\t\t\tfrom\n\t\t\t\tsms_email_sent_notifications\n\t\t\twhere\n\t\t\t\tevent_id = A.event_id)= 2 then 'N'\n\t\t\twhen A.SCHEDULED_EMAIL_HOUR is null then 'N'\n\t\t\twhen A.SCHEDULED_EMAIL_HOUR <= SYSDATE()\n\t\t\tand sesn.notification_type = 'MAIL' then 'N'\n\t\t\twhen A.SCHEDULED_EMAIL_HOUR <= SYSDATE() then 'Y'\n\t\t\telse 'N'\n\t\tend ) as EMAIL_SCH_ENABLE,\n\t\t(\n\t\tcase\n\t\t\twhen (\n\t\t\tselect\n\t\t\t\tcount(*)\n\t\t\tfrom\n\t\t\t\tsms_email_sent_notifications\n\t\t\twhere\n\t\t\t\tevent_id = A.event_id)= 2 then 'N'\n\t\t\twhen A.SCHEDULED_SMS_HOUR is null then 'N'\n\t\t\twhen A.SCHEDULED_SMS_HOUR <= SYSDATE()\n\t\t\tand sesn.notification_type = 'SMS' then 'N'\n\t\t\twhen A.SCHEDULED_SMS_HOUR <= SYSDATE() then 'Y'\n\t\t\telse 'N'\n\t\tend ) as SMS_SCH_ENABLE\n\tfrom\n\t\t(\n\t\tselect\n\t\t\t(\n\t\t\tcase\n\t\t\t\twhen ce.EMAIL_FLAG = 'Y' then (\n\t\t\t\tselect\n\t\t\t\t\t( ce.START_TIME - (ce.EMAIL_SCHEDULE_HOURS_BEFORE || ' HOURS')::interval )\n\t\t\t\tfrom\n\t\t\t\t\tDUAL )\n\t\t\t\telse null\n\t\t\tend ) as SCHEDULED_EMAIL_HOUR,\n\t\t\t(\n\t\t\tcase\n\t\t\t\twhen ce.SMS_FLAG = 'Y' then (\n\t\t\t\tselect\n\t\t\t\t\t( ce.START_TIME - (ce.SMS_SCHEDULE_HOURS_BEFORE || ' HOURS')::interval )\n\t\t\t\tfrom\n\t\t\t\t\tDUAL )\n\t\t\t\telse null\n\t\t\tend ) as SCHEDULED_SMS_HOUR,\n\t\t\tce.*,\n\t\t\tob.booking_no ,\n\t\t\to.first_name,\n\t\t\to.offender_id_display\n\t\tfrom\n\t\t\tCOURT_EVENTS ce\n\t\tinner join offender_bookings ob on\n\t\t\t(ce.offender_book_id = ob.offender_book_id )\n\t\tinner join offenders o on\n\t\t\t(ob.offender_id = o.offender_id)\n\t\twhere\n\t\t\tEVENT_STATUS = 'SCH'\n\t\t\tand (ce.EMAIL_FLAG is not null\n\t\t\t\tor ce.SMS_FLAG is not null)\n\t\t\tand TO_CHAR(ce.EVENT_DATE, 'YYYY-MM-DD 00:00:00.000')::DATE >= TO_CHAR(SYSDATE(), 'YYYY-MM-DD 00:00:00.000')::DATE\n\t\t\t\tand TO_CHAR(ce.START_TIME, 'HH24:MI:SS') > TO_CHAR(SYSDATE(), 'HH24:MI:SS')\n\t\t\torder by\n\t\t\t\t\t\tEVENT_DATE asc \n\t\t) A\n\tleft join sms_email_sent_notifications sesn on\n\t\t(A.event_id = sesn.event_id)\n\twhere\n\t\t( A.SCHEDULED_EMAIL_HOUR is not null\n\t\t\tand A.SCHEDULED_EMAIL_HOUR <= SYSDATE()\n\t\t\t)\n\t\tor (A.SCHEDULED_SMS_HOUR is not null\n\t\t\tand A.SCHEDULED_SMS_HOUR <= SYSDATE()\n\t\t\t) ) as H\nwhere\n\t(email_sch_enable = 'Y'\n\t\tor sms_sch_enable = 'Y');","queryDesc":"Get offender court_events ","category":"PRODUCT"}],"actionParams":[],"createUserId":"TARAK","apiId":"GET_OFFENDER_COURT_EVENTS","apiDescription":"Get offender court_events for Email and Sms ","queryKey":"GET_OFFENDER_COURT_EVENTS","url":"Elite2Web/api/cmdaction/executeSelectQuery","queryId":0,"createDatetime":1690816655000,"category":"PRODUCT"},{"quickAction":[{"queryId":275,"queryKey":"INSERT_INTO__SMS_EMAIL_SENT_NOTIFICATIONS","queryText":"insert into sms_email_sent_notifications \n(\noffender_book_id,notification_sent_datetime,case_note_id,\nnotification_type,event_sch_type,event_id,\nevent_date,event_start_time,create_datetime,create_user_id\n) values (\n:offenderBookId::bigInt,current_timeStamp,:caseNoteId::bigInt,\n:notificationType,:eventSchType,:eventId::bigInt,\n:eventDate::timestamp(6),:eventStartTime::timestamp(6),\ncurrent_timeStamp,:createUserId\n);\n","queryDesc":"insert into INSERT_INTO__SMS_EMAIL_SENT_NOTIFICATIONS","category":"PRODUCT"}],"actionParams":[{"createUserId":"TARAK","parameterId":496,"queryKey":"INSERT_INTO__SMS_EMAIL_SENT_NOTIFICATIONS","parameterCode":"offenderBookId","parameterDescription":"offenderBookId","parameterType":"Number","createDatetime":1691412569575},{"createUserId":"TARAK","parameterId":497,"queryKey":"INSERT_INTO__SMS_EMAIL_SENT_NOTIFICATIONS","parameterCode":"caseNoteId","parameterDescription":"caseNoteId","parameterType":"Number","createDatetime":1691412569575},{"createUserId":"TARAK","parameterId":498,"queryKey":"INSERT_INTO__SMS_EMAIL_SENT_NOTIFICATIONS","parameterCode":"notificationType","parameterDescription":"notificationType","parameterType":"String","createDatetime":1691412569575},{"createUserId":"TARAK","parameterId":499,"queryKey":"INSERT_INTO__SMS_EMAIL_SENT_NOTIFICATIONS","parameterCode":"eventSchType","parameterDescription":"eventSchType","parameterType":"String","createDatetime":1691412569575},{"createUserId":"TARAK","parameterId":500,"queryKey":"INSERT_INTO__SMS_EMAIL_SENT_NOTIFICATIONS","parameterCode":"eventId","parameterDescription":"eventId","parameterType":"Number","createDatetime":1691412569575},{"createUserId":"TARAK","parameterId":505,"queryKey":"INSERT_INTO__SMS_EMAIL_SENT_NOTIFICATIONS","parameterCode":"eventDate","parameterDescription":"eventDate","parameterType":"Date","createDatetime":1691412569575},{"createUserId":"TARAK","parameterId":506,"queryKey":"INSERT_INTO__SMS_EMAIL_SENT_NOTIFICATIONS","parameterCode":"eventStartTime","parameterDescription":"eventStartTime","parameterType":"Date","createDatetime":1691412569575},{"createUserId":"TARAK","parameterId":508,"queryKey":"INSERT_INTO__SMS_EMAIL_SENT_NOTIFICATIONS","parameterCode":"createUserId","parameterDescription":"createUserId","parameterType":"String","createDatetime":1691412569575}],"createUserId":"TARAK","apiId":"INSERT_INTO__SMS_EMAIL_SENT_NOTIFICATIONS","apiDescription":"Insert sms_email_sent_notifications","queryKey":"INSERT_INTO__SMS_EMAIL_SENT_NOTIFICATIONS","url":"Elite2Web/api/cmdaction/executeUpdateQuery","queryId":0,"createDatetime":1691411163000,"category":"PRODUCT"},{"quickAction":[{"queryId":274,"queryKey":"INSERT_CASE_NOTE","queryText":"insert into OFFENDER_CASE_NOTES(OFFENDER_BOOK_ID , CONTACT_DATE , CONTACT_TIME , CASE_NOTE_TYPE , CASE_NOTE_SUB_TYPE , STAFF_ID , CASE_NOTE_TEXT , EVENT_ID , CASE_NOTE_ID ,CREATE_DATETIME,note_source_code ) \nvalues(:offenderBookId::bigInt , current_timestamp , current_timestamp , :caseNoteType , :caseNoteSubType , tag_utils_get_staff_id(:createUserId) , :caseNoteText , :eventId::bigInt , :caseNoteId ::bigInt,CURRENT_TIMESTAMP,'AUTO');","queryDesc":"Insert Case Note","category":"PRODUCT"}],"actionParams":[{"createUserId":"TARAK","parameterId":487,"queryKey":"INSERT_CASE_NOTE","parameterCode":"offenderBookId","parameterDescription":"offenderBookId","parameterType":"Number","createDatetime":1691388610895},{"createUserId":"TARAK","parameterId":489,"queryKey":"INSERT_CASE_NOTE","parameterCode":"caseNoteSubType","parameterDescription":"caseNoteSubType","parameterType":"String","createDatetime":1691388728688},{"createUserId":"TARAK","parameterId":488,"queryKey":"INSERT_CASE_NOTE","parameterCode":"caseNoteType","parameterDescription":"caseNoteType","parameterType":"String","createDatetime":1691388728688},{"createUserId":"TARAK","parameterId":490,"queryKey":"INSERT_CASE_NOTE","parameterCode":"caseNoteText","parameterDescription":"caseNoteText","parameterType":"String","createDatetime":1691388728688},{"createUserId":"TARAK","parameterId":491,"queryKey":"INSERT_CASE_NOTE","parameterCode":"eventId","parameterDescription":"eventId","parameterType":"Number","createDatetime":1691388728688},{"createUserId":"TARAK","parameterId":492,"queryKey":"INSERT_CASE_NOTE","parameterCode":"caseNoteId","parameterDescription":"caseNoteId","parameterType":"Number","createDatetime":1691388728688}],"createUserId":"OMS_OWNER","apiId":"INSERT_CASE_NOTE","apiDescription":"Insert Case Note","queryKey":"INSERT_CASE_NOTE","url":"Elite2Web/api/cmdaction/executeUpdateQuery","queryId":0,"createDatetime":1691148678000,"modifyDatetime":1691408005000,"modifyUserId":"OMS_OWNER","category":"PRODUCT"},{"quickAction":[{"queryId":273,"queryKey":"GET_CASE_NOTE_ID","queryText":"select nextval('case_note_id') caseNoteId from dual ;\n","queryDesc":"Get Case Note Id","category":"PRODUCT"}],"actionParams":[],"createUserId":"OMS_OWNER","apiId":"GET_CASE_NOTE_ID","apiDescription":"Get Case Note Id","queryKey":"GET_CASE_NOTE_ID","url":"Elite2Web/api/cmdaction/executeSelectQuery","queryId":0,"createDatetime":1691157938000,"modifyDatetime":1691158062000,"modifyUserId":"OMS_OWNER","category":"PRODUCT"},{"quickAction":[{"queryId":187,"queryKey":"JHUB_SMS","queryText":"select  :sendTo send_to, :message message, :sourceSystem source_system,  to_char(TIMEZONE(('UTC'), current_timestamp::TIMESTAMPTZ), 'YYYY-MM-DD\"T\"HH24:MI:SS\"Z\"') as date_time, nextval('EXTERNAL_MESSAGE_ID')::text message_id from dual","queryDesc":"JHUB Sms","category":"SYSTEM"}],"actionParams":[{"createUserId":"OMS_OWNER","parameterId":308,"queryKey":"JHUB_SMS","parameterCode":"sendTo","parameterDescription":"Send To","parameterType":"String","createDatetime":1675919370245,"modifyDatetime":1675919370245},{"createUserId":"OMS_OWNER","parameterId":309,"queryKey":"JHUB_SMS","parameterCode":"message","parameterDescription":"Message","parameterType":"String","createDatetime":1675919370245,"modifyDatetime":1675919370245},{"createUserId":"OMS_OWNER","parameterId":310,"queryKey":"JHUB_SMS","parameterCode":"sourceSystem","parameterDescription":"Source System","parameterType":"String","createDatetime":1675919370245,"modifyDatetime":1675920133396,"modifyUserId":"OMS_OWNER"}],"createUserId":"OMS_OWNER","apiId":"JHUB_SMS","apiDescription":"JHUB Sms","queryKey":"JHUB_SMS","url":"Elite2Web/api/cmdaction/executeSelectQuery","queryId":0,"createDatetime":1675920043000,"modifyDatetime":1675920043000,"category":"SYSTEM"},{"quickAction":[{"queryId":18,"queryKey":"GET_OFFENDER_PHONE_NUM","queryText":"select STRING_AGG(TO_CHAR(phone_no), ','ORDER BY phone_id) as phone_no from PHONES where owner_id = ( select ROOT_OFFENDER_ID from v_header_block where offender_book_id = :offenderBookId)","queryDesc":"Get Offender Phone NUmbers","category":"PRODUCT"}],"actionParams":[{"createUserId":"OMS_OWNER","parameterId":26,"queryKey":"GET_OFFENDER_PHONE_NUM","parameterCode":"offenderBookId","parameterDescription":"Offender Book Id","parameterType":"Number","createDatetime":1658441721000}],"createUserId":"OMS_OWNER","apiId":"GET_OFFENDER_PHONE_NUM","apiDescription":"Offender Phone Numbers","queryKey":"GET_OFFENDER_PHONE_NUM","url":"Elite2Web/api/cmdaction/executeSelectQuery","queryId":0,"createDatetime":1658514346000,"modifyDatetime":1658514346000,"category":"PRODUCT"},{"quickAction":[{"queryId":17,"queryKey":"GET_OFFENDER_EMAILS","queryText":"select STRING_AGG (internet_address, ',' ORDER BY internet_address_id) as internet_address from internet_addresses where owner_id = ( select root_offender_id from v_header_block where v_header_block.offender_book_id = :offenderBookId)","queryDesc":"Get Offender Emails","category":"PRODUCT"}],"actionParams":[{"createUserId":"OMS_OWNER","parameterId":25,"queryKey":"GET_OFFENDER_EMAILS","parameterCode":"offenderBookId","parameterDescription":"Offender Book Id","parameterType":"Number","createDatetime":1658433741000}],"createUserId":"OMS_OWNER","apiId":"GET_OFFENDER_EMAILS","apiDescription":"Get Offender Emails","queryKey":"GET_OFFENDER_EMAILS","url":"Elite2Web/api/cmdaction/executeSelectQuery","queryId":0,"createDatetime":1658514323000,"modifyDatetime":1658514323000,"category":"PRODUCT"}]