[{"quickAction":[{"queryId":187,"queryKey":"JHUB_SMS","queryText":"select  :sendTo send_to, :message message, :sourceSystem source_system, current_timestamp date_time, nextval('EXTERNAL_MESSAGE_ID')::text message_id from dual","queryDesc":"JHUB Sms","category":"SYSTEM"}],"actionParams":[{"createUserId":"OMS_OWNER","parameterId":308,"queryKey":"JHUB_SMS","parameterCode":"sendTo","parameterDescription":"Send To","parameterType":"String","createDatetime":1675899570245,"modifyDatetime":1675899570245},{"createUserId":"OMS_OWNER","parameterId":309,"queryKey":"JHUB_SMS","parameterCode":"message","parameterDescription":"Message","parameterType":"String","createDatetime":1675899570245,"modifyDatetime":1675899570245},{"createUserId":"OMS_OWNER","parameterId":310,"queryKey":"JHUB_SMS","parameterCode":"sourceSystem","parameterDescription":"Source System","parameterType":"String","createDatetime":1675899570245,"modifyDatetime":1675900333396,"modifyUserId":"OMS_OWNER"}],"createUserId":"OMS_OWNER","apiId":"JHUB_SMS","apiDescription":"JHUB Sms","queryKey":"JHUB_SMS","url":"Elite2Web/api/cmdaction/executeSelectQuery","queryId":0,"createDatetime":1675900243000,"modifyDatetime":1675900243000,"category":"SYSTEM"},{"quickAction":[{"queryId":19,"queryKey":"UPDATE_SMS_FLAG","queryText":"UPDATE OFFENDER_IND_SCHEDULES SET SMS_SENT_FLAG = 'Y' WHERE EVENT_ID = (:EVENT_ID)::bigint","queryDesc":"Update SMS Flag","category":"PRODUCT"}],"actionParams":[{"createUserId":"OMS_OWNER","parameterId":27,"queryKey":"UPDATE_SMS_FLAG","parameterCode":"EVENT_ID","parameterDescription":"Event Id","parameterType":"Number","createDatetime":1658422009000}],"createUserId":"OMS_OWNER","apiId":"UPDATE_SMS_FLAG","apiDescription":"Update SMS Flag After SMS sent","queryKey":"UPDATE_SMS_FLAG","url":"Elite2Web/api/cmdaction/executeUpdateQuery","queryId":0,"createDatetime":1658494571000,"modifyDatetime":1658494571000,"category":"PRODUCT"},{"quickAction":[{"queryId":18,"queryKey":"GET_OFFENDER_PHONE_NUM","queryText":"select STRING_AGG(TO_CHAR(phone_no), ','ORDER BY phone_id) as phone_no from PHONES where owner_id = ( select ROOT_OFFENDER_ID from v_header_block where offender_book_id = :offenderBookId)","queryDesc":"Get Offender Phone NUmbers","category":"PRODUCT"}],"actionParams":[{"createUserId":"OMS_OWNER","parameterId":26,"queryKey":"GET_OFFENDER_PHONE_NUM","parameterCode":"offenderBookId","parameterDescription":"Offender Book Id","parameterType":"Number","createDatetime":1658421921000}],"createUserId":"OMS_OWNER","apiId":"GET_OFFENDER_PHONE_NUM","apiDescription":"Offender Phone Numbers","queryKey":"GET_OFFENDER_PHONE_NUM","url":"Elite2Web/api/cmdaction/executeSelectQuery","queryId":0,"createDatetime":1658494546000,"modifyDatetime":1658494546000,"category":"PRODUCT"},{"quickAction":[{"queryId":17,"queryKey":"GET_OFFENDER_EMAILS","queryText":"select STRING_AGG (internet_address, ',' ORDER BY internet_address_id) as internet_address from internet_addresses where owner_id = ( select root_offender_id from v_header_block where v_header_block.offender_book_id = :offenderBookId)","queryDesc":"Get Offender Emails","category":"PRODUCT"}],"actionParams":[{"createUserId":"OMS_OWNER","parameterId":25,"queryKey":"GET_OFFENDER_EMAILS","parameterCode":"offenderBookId","parameterDescription":"Offender Book Id","parameterType":"Number","createDatetime":1658413941000}],"createUserId":"OMS_OWNER","apiId":"GET_OFFENDER_EMAILS","apiDescription":"Get Offender Emails","queryKey":"GET_OFFENDER_EMAILS","url":"Elite2Web/api/cmdaction/executeSelectQuery","queryId":0,"createDatetime":1658494523000,"modifyDatetime":1658494523000,"category":"PRODUCT"},{"quickAction":[{"queryId":16,"queryKey":"UPDATE_EMAIL_FLAG","queryText":"UPDATE OFFENDER_IND_SCHEDULES SET EMAIL_SENT_FLAG = 'Y' WHERE EVENT_ID = (:EVENT_ID)::bigint","queryDesc":"Update Email Success Flag","category":"PRODUCT"}],"actionParams":[{"createUserId":"OMS_OWNER","parameterId":24,"queryKey":"UPDATE_EMAIL_FLAG","parameterCode":"EVENT_ID","parameterDescription":"Event Id","parameterType":"Number","createDatetime":1658411238000}],"createUserId":"OMS_OWNER","apiId":"UPDATE_EMAIL_FLAG","apiDescription":"Update Email Success Flag","queryKey":"UPDATE_EMAIL_FLAG","url":"Elite2Web/api/cmdaction/executeUpdateQuery","queryId":0,"createDatetime":1658494497000,"modifyDatetime":1658494497000,"category":"PRODUCT"},{"quickAction":[{"queryId":15,"queryKey":"GET__EMAIL_TEMPLATE","queryText":"select template_body  from iwp_templates where template_name = :templateName","queryDesc":"Get Email Template","category":"PRODUCT"}],"actionParams":[{"createUserId":"OMS_OWNER","parameterId":23,"queryKey":"GET__EMAIL_TEMPLATE","parameterCode":"templateName","parameterDescription":"templateName","parameterType":"String","createDatetime":1658411077000}],"createUserId":"OMS_OWNER","apiId":"GET__EMAIL_TEMPLATE","apiDescription":"Get Email Template","queryKey":"GET__EMAIL_TEMPLATE","url":"Elite2Web/api/cmdaction/templateText","queryId":0,"createDatetime":1658494467000,"modifyDatetime":1658494467000,"category":"PRODUCT"},{"quickAction":[{"queryId":20,"queryKey":"GET_OFFENDER_SCHEDULES","queryText":"SELECT EVENT_ID, OFFENDER_BOOK_ID, EVENT_DATE, START_TIME, EVENT_SUB_TYPE, OFFENDER_FIRST_NAME, DESCRIPTION, EMAIL_SCH_ENABLE, SMS_SCH_ENABLE FROM ( SELECT ( SELECT ROW_NUMBER() OVER( ORDER BY A.EVENT_ID) ) RN, A.EVENT_ID, A.OFFENDER_BOOK_ID, A.EVENT_DATE, A.START_TIME, A.EVENT_SUB_TYPE, ( SELECT O.FIRST_NAME FROM OFFENDERS O , OFFENDER_BOOKINGS OB WHERE O.OFFENDER_ID = OB.OFFENDER_ID AND OB.OFFENDER_BOOK_ID = A.OFFENDER_BOOK_ID) AS OFFENDER_FIRST_NAME, ( SELECT AGENCY_LOCATIONS.DESCRIPTION FROM AGENCY_LOCATIONS WHERE AGENCY_LOCATIONS.AGY_LOC_ID = A.TO_AGY_LOC_ID ) AS DESCRIPTION, ( CASE WHEN A.SCHEDULED_EMAIL_HOUR IS NULL THEN 'N' WHEN A.SCHEDULED_EMAIL_HOUR <= SYSDATE() THEN 'Y' ELSE 'N' END ) AS EMAIL_SCH_ENABLE, ( CASE WHEN A.SCHEDULED_SMS_HOUR IS NULL THEN 'N' WHEN A.SCHEDULED_SMS_HOUR <= SYSDATE() THEN 'Y' ELSE 'N' END ) AS SMS_SCH_ENABLE FROM ( SELECT ( CASE WHEN OIS.EMAIL_FLAG = 'Y' THEN ( SELECT ( OIS.START_TIME - (OIS.EMAIL_SCHEDULE_HOURS_BEFORE || ' HOURS')::INTERVAL ) FROM DUAL ) ELSE NULL END ) AS SCHEDULED_EMAIL_HOUR, ( CASE WHEN OIS.SMS_FLAG = 'Y' THEN ( SELECT ( OIS.START_TIME - (OIS.SMS_SCHEDULE_HOURS_BEFORE || ' HOURS')::INTERVAL ) FROM DUAL ) ELSE NULL END ) AS SCHEDULED_SMS_HOUR, OIS.* FROM OFFENDER_IND_SCHEDULES OIS WHERE EVENT_STATUS = 'SCH' AND OIS.EMAIL_FLAG IN ( 'Y', 'N' ) AND OIS.SMS_FLAG IN ( 'Y', 'N' ) AND TO_CHAR(OIS.EVENT_DATE, 'YYYY-MM-DD 00:00:00.000')::DATE >= TO_CHAR(SYSDATE(), 'YYYY-MM-DD 00:00:00.000')::DATE AND TO_CHAR(OIS.START_TIME, 'HH24:MI:SS') > TO_CHAR(SYSDATE(), 'HH24:MI:SS') ORDER BY EVENT_DATE ASC ) A WHERE ( A.SCHEDULED_EMAIL_HOUR IS NOT NULL AND A.SCHEDULED_EMAIL_HOUR <= SYSDATE() AND A.EMAIL_SENT_FLAG = 'N') OR (A.SCHEDULED_SMS_HOUR IS NOT NULL AND A.SCHEDULED_SMS_HOUR <= SYSDATE() AND A.SMS_SENT_FLAG = 'N') ) AS H WHERE RN <= 10","queryDesc":"Offender Schedules","category":"PRODUCT"}],"actionParams":[],"createUserId":"OMS_OWNER","apiId":"GET_OFFENDER_SCHEDULES","apiDescription":"Get Active Offender Schedules","queryKey":"GET_OFFENDER_SCHEDULES","url":"Elite2Web/api/cmdaction/executeSelectQuery","queryId":0,"createDatetime":1658494439000,"modifyDatetime":1658494439000,"category":"PRODUCT"}]