[{"quickAction":[{"queryId":352,"queryKey":"GET_WORK_FLOW_LOGS_SEQ","queryText":"select\n\tmax(work_flow_seq)+ 1 as seq\nfrom\n\twork_flow_logs wfl\nwhere\n\twork_flow_id = \n(\n\tselect\n\t\twork_flow_id\n\tfrom\n\t\twork_flows wf\n\twhere\n\t\tobject_code = 'ALERT'\n\t\tand object_id = :offenderBookId\n\t\tand object_seq = (\n\t\tselect\n\t\t\tmax(alert_seq)\n\t\tfrom\n\t\t\toffender_alerts oa\n\t\twhere\n\t\t\toffender_book_id = :offenderBookId\n\t\t\tand alert_type = :alertType\n\t\t\tand alert_code = :alertCode))","queryDesc":"Get Work Flow Logs Seq","category":"CLIENT"}],"actionParams":[{"createUserId":"OMS_OWNER","parameterId":705,"queryKey":"GET_WORK_FLOW_LOGS_SEQ","parameterCode":"alertCode","parameterDescription":"Alert Code","parameterType":"String","createDatetime":1702019604531,"modifyDatetime":1702019604531},{"createUserId":"OMS_OWNER","parameterId":704,"queryKey":"GET_WORK_FLOW_LOGS_SEQ","parameterCode":"alertType","parameterDescription":"Alert Type","parameterType":"String","createDatetime":1702019604531,"modifyDatetime":1702019604531},{"createUserId":"OMS_OWNER","parameterId":703,"queryKey":"GET_WORK_FLOW_LOGS_SEQ","parameterCode":"offenderBookId","parameterDescription":"Offender Book Id","parameterType":"Number","createDatetime":1702019604531,"modifyDatetime":1702019604531}],"createUserId":"OMS_OWNER","apiId":"GET_WORK_FLOW_LOGS_SEQ","apiDescription":"Get Work Flow Logs Seq","queryKey":"GET_WORK_FLOW_LOGS_SEQ","url":"Elite2Web/api/cmdaction/executeSelectQuery","queryId":0,"createDatetime":1702019717000,"modifyDatetime":1702019717000,"category":"CLIENT"},{"quickAction":[{"queryId":351,"queryKey":"UPDATE_PENA_ALERT","queryText":"update\n\toffender_alerts\nset\n\texpiry_date = current_timestamp,\n\talert_status = 'INACTIVE',\n\tmodify_user_id = :modifyUserId,\n\tmodify_datetime = current_timestamp\nwhere\n\toffender_book_id = :offenderBookId::bigint\n\tand alert_type = :alertType \n\tand alert_code = :alertCode","queryDesc":"Update PENA Alert","category":"CLIENT"}],"actionParams":[{"createUserId":"OMS_OWNER","parameterId":702,"queryKey":"UPDATE_PENA_ALERT","parameterCode":"alertCode","parameterDescription":"Alert Code","parameterType":"String","createDatetime":1702019434514,"modifyDatetime":1702019434514},{"createUserId":"OMS_OWNER","parameterId":701,"queryKey":"UPDATE_PENA_ALERT","parameterCode":"alertType","parameterDescription":"Alert Type","parameterType":"String","createDatetime":1702019434514,"modifyDatetime":1702019434514},{"createUserId":"OMS_OWNER","parameterId":699,"queryKey":"UPDATE_PENA_ALERT","parameterCode":"modifyUserId","parameterDescription":"Modify User Id","parameterType":"String","createDatetime":1702019434514,"modifyDatetime":1702019434514},{"createUserId":"OMS_OWNER","parameterId":700,"queryKey":"UPDATE_PENA_ALERT","parameterCode":"offenderBookId","parameterDescription":"Offender Book Id","parameterType":"Number","createDatetime":1702019434514,"modifyDatetime":1702019434514}],"createUserId":"OMS_OWNER","apiId":"UPDATE_PENA_ALERT","apiDescription":"Update PENA Alert","queryKey":"UPDATE_PENA_ALERT","url":"Elite2Web/api/cmdaction/executeUpdateQuery","queryId":0,"createDatetime":1702019467000,"modifyDatetime":1702019467000,"category":"CLIENT"},{"quickAction":[{"queryId":350,"queryKey":"GET_ACTIVE_PENA_ALERT_DETAILS","queryText":"select\n\toffender_book_id,\n\talert_type,\n\talert_code\nfrom\n\toffender_alerts oa\nwhere \n\toffender_book_id = :offenderBookId \n\tand alert_code = 'PENA'\n\tand alert_status = 'ACTIVE'","queryDesc":"Get Active PENA Alert Details","category":"CLIENT"}],"actionParams":[{"createUserId":"OMS_OWNER","parameterId":698,"queryKey":"GET_ACTIVE_PENA_ALERT_DETAILS","parameterCode":"offenderBookId","parameterDescription":"Offender Book Id","parameterType":"Number","createDatetime":1702019216430,"modifyDatetime":1702019216430}],"createUserId":"OMS_OWNER","apiId":"GET_ACTIVE_PENA_ALERT_DETAILS","apiDescription":"Get Active PENA Alert Details","queryKey":"GET_ACTIVE_PENA_ALERT_DETAILS","url":"Elite2Web/api/cmdaction/executeSelectQuery","queryId":0,"createDatetime":1702019246000,"modifyDatetime":1702019246000,"category":"CLIENT"},{"quickAction":[{"queryId":322,"queryKey":"INSERT_ALERT_WORKFLOW_LOGS","queryText":"insert into work_flow_logs (Work_flow_id, Work_flow_seq, Work_action_code, Work_Action_date , Action_user_id, work_flow_status, create_date, locate_agy_loc_id , create_user_id) values (( select WORK_FLOW_ID from WORK_FLOWS where object_id = :offenderBookId::bigint and object_code = 'ALERT' and object_seq = ( select max(oa.alert_seq) from offender_alerts oa where oa.offender_book_id = :offenderBookId::bigint and oa.alert_type = :alertType and oa.alert_code = :alertCode)), case when :workFlowSeq <> '' then :workFlowSeq::bigint else ( select max(work_flow_seq)+1 from work_flow_logs wfl where work_flow_id in ( select WORK_FLOW_ID from WORK_FLOWS where object_id = :offenderBookId::bigint and object_code = 'ALERT' and object_seq = ( select max(oa.alert_seq) from offender_alerts oa where oa.offender_book_id = :offenderBookId::bigint and oa.alert_type = :alertType and oa.alert_code = :alertCode))) end, :workActionCode, current_timestamp, null, :workFlowStatus, current_timestamp, null , :createUserId);","queryDesc":"Insert Alert Workflow Logs","category":"CLIENT"}],"actionParams":[{"createUserId":"YOGENDRANATH","parameterId":643,"queryKey":"INSERT_ALERT_WORKFLOW_LOGS","parameterCode":"alertCode","parameterDescription":"Alert Code","parameterType":"String","createDatetime":1697539018718,"modifyDatetime":1697539018718},{"createUserId":"YOGENDRANATH","parameterId":644,"queryKey":"INSERT_ALERT_WORKFLOW_LOGS","parameterCode":"alertType","parameterDescription":"Alert Type","parameterType":"String","createDatetime":1697539018718,"modifyDatetime":1697539018718},{"createUserId":"YOGENDRANATH","parameterId":645,"queryKey":"INSERT_ALERT_WORKFLOW_LOGS","parameterCode":"createUserId","parameterDescription":"Create User Id","parameterType":"String","createDatetime":1697539018718,"modifyDatetime":1697539018718},{"createUserId":"YOGENDRANATH","parameterId":646,"queryKey":"INSERT_ALERT_WORKFLOW_LOGS","parameterCode":"offenderBookId","parameterDescription":"offenderBookId","parameterType":"Number","createDatetime":1697539018718,"modifyDatetime":1697539018718},{"createUserId":"YOGENDRANATH","parameterId":647,"queryKey":"INSERT_ALERT_WORKFLOW_LOGS","parameterCode":"workActionCode","parameterDescription":"Work Action Code","parameterType":"String","createDatetime":1697539018718,"modifyDatetime":1697539018718},{"createUserId":"YOGENDRANATH","parameterId":648,"queryKey":"INSERT_ALERT_WORKFLOW_LOGS","parameterCode":"workFlowSeq","parameterDescription":"Work Flow Seq","parameterType":"Number","createDatetime":1697539018718,"modifyDatetime":1697539018718},{"createUserId":"YOGENDRANATH","parameterId":649,"queryKey":"INSERT_ALERT_WORKFLOW_LOGS","parameterCode":"workFlowStatus","parameterDescription":"Work FLow Status","parameterType":"String","createDatetime":1697539018718,"modifyDatetime":1697539018718}],"createUserId":"YOGENDRANATH","apiId":"INSERT_ALERT_WORKFLOW_LOGS","apiDescription":"Insert Alert Work Flow Logs","queryKey":"INSERT_ALERT_WORKFLOW_LOGS","url":"Elite2Web/api/cmdaction/executeUpdateQuery","queryId":0,"createDatetime":1696502755000,"modifyDatetime":1697539018000,"modifyUserId":"YOGENDRANATH","category":"CLIENT"}]