[{"processKey":"Admit_Offender_into_Custody","processDesc":"Admit Offender into Custody","triggerId":"1","xmlFileName":"Admit_Offender_into_Custody.bpmn","category":"CLIENT"},{"processKey":"Exchange_Custodial_Housing","processDesc":"Exchange Custodial Housing","triggerId":"76","xmlFileName":"Exchange_Custodial_Housing.bpmn","category":"CLIENT"},{"processKey":"Change_Custodial_Housing","processDesc":"Change Custodial Housing","triggerId":"74","xmlFileName":"Change_Custodial_Housing.bpmn","category":"CLIENT"}]