[{"quickAction":[{"queryId":73,"queryKey":"GET_OFFENDER_DETAILS","queryText":"select\n\tvo.offender_book_id,\n\tvo.offender_id,\n\tvo.offender_id_display,\n\tvo.first_name,\n\tvo.last_name,\n\tvo.middle_name,\n\tvo.birth_date,\n\to.second_middle_name,\n\tref_code.description sex_code,\n\tto_char(vo.birth_date, 'DD/MM/YYYY') as dob,\n\tvo.agy_loc_id,\n\t(select description from agency_locations al where agy_loc_id = vo.agy_loc_id ) as facility,\n\t(select description from agency_locations al where agy_loc_id = vhb.intake_agy_loc_id ) as comm_facility,\n\tcase when vo.agy_loc_id is null then (select description from agency_locations al where agy_loc_id = vhb.intake_agy_loc_id )\n\telse (select description from agency_locations al where agy_loc_id = vo.agy_loc_id) end as location\nfrom\n\tv_offenders vo,\n\treference_codes ref_code,\n\tv_header_block vhb,\n\toffenders o\nwhere\n\tref_code.domain = 'SEX'\n\tand ref_code.code = vo.sex_code\n\tand o.offender_id = vo.offender_id\n\tand vhb.offender_book_id = vo.offender_book_id\n\tand vo.offender_book_id = :offenderBookId","queryDesc":"Get Offender Details","category":"CLIENT"}],"actionParams":[{"createUserId":"OMS_OWNER","parameterId":1045,"queryKey":"GET_OFFENDER_DETAILS","parameterCode":"offenderBookId","parameterDescription":"Offender Book Id","parameterType":"Number","createDatetime":1706821332121}],"createUserId":"AKASHK","apiId":"GET_OFFENDER_DETAILS","apiDescription":"Get Offender Details","queryKey":"GET_OFFENDER_DETAILS","url":"Elite2Web/api/cmdaction/executeSelectQuery","queryId":0,"createDatetime":1661234909000,"modifyDatetime":1706821332000,"modifyUserId":"OMS_OWNER","category":"CLIENT"}]