[{"processKey":"CMN_OIDRELEA_RELEASE_WITH_NCUS_RFC_COMM_TYPE_NOTIFY","processDesc":"CMN_OIDRELEA_RELEASE_WITH_NCUS_RFC_COMM_TYPE_NOTIFY","xmlFileName":"CMN_OIDRELEA_RELEASE_WITH_NCUS_RFC_COMM_TYPE_NOTIFY.bpmn","commonProcess":"Y","category":"CLIENT"},{"processKey":"CMN_OIDTRWJU_FACILITY_MOVE_WITH_FUTURE_COURT_EVENT","processDesc":"CMN_OIDTRWJU_FACILITY_MOVE_WITH_FUTURE_COURT_EVENT","xmlFileName":"CMN_OIDTRWJU_FACILITY_MOVE_WITH_FUTURE_COURT_EVENT.bpmn","commonProcess":"Y","category":"CLIENT"},{"processKey":"CMN_OCDLEGLS_NO_CUSTODY_STATUS_EMAIL_NOTIFY","processDesc":"CMN_OCDLEGLS_NO_CUSTODY_STATUS_EMAIL_NOTIFY","xmlFileName":"CMN_OCDLEGLS_NO_CUSTODY_STATUS_EMAIL_NOTIFY.bpmn","commonProcess":"Y","category":"PRODUCT"}]