[{"quickAction":[{"queryId":212,"queryKey":"GET_OFFENDER_DETAILS","queryText":"SELECT \n    vo.offender_book_id,\n    vo.offender_id,\n    vo.offender_id_display,\n    vo.first_name,\n    vo.last_name,\n    vo.middle_name,\n    vo.birth_date,\n    ref_code.description sex_code\nFROM \n    v_offenders vo,\n    reference_codes ref_code\nwhere\n    ref_code.domain = 'SEX' and \n \tref_code.code= vo.sex_code and\n    vo.offender_book_id = :offenderBookId","queryDesc":"Get Offender Details","category":"CLIENT"}],"actionParams":[{"createUserId":"OMS_OWNER","parameterId":329,"queryKey":"GET_OFFENDER_DETAILS","parameterCode":"offenderBookId","parameterDescription":"Offender Book Id","parameterType":"Number","createDatetime":1687561884670,"modifyDatetime":1687561884670}],"createUserId":"OMS_OWNER","apiId":"GET_OFFENDER_DETAILS","apiDescription":"Get Offender Details","queryKey":"GET_OFFENDER_DETAILS","url":"Elite2Web/api/cmdaction/executeSelectQuery","queryId":0,"createDatetime":1671162686000,"modifyDatetime":1687561884000,"modifyUserId":"OMS_OWNER","category":"CLIENT"},{"quickAction":[{"queryId":227,"queryKey":"GET_NO_CUSTODY_STATUS_OFFENDERS","queryText":"select \n \tob.offender_book_id\n from \n \toffender_bookings ob,\n \toffender_custody_status ocs \n where \n \tnow() - ob.booking_begin_date  > interval '24 hours' \n  \tand now() - ob.booking_begin_date < interval '25 hours' \n  \tand ocs.offender_book_id = ob.offender_book_id \n  \tand ocs.custody_status = 'NO_STATUS'","queryDesc":"Get No Custody Status Offenders","category":"PRODUCT"}],"actionParams":[],"createUserId":"OMS_OWNER","apiId":"GET_NO_CUSTODY_STATUS_OFFENDERS","apiDescription":"Get No Custody Status Offenders","queryKey":"GET_NO_CUSTODY_STATUS_OFFENDERS","url":"Elite2Web/api/cmdaction/executeSelectQuery","queryId":0,"createDatetime":1685552000000,"modifyDatetime":1685552000000,"category":"PRODUCT"}]