[{"quickAction":[{"queryId":165,"queryKey":"GET_GLOBAL_STAFF_EMAIL_BY_STAFFID","queryText":"select STRING_AGG (ia.internet_address ,\n\t\t',') as internet_address  ,sm.user_id \n\tfrom INTERNET_ADDRESSES ia ,\n\tstaff_members sm \n\twhere\n\tsm.staff_id = owner_id and\n\towner_id = :staffId group by sm.user_id","queryDesc":"Get Global Staff Email By StaffId","category":"PRODUCT"}],"actionParams":[{"createUserId":"OMS_OWNER","parameterId":235,"queryKey":"GET_GLOBAL_STAFF_EMAIL_BY_STAFFID","parameterCode":"staffId","parameterDescription":"staffId","parameterType":"Number","createDatetime":1672034684763,"modifyDatetime":1672034684763}],"createUserId":"OMS_OWNER","apiId":"GET_GLOBAL_STAFF_EMAIL_BY_STAFFID","apiDescription":"Get Global Staff Email By StaffId","queryKey":"GET_GLOBAL_STAFF_EMAIL_BY_STAFFID","url":"Elite2Web/api/cmdaction/executeSelectQuery","queryId":0,"createDatetime":1672034737000,"modifyDatetime":1672034737000,"category":"PRODUCT"}]