[{"quickAction":[{"queryId":225,"queryKey":"FORMAT_PRISONER_SENTENCE_STATUS_RESPONSE","queryText":"Select 1 from dual","queryDesc":"Format Prisoner Sentence status Response","category":"CLIENT"}],"actionParams":[{"createUserId":"OMS_OWNER","parameterId":374,"queryKey":"FORMAT_PRISONER_SENTENCE_STATUS_RESPONSE","parameterCode":"offenderBookingDetails","parameterDescription":"Offender Booking Details","parameterType":"String","createDatetime":1684713307958,"modifyDatetime":1684713307958},{"createUserId":"OMS_OWNER","parameterId":373,"queryKey":"FORMAT_PRISONER_SENTENCE_STATUS_RESPONSE","parameterCode":"offenderDetails","parameterDescription":"Offender Details","parameterType":"String","createDatetime":1684713307958,"modifyDatetime":1684713307958},{"createUserId":"OMS_OWNER","parameterId":379,"queryKey":"FORMAT_PRISONER_SENTENCE_STATUS_RESPONSE","parameterCode":"offenderFinancialDetails","parameterDescription":"Offender Financial Details","parameterType":"String","createDatetime":1684713307958,"modifyDatetime":1684713307958},{"createUserId":"OMS_OWNER","parameterId":375,"queryKey":"FORMAT_PRISONER_SENTENCE_STATUS_RESPONSE","parameterCode":"offenderHousingDetails","parameterDescription":"Offender Housing Details","parameterType":"String","createDatetime":1684713307958,"modifyDatetime":1684713307958},{"createUserId":"OMS_OWNER","parameterId":381,"queryKey":"FORMAT_PRISONER_SENTENCE_STATUS_RESPONSE","parameterCode":"offenderProfileDetails","parameterDescription":"Offender Profile Details","parameterType":"String","createDatetime":1684713307958,"modifyDatetime":1684713307958},{"createUserId":"OMS_OWNER","parameterId":376,"queryKey":"FORMAT_PRISONER_SENTENCE_STATUS_RESPONSE","parameterCode":"offenderReleaseDetails","parameterDescription":"Offender Release Details","parameterType":"String","createDatetime":1684713307958,"modifyDatetime":1684713307958},{"createUserId":"OMS_OWNER","parameterId":380,"queryKey":"FORMAT_PRISONER_SENTENCE_STATUS_RESPONSE","parameterCode":"specificationKey","parameterDescription":"Specification Key","parameterType":"String","createDatetime":1684713307958,"modifyDatetime":1684713307958},{"createUserId":"OMS_OWNER","parameterId":377,"queryKey":"FORMAT_PRISONER_SENTENCE_STATUS_RESPONSE","parameterCode":"staffDetails","parameterDescription":"Staff Details","parameterType":"String","createDatetime":1684713307958,"modifyDatetime":1684713307958},{"createUserId":"OMS_OWNER","parameterId":378,"queryKey":"FORMAT_PRISONER_SENTENCE_STATUS_RESPONSE","parameterCode":"warnings","parameterDescription":"Warnings","parameterType":"String","createDatetime":1684713307958,"modifyDatetime":1684713307958}],"createUserId":"OMS_OWNER","apiId":"FORMAT_PRISONER_SENTENCE_STATUS_RESPONSE","apiDescription":"Format Prisoner Sentence Status Response","queryKey":"FORMAT_PRISONER_SENTENCE_STATUS_RESPONSE","url":"Elite2Web/api/serviceBusController/convertJson","queryId":0,"createDatetime":1684713381000,"modifyDatetime":1684716587000,"modifyUserId":"OMS_OWNER","category":"CLIENT"},{"quickAction":[{"queryId":172,"queryKey":"GET_OFFENDER_PROFILE_DETAILS","queryText":"select\n\ta.nationality,\n\t'TBD' ethnicity,\n\t'TBD' religion\nfrom\n\t(\n\tselect\n\t\tprofile_code nationality\n\tfrom\n\t\tOFFENDER_PROFILE_DETAILS\n\twhere\n\t\tprofile_type = 'CULTURE'\n\t\tand offender_book_id = :offenderBookId) a","queryDesc":"Get Offender Profile Details","category":"CLIENT"}],"actionParams":[{"createUserId":"KARTHI","parameterId":250,"queryKey":"GET_OFFENDER_PROFILE_DETAILS","parameterCode":"offenderBookId","parameterDescription":"Offender Book Id","parameterType":"Number","createDatetime":1673337144300,"modifyDatetime":1673338451304,"modifyUserId":"KARTHI"}],"createUserId":"KARTHI","apiId":"GET_OFFENDER_PROFILE_DETAILS","apiDescription":"Get Offender Profile Details","queryKey":"GET_OFFENDER_PROFILE_DETAILS","url":"Elite2Web/api/cmdaction/executeSelectQuery","queryId":0,"createDatetime":1673337182000,"modifyDatetime":1673337182000,"category":"CLIENT"},{"quickAction":[{"queryId":139,"queryKey":"GET_OFFENDER_WARNINGS","queryText":"SELECT\n    oa.offender_book_id offenderBookId,\n    oa.root_offender_id offenderId,\n    (select description from reference_codes rc where domain = 'ALERT' and code = oa.alert_type) alert_type,\n    oa.alert_code code,\n    oa.create_date createDate,\n    oa.expiry_date expiryDate,\n    oa.comment_text,\n    ref_code.description description\nFROM\n    offender_alerts oa,\n    reference_codes ref_code\nWHERE\n    offender_book_id = :offenderBookId  \n    and ref_code.parent_code= oa.alert_type \n    and ref_code.code= oa.alert_code and\n    oa.alert_status='ACTIVE'","queryDesc":"Get Offender Warnings","category":"CLIENT"}],"actionParams":[{"createUserId":"OMS_OWNER","parameterId":176,"queryKey":"GET_OFFENDER_WARNINGS","parameterCode":"offenderBookId","parameterDescription":"offenderBookId","parameterType":"Number","createDatetime":1667601040516,"modifyDatetime":1667601040516}],"createUserId":"OMS_OWNER","apiId":"GET_OFFENDER_WARNINGS","apiDescription":"Get Offender Warnings","queryKey":"GET_OFFENDER_WARNINGS","url":"Elite2Web/api/cmdaction/executeSelectQuery","queryId":0,"createDatetime":1667601068000,"modifyDatetime":1667601068000,"category":"CLIENT"},{"quickAction":[{"queryId":138,"queryKey":"GET_OFFENDER_RELEASE_DETAILS","queryText":"select\n\tA.movement_time movement_date,\n\tA.movement_reason_code\nfrom\n\toffender_external_movements A,\n\t(\n\tselect\n\t\tmax(movement_seq)max_movmt_seq,\n\t\tmovement_type,\n\t\toffender_book_id\n\tfrom\n\t\toffender_external_movements\n\tgroup by\n\t\toffender_book_id,\n\t\tmovement_type)B\nwhere\n\tA.offender_book_id = B.offender_book_id\n\tand \nA.movement_seq = B.max_movmt_seq\n\tand \nA.movement_type = B.movement_type\n\tand A.movement_type = 'REL'\n\tand A.offender_book_id = :offenderBookId","queryDesc":"Get Offender Release Details","category":"CLIENT"}],"actionParams":[{"createUserId":"OMS_OWNER","parameterId":175,"queryKey":"GET_OFFENDER_RELEASE_DETAILS","parameterCode":"offenderBookId","parameterDescription":"Offender Book Id","parameterType":"Number","createDatetime":1667600720649,"modifyDatetime":1667600720649}],"createUserId":"OMS_OWNER","apiId":"GET_OFFENDER_RELEASE_DETAILS","apiDescription":"Get Offender Release Details","queryKey":"GET_OFFENDER_RELEASE_DETAILS","url":"Elite2Web/api/cmdaction/executeSelectQuery","queryId":0,"createDatetime":1667600753000,"modifyDatetime":1667600753000,"category":"CLIENT"},{"quickAction":[{"queryId":137,"queryKey":"GET_OFFENDER_FINANCIAL_DETAILS","queryText":"select \n    osa.balance,\n    ota.current_balance\nfrom\n    v_offenders vo,\n    offender_sub_accounts osa,\n    offender_trust_accounts ota\nwhere\n    vo.offender_book_id = 41067 and\n    vo.offender_id = osa.offender_id and\n    vo.offender_id = ota.offender_id and\n   \tosa.last_txn_id = (select max(last_txn_id) from offender_sub_accounts where offender_id = vo.offender_id)","queryDesc":"Get Offender Financial Details","category":"CLIENT"}],"actionParams":[{"createUserId":"OMS_OWNER","parameterId":174,"queryKey":"GET_OFFENDER_FINANCIAL_DETAILS","parameterCode":"offenderBookId","parameterDescription":"Offender Book Id","parameterType":"Number","createDatetime":1667600568236,"modifyDatetime":1667600568236}],"createUserId":"OMS_OWNER","apiId":"GET_OFFENDER_FINANCIAL_DETAILS","apiDescription":"Get Offender Financial Details","queryKey":"GET_OFFENDER_FINANCIAL_DETAILS","url":"Elite2Web/api/cmdaction/executeSelectQuery","queryId":0,"createDatetime":1667600599000,"modifyDatetime":1667600599000,"category":"CLIENT"},{"quickAction":[{"queryId":135,"queryKey":"GET_OFFENDER_BOOKING_DETAILS","queryText":"SELECT \n    ob.booking_no,\n    ob.booking_begin_date,\n    ob.booking_status,\n    CASE\n        WHEN ob.agy_loc_id IS NOT NULL THEN al.description\n        ELSE (SELECT al.description FROM agency_locations al WHERE al.agy_loc_id = ob.intake_agy_loc_id)\n    END AS agy_loc_id,\n    ob.living_unit_id\nFROM \n    offender_bookings ob\nLEFT JOIN\n    agency_locations al ON ob.agy_loc_id = al.agy_loc_id\nWHERE\n    ob.offender_book_id = :offenderBookId","queryDesc":"Get Offender Booking Details","category":"CLIENT"}],"actionParams":[{"createUserId":"OMS_OWNER","parameterId":168,"queryKey":"GET_OFFENDER_BOOKING_DETAILS","parameterCode":"offenderBookId","parameterDescription":"Offender Book Id","parameterType":"Number","createDatetime":1667552675293,"modifyDatetime":1667552675293}],"createUserId":"OMS_OWNER","apiId":"GET_OFFENDER_BOOKING_DETAILS","apiDescription":"Get Offender Booking Details","queryKey":"GET_OFFENDER_BOOKING_DETAILS","url":"Elite2Web/api/cmdaction/executeSelectQuery","queryId":0,"createDatetime":1667552719000,"modifyDatetime":1667552719000,"category":"CLIENT"},{"quickAction":[{"queryId":134,"queryKey":"GET_OFFENDER_HOUSING_DETAILS","queryText":"SELECT \n    lu.level_1_code housing_lev_1_code,\n    lu.level_2_code housing_lev_2_code,\n    lu.level_3_code housing_lev_3_code\nFROM v_offenders vo,\n    living_units lu\nwhere\n    lu.living_unit_id  = vo.living_unit_id and\n    vo.offender_book_id = :offenderBookId","queryDesc":"Get Offender Housing Details","category":"CLIENT"}],"actionParams":[{"createUserId":"OMS_OWNER","parameterId":167,"queryKey":"GET_OFFENDER_HOUSING_DETAILS","parameterCode":"offenderBookId","parameterDescription":"Offender Book Id","parameterType":"Number","createDatetime":1667552242191,"modifyDatetime":1667552242191}],"createUserId":"OMS_OWNER","apiId":"GET_OFFENDER_HOUSING_DETAILS","apiDescription":"Get Offender Housing Details","queryKey":"GET_OFFENDER_HOUSING_DETAILS","url":"Elite2Web/api/cmdaction/executeSelectQuery","queryId":0,"createDatetime":1667552275000,"modifyDatetime":1667552275000,"category":"CLIENT"},{"quickAction":[{"queryId":42,"queryKey":"GET_OFFENDER_DETAILS","queryText":"SELECT \n    vo.offender_book_id,\n    vo.offender_id,\n    vo.offender_id_display,\n    vo.first_name,\n    vo.last_name,\n    vo.middle_name,\n    vo.birth_date,\n    ref_code.description sex_code\nFROM \n    v_offenders vo,\n    reference_codes ref_code\nwhere\n    ref_code.domain = 'SEX' and \n \tref_code.code= vo.sex_code and\n    vo.offender_book_id = :offenderBookId","queryDesc":"Get Offender Details","category":"CLIENT"}],"actionParams":[{"createUserId":"OMS_OWNER","parameterId":46,"queryKey":"GET_OFFENDER_DETAILS","parameterCode":"offenderBookId","parameterDescription":"Offender Book Id","parameterType":"Number","createDatetime":1662705229751,"modifyDatetime":1662705229751}],"createUserId":"OMS_OWNER","apiId":"GET_OFFENDER_DETAILS","apiDescription":"Get Offender Details","queryKey":"GET_OFFENDER_DETAILS","url":"Elite2Web/api/cmdaction/executeSelectQuery","queryId":0,"createDatetime":1662705289000,"modifyDatetime":1662705289000,"category":"CLIENT"},{"quickAction":[{"queryId":21,"queryKey":"GET_STAFF_DETAILS","queryText":"select user_id, last_name, first_name, current_timestamp date_time from staff_members where user_id = :userId","queryDesc":"Get Staff Details","category":"CLIENT"}],"actionParams":[{"createUserId":"OMS_OWNER","parameterId":28,"queryKey":"GET_STAFF_DETAILS","parameterCode":"userId","parameterDescription":"User Id","parameterType":"String","createDatetime":1661267533000,"modifyDatetime":1667552073806,"modifyUserId":"OMS_OWNER"}],"createUserId":"OMS_OWNER","apiId":"GET_STAFF_DETAILS","apiDescription":"Get Staff Details","queryKey":"GET_STAFF_DETAILS","url":"Elite2Web/api/cmdaction/executeSelectQuery","queryId":0,"createDatetime":1661268205000,"modifyDatetime":1661268205000,"category":"CLIENT"}]