[{"quickAction":[{"queryId":294,"queryKey":"GET_INTERNET_ADDRESS_BY_USER_ID","queryText":"select\n\tSTRING_AGG(ia.internet_address, ',') AS internet_addresses\nfrom\n\tinternet_addresses ia,\n\tstaff_members sm \nwhere \n\tsm.user_id = :userId\n\tand sm.staff_id = ia.owner_id \n\tand ia.owner_class = 'STF'","queryDesc":"Get Internet Address by User Id","category":"CLIENT"}],"actionParams":[{"createUserId":"OMS_OWNER","parameterId":513,"queryKey":"GET_INTERNET_ADDRESS_BY_USER_ID","parameterCode":"userId","parameterDescription":"User Id","parameterType":"String","createDatetime":1691465135760,"modifyDatetime":1691465135760}],"createUserId":"OMS_OWNER","apiId":"GET_INTERNET_ADDRESS_BY_USER_ID","apiDescription":"Get Internet Address by User Id","queryKey":"GET_INTERNET_ADDRESS_BY_USER_ID","url":"Elite2Web/api/cmdaction/executeSelectQuery","queryId":0,"createDatetime":1691465342000,"modifyDatetime":1691465342000,"category":"CLIENT"},{"quickAction":[{"queryId":135,"queryKey":"GET_OFFENDER_BOOKING_DETAILS","queryText":"SELECT \n    ob.booking_no,\n    ob.booking_begin_date,\n    ob.booking_status,\n   CASE\n        WHEN ob.agy_loc_id IS NOT NULL THEN ob.agy_loc_id\n         ELSE ob.intake_agy_loc_id\n    END AS agy_loc_id,\n    CASE\n        WHEN ob.agy_loc_id IS NOT NULL THEN al.description\n        ELSE (SELECT al.description FROM agency_locations al WHERE al.agy_loc_id = ob.intake_agy_loc_id)\n    END AS agy_loc_id_desc,\n    ob.living_unit_id\nFROM \n    offender_bookings ob\nLEFT JOIN\n    agency_locations al ON ob.agy_loc_id = al.agy_loc_id\nWHERE\n    ob.offender_book_id = :offenderBookId","queryDesc":"Get Offender Booking Details","category":"CLIENT"}],"actionParams":[{"createUserId":"OMS_OWNER","parameterId":168,"queryKey":"GET_OFFENDER_BOOKING_DETAILS","parameterCode":"offenderBookId","parameterDescription":"Offender Book Id","parameterType":"Number","createDatetime":1667552675293,"modifyDatetime":1667552675293}],"createUserId":"OMS_OWNER","apiId":"GET_OFFENDER_BOOKING_DETAILS","apiDescription":"Get Offender Booking Details","queryKey":"GET_OFFENDER_BOOKING_DETAILS","url":"Elite2Web/api/cmdaction/executeSelectQuery","queryId":0,"createDatetime":1667552719000,"modifyDatetime":1667552719000,"category":"CLIENT"},{"quickAction":[{"queryId":42,"queryKey":"GET_OFFENDER_DETAILS","queryText":"SELECT \n    vo.offender_book_id,\n    vo.offender_id,\n    vo.offender_id_display,\n    vo.first_name,\n    vo.last_name,\n    vo.middle_name,\n    vo.birth_date,\n    ref_code.description sex_code,\n   to_char(vo.birth_date,'DD/MM/YYYYY') as dob,\n  (select description from agency_locations al where agy_loc_id= vo.agy_loc_id ) as facility\nFROM \n    v_offenders vo,\n    reference_codes ref_code\nwhere\n    ref_code.domain = 'SEX' and \n \tref_code.code= vo.sex_code and\n    vo.offender_book_id = :offenderBookId","queryDesc":"Get Offender Details","category":"CLIENT"}],"actionParams":[{"createUserId":"OMS_OWNER","parameterId":46,"queryKey":"GET_OFFENDER_DETAILS","parameterCode":"offenderBookId","parameterDescription":"Offender Book Id","parameterType":"Number","createDatetime":1662705229751,"modifyDatetime":1662705229751}],"createUserId":"OMS_OWNER","apiId":"GET_OFFENDER_DETAILS","apiDescription":"Get Offender Details","queryKey":"GET_OFFENDER_DETAILS","url":"Elite2Web/api/cmdaction/executeSelectQuery","queryId":0,"createDatetime":1662705289000,"modifyDatetime":1662705289000,"category":"CLIENT"}]