[{"quickAction":[{"queryId":20,"queryKey":"GET_OFFENDER_SCHEDULES","queryText":"select EVENT_ID, OFFENDER_BOOK_ID, EVENT_DATE, START_TIME, EVENT_SUB_TYPE, OFFENDER_FIRST_NAME, DESCRIPTION, EMAIL_SCH_ENABLE, SMS_SCH_ENABLE from ( select ( select row_number() over( order by A.EVENT_ID) ) RN, A.EVENT_ID, A.OFFENDER_BOOK_ID, A.EVENT_DATE, A.START_TIME, A.EVENT_SUB_TYPE, ( select O.FIRST_NAME from OFFENDERS O , OFFENDER_BOOKINGS OB where O.OFFENDER_ID = OB.OFFENDER_ID and OB.OFFENDER_BOOK_ID = A.OFFENDER_BOOK_ID) as OFFENDER_FIRST_NAME, ( select AGENCY_LOCATIONS.DESCRIPTION from AGENCY_LOCATIONS where AGENCY_LOCATIONS.AGY_LOC_ID = A.TO_AGY_LOC_ID ) as DESCRIPTION, ( case when A.SCHEDULED_EMAIL_HOUR is null then 'N' when A.SCHEDULED_EMAIL_HOUR <= SYSDATE() then 'Y' else 'N' end ) as EMAIL_SCH_ENABLE, ( case when A.SCHEDULED_SMS_HOUR is null then 'N' when A.SCHEDULED_SMS_HOUR <= SYSDATE() then 'Y' else 'N' end ) as SMS_SCH_ENABLE from ( select ( case when OIS.EMAIL_FLAG = 'Y' and OIS.EMAIL_SENT_FLAG = 'N' then ( select ( OIS.START_TIME - (OIS.EMAIL_SCHEDULE_HOURS_BEFORE || ' HOURS')::interval ) from DUAL ) else null end ) as SCHEDULED_EMAIL_HOUR, ( case when OIS.SMS_FLAG = 'Y' and OIS.SMS_SENT_FLAG = 'N' then ( select ( OIS.START_TIME - (OIS.SMS_SCHEDULE_HOURS_BEFORE || ' HOURS')::interval ) from DUAL ) else null end ) as SCHEDULED_SMS_HOUR, OIS.* from OFFENDER_IND_SCHEDULES OIS where EVENT_STATUS = 'SCH' and OIS.EMAIL_FLAG in ( 'Y', 'N' ) and OIS.SMS_FLAG in ( 'Y', 'N' ) and TO_CHAR(OIS.EVENT_DATE, 'YYYY-MM-DD 00:00:00.000')::DATE >= TO_CHAR(SYSDATE(), 'YYYY-MM-DD 00:00:00.000')::DATE and TO_CHAR(OIS.START_TIME, 'HH24:MI:SS') > TO_CHAR(SYSDATE(), 'HH24:MI:SS') order by EVENT_DATE asc ) A where ( A.SCHEDULED_EMAIL_HOUR is not null and A.SCHEDULED_EMAIL_HOUR <= SYSDATE() and A.EMAIL_SENT_FLAG = 'N') or (A.SCHEDULED_SMS_HOUR is not null and A.SCHEDULED_SMS_HOUR <= SYSDATE() and A.SMS_SENT_FLAG = 'N') ) as H where RN <= 10","queryDesc":"Offender Schedules","category":"PRODUCT"}],"actionParams":[],"createUserId":"OMS_OWNER","apiId":"GET_OFFENDER_SCHEDULES","apiDescription":"Get Active Offender Schedules","queryKey":"GET_OFFENDER_SCHEDULES","url":"Elite2Web/api/cmdaction/executeSelectQuery","queryId":0,"createDatetime":1658494439000,"modifyDatetime":1691388612000,"modifyUserId":"YOGENDRANATH","category":"PRODUCT"}]