[{"quickAction":[{"queryId":353,"queryKey":"GET_OFFENDERS_DEATH_DATE","queryText":"select \n\tcase\n\t\twhen ob.agy_loc_id is not null then(\n\t\tselect\n\t\t\toem.movement_date\n\t\tfrom\n\t\t\toffender_external_movements oem\n\t\twhere\n\t\t\toem.offender_book_id = :offenderBookId\n\t\t\tand oem.movement_type = 'REL'\n\t\t\tand oem.movement_reason_code in ('DEATH', 'DECEASED')\n\t\t\tand movement_seq = (\n\t\t\tselect\n\t\t\t\tmax(oem1.movement_seq)\n\t\t\tfrom\n\t\t\t\toffender_external_movements oem1\n\t\t\twhere\n\t\t\t\toem1.offender_book_id = :offenderBookId))\n\t\telse (\n\t\tselect\n\t\t\tobe.event_date\n\t\tfrom\n\t\t\toffender_booking_events obe\n\t\twhere\n\t\t\tobe.offender_book_id = :offenderBookId\n\t\t\tand obe.reason_code = 'DEATH'\n\t\t\tand obe.booking_event_code = 'CAC'\n\t\t\tand obe.event_seq = (\n\t\t\tselect\n\t\t\t\tmax(obe1.event_seq)\n\t\t\tfrom\n\t\t\t\toffender_booking_events obe1\n\t\t\twhere\n\t\t\t\tobe1.offender_book_id = :offenderBookId)) end as death_date\n\tfrom\n\t\toffender_bookings ob\n\twhere\n\t\toffender_book_id = :offenderBookId","queryDesc":"Get Offenders Death Date","category":"CLIENT"}],"actionParams":[{"createUserId":"OMS_OWNER","parameterId":706,"queryKey":"GET_OFFENDERS_DEATH_DATE","parameterCode":"offenderBookId","parameterDescription":"Offender Book Id","parameterType":"Number","createDatetime":1702259567866,"modifyDatetime":1702259567866}],"createUserId":"OMS_OWNER","apiId":"GET_OFFENDERS_DEATH_DATE","apiDescription":"Get Offenders Death Date","queryKey":"GET_OFFENDERS_DEATH_DATE","url":"Elite2Web/api/cmdaction/executeSelectQuery","queryId":0,"createDatetime":1702259622000,"modifyDatetime":1702259622000,"category":"CLIENT"},{"quickAction":[{"queryId":148,"queryKey":"FORMAT_OFFENDER_DETAILS_ACTION_RESPONSE","queryText":"select 1 from dual","queryDesc":"Format Offender Details Action Response","category":"CLIENT"}],"actionParams":[{"createUserId":"OMS_OWNER","parameterId":199,"queryKey":"FORMAT_OFFENDER_DETAILS_ACTION_RESPONSE","parameterCode":"aliasDetails","parameterDescription":"Alias Details","parameterType":"String","createDatetime":1667777004424,"modifyDatetime":1667777004424,"modifyUserId":"OMS_OWNER"},{"createUserId":"OMS_OWNER","parameterId":200,"queryKey":"FORMAT_OFFENDER_DETAILS_ACTION_RESPONSE","parameterCode":"nameDetails","parameterDescription":"Name Details","parameterType":"String","createDatetime":1667777004424,"modifyDatetime":1667777004424,"modifyUserId":"OMS_OWNER"},{"createUserId":"OMS_OWNER","parameterId":201,"queryKey":"FORMAT_OFFENDER_DETAILS_ACTION_RESPONSE","parameterCode":"offenderBookId","parameterDescription":"Offender Book Id","parameterType":"Number","createDatetime":1667777004424,"modifyDatetime":1667777004424,"modifyUserId":"OMS_OWNER"},{"createUserId":"OMS_OWNER","parameterId":202,"queryKey":"FORMAT_OFFENDER_DETAILS_ACTION_RESPONSE","parameterCode":"residenceDetails","parameterDescription":"Residence Details","parameterType":"String","createDatetime":1667777004424,"modifyDatetime":1667777004424,"modifyUserId":"OMS_OWNER"},{"createUserId":"OMS_OWNER","parameterId":203,"queryKey":"FORMAT_OFFENDER_DETAILS_ACTION_RESPONSE","parameterCode":"specificationKey","parameterDescription":"Specification Key","parameterType":"String","createDatetime":1667777004424,"modifyDatetime":1667777004424,"modifyUserId":"OMS_OWNER"},{"createUserId":"OMS_OWNER","parameterId":204,"queryKey":"FORMAT_OFFENDER_DETAILS_ACTION_RESPONSE","parameterCode":"userDetails","parameterDescription":"User Details","parameterType":"String","createDatetime":1667777004424,"modifyDatetime":1667777004424},{"createUserId":"OMS_OWNER","parameterId":205,"queryKey":"FORMAT_OFFENDER_DETAILS_ACTION_RESPONSE","parameterCode":"wantedDetails","parameterDescription":"Wanted Details","parameterType":"String","createDatetime":1667777004424,"modifyDatetime":1667777004424},{"createUserId":"OMS_OWNER","parameterId":206,"queryKey":"FORMAT_OFFENDER_DETAILS_ACTION_RESPONSE","parameterCode":"warningDetails","parameterDescription":"Warning Details","parameterType":"String","createDatetime":1667777004424,"modifyDatetime":1667777004424},{"createUserId":"OMS_OWNER","parameterId":207,"queryKey":"FORMAT_OFFENDER_DETAILS_ACTION_RESPONSE","parameterCode":"identifierDetails","parameterDescription":"Identifier Details","parameterType":"String","createDatetime":1667777004424,"modifyDatetime":1667777004424},{"createUserId":"OMS_OWNER","parameterId":208,"queryKey":"FORMAT_OFFENDER_DETAILS_ACTION_RESPONSE","parameterCode":"occupation","parameterDescription":"Occupation","parameterType":"String","createDatetime":1667777004424,"modifyDatetime":1667777004424},{"createUserId":"OMS_OWNER","parameterId":217,"queryKey":"FORMAT_OFFENDER_DETAILS_ACTION_RESPONSE","parameterCode":"correlationId","parameterDescription":"Correlation Id","parameterType":"String","createDatetime":1669691866591,"modifyDatetime":1669691866591},{"createUserId":"OMS_OWNER","parameterId":518,"queryKey":"FORMAT_OFFENDER_DETAILS_ACTION_RESPONSE","parameterCode":"bookingDetails","parameterDescription":"Booking Details","parameterType":"String","createDatetime":1692345159303,"modifyDatetime":1692345159303},{"createUserId":"OMS_OWNER","parameterId":530,"queryKey":"FORMAT_OFFENDER_DETAILS_ACTION_RESPONSE","parameterCode":"identifier","parameterDescription":"Pin","parameterType":"String","createDatetime":1693179223370,"modifyDatetime":1693179223370},{"createUserId":"OMS_OWNER","parameterId":707,"queryKey":"FORMAT_OFFENDER_DETAILS_ACTION_RESPONSE","parameterCode":"deathDetails","parameterDescription":"Death Details","parameterType":"String","createDatetime":1702260241105,"modifyDatetime":1702260241105}],"createUserId":"OMS_OWNER","apiId":"FORMAT_OFFENDER_DETAILS_ACTION_RESPONSE","apiDescription":"Format Offender Details Action Response","queryKey":"FORMAT_OFFENDER_DETAILS_ACTION_RESPONSE","url":"Elite2Web/api/serviceBusController/convertJson","queryId":0,"createDatetime":1667777004000,"modifyDatetime":1667777004000,"category":"CLIENT"}]