[{"quickAction":[{"queryId":99,"queryKey":"SAVE_EXTERNAL_ACCOUNT_BALANCE","queryText":"SELECT 1 FROM DUEL","queryDesc":"Save Offender External Account Balance","category":"CLIENT"}],"actionParams":[{"createUserId":"DEV_ANWESH","parameterId":123,"queryKey":"SAVE_EXTERNAL_ACCOUNT_BALANCE","parameterCode":"accountsData","parameterDescription":"accountsData","parameterType":"String","createDatetime":1666018683962,"modifyDatetime":1666018683962}],"createUserId":"DEV_ANWESH","apiId":"SAVE_EXTERNAL_ACCOUNT_BALANCE","apiDescription":"Save Offender External Account Balance","queryKey":"SAVE_EXTERNAL_ACCOUNT_BALANCE","url":"Elite2Web/api/Oiiobalx/MaintainOffenderExternalBalance","queryId":0,"createDatetime":1666031405000,"modifyDatetime":1666031405000},{"quickAction":[{"queryId":98,"queryKey":"EXTERNAL_BAL_REQ_FORMATTER","queryText":"SELECT 1 FROM DUAL","queryDesc":"External Account Balance Request Formatter","category":"CLIENT"}],"actionParams":[{"createUserId":"DEV_ANWESH","parameterId":121,"queryKey":"EXTERNAL_BAL_REQ_FORMATTER","parameterCode":"inputData","parameterDescription":"inputData","parameterType":"String","createDatetime":1666018450714,"modifyDatetime":1666018450714},{"createUserId":"DEV_ANWESH","parameterId":122,"queryKey":"EXTERNAL_BAL_REQ_FORMATTER","parameterCode":"specificationKey","parameterDescription":"specificationKey","parameterType":"String","createDatetime":1666018450714,"modifyDatetime":1666018450714}],"createUserId":"DEV_ANWESH","apiId":"EXTERNAL_BAL_REQ_FORMATTER","apiDescription":"External Account Balance Request Formatter","queryKey":"EXTERNAL_BAL_REQ_FORMATTER","url":"Elite2Web/api/serviceBusController/convertJson","queryId":0,"createDatetime":1666031348000,"modifyDatetime":1666031373000,"modifyUserId":"DEV_ANWESH"}]