[{"quickAction":[{"queryId":536,"queryKey":"GET_SUPER_LEVEL_TYPE_DESCRIPTION","queryText":"select description as supLvlTypeDesc from reference_codes rc where domain = 'SUP_LVL_TYPE' and code = :supLvlType","queryDesc":"Get Super Level Type Description","category":"CLIENT"}],"actionParams":[{"createUserId":"OMS_OWNER","parameterId":1980,"queryKey":"GET_SUPER_LEVEL_TYPE_DESCRIPTION","parameterCode":"supLvlType","parameterDescription":"Super Level Type","parameterType":"String","createDatetime":1705563317491}],"createUserId":"OMS_OWNER","apiId":"GET_SUPER_LEVEL_TYPE_DESCRIPTION","apiDescription":"Get Super Level Type Description","queryKey":"GET_SUPER_LEVEL_TYPE_DESCRIPTION","url":"Elite2Web/api/cmdaction/executeSelectQuery","queryId":0,"createDatetime":1705563317000,"category":"CLIENT"},{"quickAction":[{"queryId":187,"queryKey":"GET_OFFENDER_DETAILS","queryText":"select\n\tvo.offender_book_id,\n\tvo.offender_id,\n\tvo.offender_id_display,\n\tvo.first_name,\n\tvo.last_name,\n\tvo.middle_name,\n\tvo.birth_date,\n\to.second_middle_name,\n\tref_code.description sex_code,\n\tto_char(vo.birth_date, 'DD/MM/YYYY') as dob,\n\tvo.agy_loc_id,\n\t(select description from agency_locations al where agy_loc_id = vo.agy_loc_id ) as facility,\n\t(select description from agency_locations al where agy_loc_id = vhb.intake_agy_loc_id ) as comm_facility,\n\tcase when vo.agy_loc_id is null then (select description from agency_locations al where agy_loc_id = vhb.intake_agy_loc_id )\n\telse (select description from agency_locations al where agy_loc_id = vo.agy_loc_id) end location\nfrom\n\tv_offenders vo,\n\treference_codes ref_code,\n\tv_header_block vhb,\n\toffenders o\nwhere\n\tref_code.domain = 'SEX'\n\tand ref_code.code = vo.sex_code\n\tand o.offender_id = vo.offender_id\n\tand vhb.offender_book_id = vo.offender_book_id\n\tand vo.offender_book_id = :offenderBookId","queryDesc":"Get Offender Details","category":"CLIENT"}],"actionParams":[{"createUserId":"OMS_OWNER","parameterId":1982,"queryKey":"GET_OFFENDER_DETAILS","parameterCode":"offenderBookId","parameterDescription":"Offender Book Id","parameterType":"Number","createDatetime":1705563317491}],"createUserId":"OMS_OWNER","apiId":"GET_OFFENDER_DETAILS","apiDescription":"Get Offender Details","queryKey":"GET_OFFENDER_DETAILS","url":"Elite2Web/api/cmdaction/executeSelectQuery","queryId":0,"createDatetime":1661260547000,"modifyDatetime":1705563317000,"modifyUserId":"OMS_OWNER","category":"CLIENT"},{"quickAction":[{"queryId":481,"queryKey":"GET_TEAM_MAIL_ID","queryText":"select\n\tSTRING_AGG(distinct (at1.team_email), ',') as team_email\nfrom\n\tautomation_teams at1,\n\tteam_functions tf\nwhere\n\ttf.function_type = :function\n\tand at1.team_id = tf.team_id\n\tand at1.team_email is not null\n    and trim(at1.team_email)  <> ''","queryDesc":"Get Team Mail Id","category":"CLIENT"}],"actionParams":[{"createUserId":"OMS_OWNER","parameterId":1981,"queryKey":"GET_TEAM_MAIL_ID","parameterCode":"function","parameterDescription":"Function","parameterType":"String","createDatetime":1705563317491}],"createUserId":"OMS_OWNER","apiId":"GET_TEAM_MAIL_ID","apiDescription":"Get Team Mail Id","queryKey":"GET_TEAM_MAIL_ID","url":"Elite2Web/api/cmdaction/executeSelectQuery","queryId":0,"createDatetime":1699435277000,"modifyDatetime":1705563317000,"modifyUserId":"OMS_OWNER","category":"CLIENT"}]