[{"quickAction":[{"queryId":525,"queryKey":"GET_DESCRIPTION_DATE","queryText":"select to_char(max(modify_datetime), 'YYYY-MM-DD\"T\"HH24:MI:SS')  as description_date\nfrom (\n    select modify_datetime from offenders where race_code is not null and offender_id= (select offender_id from offender_bookings ob where offender_book_id = :offenderBookId)\n    union\n    select case when opd.modify_datetime is null then opd.create_datetime else opd.modify_datetime end modify_datetime from offender_profile_details opd where offender_book_id = :offenderBookId and profile_type = 'BUILD' and profile_code is not null and profile_code != '' and profile_seq = (select max(profile_seq) from offender_profile_details where offender_book_id = :offenderBookId and profile_type = 'BUILD' and profile_code is not null and profile_code != '')\t\n    union\n    select case when opa.modify_datetime is null then opa.create_datetime else opa.modify_datetime end modify_datetime  from offender_physical_attributes opa where offender_book_id = :offenderBookId\n) as combined_results","queryDesc":"Get Description Date","category":"CLIENT"}],"actionParams":[{"createUserId":"OMS_OWNER","parameterId":1848,"queryKey":"GET_DESCRIPTION_DATE","parameterCode":"offenderBookId","parameterDescription":"Offender Book Id","parameterType":"Number","createDatetime":1703134122109,"modifyDatetime":1703134122109}],"createUserId":"OMS_OWNER","apiId":"GET_DESCRIPTION_DATE","apiDescription":"Get Description Date","queryKey":"GET_DESCRIPTION_DATE","url":"Elite2Web/api/cmdaction/executeSelectQuery","queryId":0,"createDatetime":1703134122000,"modifyDatetime":1703134122000,"category":"CLIENT"}]