[{"quickAction":[{"queryId":229,"queryKey":"UPDATE_BILL_STATUS","queryText":"update OFF_FEE_BILL_transactions set bill_status = :bill_status,BILL_AGING_START_DATE=date_trunc('day',TO_TIMESTAMP(replace(:bill_aging_start_date::text,'T',''), 'yyyy-mm-dd HH24:MI:SS')),BILL_AGING_END_DATE=date_trunc('day',TO_TIMESTAMP(replace(:bill_aging_end_date::text,'T',''), 'yyyy-mm-dd HH24:MI:SS'))\nwhere BILL_ID = :bill_id and BILL_TXN_NO = :bill_txn_no","queryDesc":"Update Bill Status","category":"PRODUCT"}],"actionParams":[{"createUserId":"OMS_OWNER","parameterId":391,"queryKey":"UPDATE_BILL_STATUS","parameterCode":"feeObject","parameterDescription":"feeObject","parameterType":"String","createDatetime":1684847287738,"modifyDatetime":1684847287738}],"createUserId":"OMS_OWNER","apiId":"UPDATE_BILL_STATUS","apiDescription":"Update Bill Status","queryKey":"UPDATE_BILL_STATUS","url":"Elite2Web/api/cmdaction/batchUpdateQuery","queryId":0,"createDatetime":1684847406000,"modifyDatetime":1684847406000,"category":"PRODUCT"},{"quickAction":[{"queryId":228,"queryKey":"GET_BILL_AGING_DATA","queryText":"SELECT EXISTING_BILL_STATUS,BILL_STATUS,BILL_ID,BILL_TXN_NO,BILL_TXN_AMOUNT,BILL_AR_START_DATE,\nbill_ar_due_date,BILL_LDPP_START_DATE,BILL_LDPP_END_DATE,BAS,BAE,TXN_STATEMENT_GENERATED_FLAG,\ncase when BILL_STATUS ='PAID' THEN BAS\n     when BILL_STATUS ='AR' THEN BILL_AR_START_DATE\n     when BILL_STATUS ='LD_PP' THEN BILL_LDPP_START_DATE\n      when BILL_STATUS ='LD_EXI' THEN BILL_LDPP_END_DATE+1\nEND BILL_AGING_START_DATE,\ncase when BILL_STATUS ='PAID' THEN BAE\n     when BILL_STATUS ='AR' THEN bill_ar_due_date\n     when BILL_STATUS ='LD_PP' THEN BILL_LDPP_END_DATE\n      when BILL_STATUS ='LD_EXI' THEN NULL\nEND BILL_AGING_END_DATE\nFROM(\nselect OFBT.BILL_ID,OFBT.BILL_TXN_NO,OFB.BILL_AR_START_DATE,ofbt.TXN_STATEMENT_GENERATED_FLAG,\nOFB.bill_ar_due_date,OFB.BILL_LDPP_START_DATE,OFB.BILL_LDPP_END_DATE,\nOFBT.BILL_STATUS EXISTING_BILL_STATUS,\nCASE WHEN OFBT.BILL_TXN_AMOUNT = 0 THEN 'PAID'\nWHEN OFB.BILL_LDPP_END_DATE < current_date THEN 'LD_EXI'\nWHEN OFB.BILL_AR_DUE_DATE < current_date THEN 'LD_PP'\nELSE 'AR'\nEND BILL_STATUS,OFBT.BILL_TXN_AMOUNT,BILL_AGING_START_DATE BAS, BILL_AGING_END_DATE BAE\nfrom OFF_FEE_BILL_transactions ofbt,OFF_FEE_BILLS OFB WHERE OFBT.BILL_ID = OFB.BILL_ID\nand (OFB.back_bill = 'Y' or ofb.STATEMENT_GENERATED_FLAG = 'Y')\nand ofbt.BILL_TXN_NO = (select max(BILL_TXN_NO) from OFF_FEE_BILL_transactions where BILL_ID = OFB.BILL_ID )\nORDER BY OFBT.BILL_ID desc,OFBT.BILL_TXN_NO\n) offFeeBillTran\nWHERE BILL_STATUS != EXISTING_BILL_STATUS and BILL_STATUS != 'AR' AND EXISTING_BILL_STATUS != 'PAID' order by bill_id desc","queryDesc":"Bill Aging Data","category":"PRODUCT"}],"actionParams":[],"createUserId":"OMS_OWNER","apiId":"GET_BILL_AGING_DATA","apiDescription":"Bill Aging Data","queryKey":"GET_BILL_AGING_DATA","url":"Elite2Web/api/cmdaction/executeSelectQuery","queryId":0,"createDatetime":1684847370000,"modifyDatetime":1684847370000,"category":"PRODUCT"}]