[{"quickAction":[{"queryId":135,"queryKey":"GET_OFFENDER_BOOKING_DETAILS","queryText":"select\n\t*\nfrom\n\t(\nSELECT \n\tob.offender_book_id,\n    ob.booking_no,\n    ob.booking_begin_date,\n    ois.imprisonment_status booking_status,\n    ois.dateOfDeath,\n   CASE\n        WHEN ob.agy_loc_id IS NOT NULL THEN ob.agy_loc_id\n         ELSE ob.intake_agy_loc_id\n    END AS agy_loc_id,\n    CASE\n        WHEN ob.agy_loc_id IS NOT NULL THEN al.description\n        ELSE (SELECT al.description FROM agency_locations al WHERE al.agy_loc_id = ob.intake_agy_loc_id)\n    END AS agy_loc_id_desc,\n    ob.living_unit_id\nFROM \n    offender_bookings ob\nLEFT JOIN\n    agency_locations al ON ob.agy_loc_id = al.agy_loc_id\nleft join \n\t(select\n\t\t\tA.offender_book_id,\n\t\t\tA.imprisonment_status,\n\t\t\tCASE\n        \t\tWHEN A.imprisonment_status = 'DT' THEN A.effective_date\n        \t\tELSE null\n    \t\tEND AS dateOfDeath\n\t\tfrom\n\t\t\t(\n\t\t\tselect\n\t\t\t\tmax(imprison_status_seq)max_iss_seq,\n\t\t\t\toffender_book_id\n\t\t\tfrom\n\t\t\t\toffender_imprison_statuses ois\n\t\t\tgroup by\n\t\t\t\toffender_book_id)B,\n\t\t\toffender_imprison_statuses A\n\t\twhere\n\t\t\tA.imprison_status_seq = B.max_iss_seq\n\t\t\tand A.offender_book_id = B.offender_book_id)ois on ois.offender_book_id = ob.offender_book_id) A\nWHERE\n    offender_book_id = :offenderBookId","queryDesc":"Get Offender Booking Details","category":"CLIENT"}],"actionParams":[{"createUserId":"OMS_OWNER","parameterId":168,"queryKey":"GET_OFFENDER_BOOKING_DETAILS","parameterCode":"offenderBookId","parameterDescription":"Offender Book Id","parameterType":"Number","createDatetime":1667552675293,"modifyDatetime":1667552675293}],"createUserId":"OMS_OWNER","apiId":"GET_OFFENDER_BOOKING_DETAILS","apiDescription":"Get Offender Booking Details","queryKey":"GET_OFFENDER_BOOKING_DETAILS","url":"Elite2Web/api/cmdaction/executeSelectQuery","queryId":0,"createDatetime":1667552719000,"modifyDatetime":1667552719000,"category":"CLIENT"},{"quickAction":[{"queryId":129,"queryKey":"GET_BULK_OFFENDER_HOUSING","queryText":"select\n\tassignment_time,\n\tassignment_end_time,\n\tbed_assign_seq,\n\toffender_book_id,\n\t(\n\tselect\n\t\tal.agy_loc_id \n\tfrom\n\t\tliving_units lu,\n\t\tagency_locations al\n\twhere\n\t\tal.agy_loc_id = lu.agy_loc_id and\n\t\tlu.living_unit_id = A.living_unit_id) agy_loc_id,\n\t(\n\tselect\n\t\tal.description agy_loc_id\n\tfrom\n\t\tliving_units lu,\n\t\tagency_locations al\n\twhere\n\t\tal.agy_loc_id = lu.agy_loc_id and\n\t\tlu.living_unit_id = A.living_unit_id) agy_loc_id_desc,\n\t(\n\tselect\n\t\tlevel_1_code\n\tfrom\n\t\tliving_units lu\n\twhere\n\t\tlu.living_unit_id = A.living_unit_id) housing_lev_1_code,\n\t(\n\tselect\n\t\tlevel_2_code\n\tfrom\n\t\tliving_units lu\n\twhere\n\t\tlu.living_unit_id = A.living_unit_id) housing_lev_2_code,\n\t(\n\tselect\n\t\tlevel_3_code\n\tfrom\n\t\tliving_units lu\n\twhere\n\t\tlu.living_unit_id = A.living_unit_id) housing_lev_3_code\nfrom\n\t(\n\tselect\n\t\tassignment_time,\n\t\tassignment_end_time,\n\t\tbed_assign_seq,\n\t\toffender_book_id,\n\t\tliving_unit_id\n\tfrom\n\t\t(\n\t\tselect\n\t\t\tbah.assignment_time,\n\t\t\tbah.assignment_end_time,\n\t\t\tbah.bed_assign_seq,\n\t\t\tvo.offender_book_id,\n\t\t\tbah.living_unit_id\n\t\tfrom\n\t\t\tv_offenders vo\n\t\tleft outer join (\n\t\t\tselect\n\t\t\t\tbah.assignment_time,\n\t\t\tbah.assignment_end_time,\n\t\t\tbah.bed_assign_seq,\n\t\t\tbah.offender_book_id,\n\t\t\tbah.living_unit_id\n\t\t\tfrom\n\t\t\t\tbed_assignment_histories bah\n\t\t\twhere\n\t\t\t\tbed_assign_seq =(\n\t\t\t\tselect\n\t\t\t\t\tmax(bed_assign_seq)\n\t\t\t\tfrom\n\t\t\t\t\tbed_assignment_histories bah1\n\t\t\t\twhere\n\t\t\t\t\tbah.offender_book_id = bah1.offender_book_id))bah on\n\t\t\tvo.offender_book_id = bah.offender_book_id)A\n\twhere\n\t\tA.offender_book_id in (:offenderBookIds))A\n\torder by offender_book_id","queryDesc":"Get Bulk Offender Housing","category":"CLIENT"}],"actionParams":[{"createUserId":"OMS_OWNER","parameterId":164,"queryKey":"GET_BULK_OFFENDER_HOUSING","parameterCode":"offenderBookIds","parameterDescription":"Offender Book Ids","parameterType":"List","createDatetime":1667549104246,"modifyDatetime":1667549104246}],"createUserId":"OMS_OWNER","apiId":"GET_BULK_OFFENDER_HOUSING","apiDescription":"Get Bulk Offender Housing","queryKey":"GET_BULK_OFFENDER_HOUSING","url":"Elite2Web/api/cmdaction/executeSelectQuery","queryId":0,"createDatetime":1667549137000,"modifyDatetime":1667549137000,"category":"CLIENT"}]