[{"quickAction":[{"queryId":29,"queryKey":"GET_MESSAGE_ID","queryText":"select nextval('EXTERNAL_MESSAGE_ID')::text messageId from dual","queryDesc":"Get Message Id","category":"CLIENT"}],"actionParams":[],"createUserId":"OMS_OWNER","apiId":"GET_MESSAGE_ID","apiDescription":"Get Message Id","queryKey":"GET_MESSAGE_ID","url":"Elite2Web/api/cmdaction/executeSelectQuery","queryId":0,"createDatetime":1662368771000,"modifyDatetime":1692761011000,"modifyUserId":"OMS_OWNER","category":"CLIENT"},{"quickAction":[{"queryId":275,"queryKey":"INSERT_POLICE_WARNINGS","queryText":"insert\n\tinto\n\toffender_alerts(alert_date,\n\toffender_book_id,\n\troot_offender_id,\n\talert_seq,\n\talert_type,\n\talert_code,\n\tcreate_date,\n\talert_status,\n\tverified_flag,\n\texpiry_date,\n\tmodify_datetime,\n\tcaseload_type,\n\tcreate_datetime,\n\tcreate_user_id)\nvalues( case when :alertdate = '' then current_timestamp else TO_TIMESTAMP(:alertdate, 'YYYY-MM-DD\"T\"HH24:MI:SS') end,\n:offenderbookid::bigint,\n(select root_offender_id  from offender_bookings where offender_book_id = :offenderbookid::bigint),\n(select coalesce(max(alert_seq),0) + 1  from   offender_alerts  where  offender_book_id = :offenderbookid::bigint),\n:alerttype,\n:alertcode,\ncurrent_timestamp,\n:alertstatus,\n:verifiedflag,\ncase when :expirydate = '' then null else TO_TIMESTAMP(:expirydate, 'YYYY-MM-DD\"T\"HH24:MI:SS') end,\ncurrent_timestamp,\n:caseloadtype,\ncurrent_timestamp,\n:createuserid)","queryDesc":"Insert Police Warnings","category":"CLIENT"}],"actionParams":[{"createUserId":"OMS_OWNER","parameterId":476,"queryKey":"INSERT_POLICE_WARNINGS","parameterCode":"alertdate","parameterDescription":"Alert Date","parameterType":"String","createDatetime":1690186588835,"modifyDatetime":1690186588835},{"createUserId":"OMS_OWNER","parameterId":477,"queryKey":"INSERT_POLICE_WARNINGS","parameterCode":"offenderbookid","parameterDescription":"Offender Book Id","parameterType":"Number","createDatetime":1690186588835,"modifyDatetime":1690186588835},{"createUserId":"OMS_OWNER","parameterId":480,"queryKey":"INSERT_POLICE_WARNINGS","parameterCode":"alerttype","parameterDescription":"Alert Type","parameterType":"String","createDatetime":1690186588835,"modifyDatetime":1690186588835},{"createUserId":"OMS_OWNER","parameterId":481,"queryKey":"INSERT_POLICE_WARNINGS","parameterCode":"alertcode","parameterDescription":"Alert Code","parameterType":"String","createDatetime":1690186588835,"modifyDatetime":1690186588835},{"createUserId":"OMS_OWNER","parameterId":482,"queryKey":"INSERT_POLICE_WARNINGS","parameterCode":"alertstatus","parameterDescription":"Alert Status","parameterType":"String","createDatetime":1690186588835,"modifyDatetime":1690186588835},{"createUserId":"OMS_OWNER","parameterId":483,"queryKey":"INSERT_POLICE_WARNINGS","parameterCode":"verifiedflag","parameterDescription":"Verified Flag","parameterType":"String","createDatetime":1690186588835,"modifyDatetime":1690186588835},{"createUserId":"OMS_OWNER","parameterId":484,"queryKey":"INSERT_POLICE_WARNINGS","parameterCode":"expirydate","parameterDescription":"Expiry Date","parameterType":"String","createDatetime":1690186588835,"modifyDatetime":1690186588835},{"createUserId":"OMS_OWNER","parameterId":485,"queryKey":"INSERT_POLICE_WARNINGS","parameterCode":"caseloadtype","parameterDescription":"Case Load Type","parameterType":"String","createDatetime":1690186588835,"modifyDatetime":1690186588835},{"createUserId":"OMS_OWNER","parameterId":486,"queryKey":"INSERT_POLICE_WARNINGS","parameterCode":"createuserid","parameterDescription":"Create User Id","parameterType":"String","createDatetime":1690186588835,"modifyDatetime":1690186588835}],"createUserId":"OMS_OWNER","apiId":"INSERT_POLICE_WARNINGS","apiDescription":"Insert Police Warnings","queryKey":"INSERT_POLICE_WARNINGS","url":"Elite2Web/api/cmdaction/executeUpdateQuery","queryId":0,"createDatetime":1690186638000,"modifyDatetime":1690186638000,"category":"CLIENT"},{"quickAction":[{"queryId":274,"queryKey":"UPDATE_POLICE_WARNINGS_EXPIRY_DATE","queryText":"update\n\toffender_alerts\nset\n\texpiry_date = TO_TIMESTAMP(:expiryDate, 'YYYY-MM-DD\"T\"HH24:MI:SS'),\n\tmodify_user_id = :userId,\n\tmodify_datetime = current_timestamp \nwhere\n\toffender_book_id = :offenderBookId::bigint\n\tand alert_code = :alertCode\n\tand alert_type = :alertType","queryDesc":"Update Police Warnings Expiry Date","category":"CLIENT"}],"actionParams":[{"createUserId":"OMS_OWNER","parameterId":471,"queryKey":"UPDATE_POLICE_WARNINGS_EXPIRY_DATE","parameterCode":"expiryDate","parameterDescription":"Expiry Date","parameterType":"String","createDatetime":1690185384470,"modifyDatetime":1690185384470},{"createUserId":"OMS_OWNER","parameterId":472,"queryKey":"UPDATE_POLICE_WARNINGS_EXPIRY_DATE","parameterCode":"userId","parameterDescription":"User Id","parameterType":"String","createDatetime":1690185384470,"modifyDatetime":1690185384470},{"createUserId":"OMS_OWNER","parameterId":473,"queryKey":"UPDATE_POLICE_WARNINGS_EXPIRY_DATE","parameterCode":"offenderBookId","parameterDescription":"Offender Book Id","parameterType":"Number","createDatetime":1690185384470,"modifyDatetime":1690185384470},{"createUserId":"OMS_OWNER","parameterId":474,"queryKey":"UPDATE_POLICE_WARNINGS_EXPIRY_DATE","parameterCode":"alertCode","parameterDescription":"Alert Code","parameterType":"String","createDatetime":1690185384470,"modifyDatetime":1690185384470},{"createUserId":"OMS_OWNER","parameterId":475,"queryKey":"UPDATE_POLICE_WARNINGS_EXPIRY_DATE","parameterCode":"alertType","parameterDescription":"Alert Type","parameterType":"String","createDatetime":1690185384470,"modifyDatetime":1690185384470}],"createUserId":"OMS_OWNER","apiId":"UPDATE_POLICE_WARNINGS_EXPIRY_DATE","apiDescription":"Update Police Warnings Expiry Date","queryKey":"UPDATE_POLICE_WARNINGS_EXPIRY_DATE","url":"Elite2Web/api/cmdaction/executeUpdateQuery","queryId":0,"createDatetime":1690185442000,"modifyDatetime":1690185442000,"category":"CLIENT"},{"quickAction":[{"queryId":273,"queryKey":"GET_POLICE_WARNINGS_DETAILS","queryText":"select offender_book_id, alert_type, alert_code, alert_seq, root_offender_id, alert_date, alert_status, expiry_date, caseload_type from offender_alerts oa where offender_book_id = :offenderBookId and alert_type = :alertType and alert_code = :alertCode","queryDesc":"Get Police Warnings Details","category":"CLIENT"}],"actionParams":[{"createUserId":"OMS_OWNER","parameterId":468,"queryKey":"GET_POLICE_WARNINGS_DETAILS","parameterCode":"offenderBookId","parameterDescription":"Offender Book Id","parameterType":"Number","createDatetime":1690171395024,"modifyDatetime":1690171395024},{"createUserId":"OMS_OWNER","parameterId":469,"queryKey":"GET_POLICE_WARNINGS_DETAILS","parameterCode":"alertType","parameterDescription":"Alert Type","parameterType":"String","createDatetime":1690171395024,"modifyDatetime":1690171395024},{"createUserId":"OMS_OWNER","parameterId":470,"queryKey":"GET_POLICE_WARNINGS_DETAILS","parameterCode":"alertCode","parameterDescription":"Alert Code","parameterType":"String","createDatetime":1690171395024,"modifyDatetime":1690171395024}],"createUserId":"OMS_OWNER","apiId":"GET_POLICE_WARNINGS_DETAILS","apiDescription":"Get Police Warnings Details","queryKey":"GET_POLICE_WARNINGS_DETAILS","url":"Elite2Web/api/cmdaction/executeSelectQuery","queryId":0,"createDatetime":1690171428000,"modifyDatetime":1690171428000,"category":"CLIENT"},{"quickAction":[{"queryId":272,"queryKey":"GET_DISPLAY_ID_FOR_OFF_BOOK_ID","queryText":"select offender_id_display  from V_offenders where offender_book_id = :offenderBookId","queryDesc":"Get Display Id for Off Book Id","category":"CLIENT"}],"actionParams":[{"createUserId":"OMS_OWNER","parameterId":467,"queryKey":"GET_DISPLAY_ID_FOR_OFF_BOOK_ID","parameterCode":"offenderBookId","parameterDescription":"Offender Book Id","parameterType":"Number","createDatetime":1689832701417,"modifyDatetime":1689832701417}],"createUserId":"OMS_OWNER","apiId":"GET_DISPLAY_ID_FOR_OFF_BOOK_ID","apiDescription":"Get Display Id for Off Book Id","queryKey":"GET_DISPLAY_ID_FOR_OFF_BOOK_ID","url":"Elite2Web/api/cmdaction/executeSelectQuery","queryId":0,"createDatetime":1689832745000,"modifyDatetime":1689832745000,"category":"CLIENT"},{"quickAction":[{"queryId":271,"queryKey":"FORMAT_POLICE_WARNINGS_REQUEST","queryText":"Select 1 from Dual","queryDesc":"Format Police Warnings Request","category":"CLIENT"}],"actionParams":[{"createUserId":"OMS_OWNER","parameterId":463,"queryKey":"FORMAT_POLICE_WARNINGS_REQUEST","parameterCode":"pin","parameterDescription":"Pin","parameterType":"String","createDatetime":1689830117548,"modifyDatetime":1689830117548},{"createUserId":"OMS_OWNER","parameterId":464,"queryKey":"FORMAT_POLICE_WARNINGS_REQUEST","parameterCode":"correlationId","parameterDescription":"Correlation Id","parameterType":"String","createDatetime":1689830117548,"modifyDatetime":1689830117548},{"createUserId":"OMS_OWNER","parameterId":465,"queryKey":"FORMAT_POLICE_WARNINGS_REQUEST","parameterCode":"staffDetails","parameterDescription":"Staff Details","parameterType":"String","createDatetime":1689830117548,"modifyDatetime":1689830117548},{"createUserId":"OMS_OWNER","parameterId":466,"queryKey":"FORMAT_POLICE_WARNINGS_REQUEST","parameterCode":"specificationKey","parameterDescription":"Specification Key","parameterType":"String","createDatetime":1689830117548,"modifyDatetime":1689830117548}],"createUserId":"OMS_OWNER","apiId":"FORMAT_POLICE_WARNINGS_REQUEST","apiDescription":"Format Police Warnings Request","queryKey":"FORMAT_POLICE_WARNINGS_REQUEST","url":"Elite2Web/api/serviceBusController/convertJson","queryId":0,"createDatetime":1689830191000,"modifyDatetime":1689830191000,"category":"CLIENT"},{"quickAction":[{"queryId":259,"queryKey":"FORMAT_PAROLE_COND_REQ","queryText":"Select 1 from Dual","queryDesc":"Format Parole Cond Req","category":"CLIENT"}],"actionParams":[{"createUserId":"OMS_OWNER","parameterId":432,"queryKey":"FORMAT_PAROLE_COND_REQ","parameterCode":"ProcessInput","parameterDescription":"Process Input","parameterType":"String","createDatetime":1689133777219,"modifyDatetime":1689133777219},{"createUserId":"OMS_OWNER","parameterId":433,"queryKey":"FORMAT_PAROLE_COND_REQ","parameterCode":"specificationKey","parameterDescription":"Specification Key","parameterType":"String","createDatetime":1689133777219,"modifyDatetime":1689133777219}],"createUserId":"OMS_OWNER","apiId":"FORMAT_PAROLE_COND_REQ","apiDescription":"Format Parole Cond Req","queryKey":"FORMAT_PAROLE_COND_REQ","url":"Elite2Web/api/serviceBusController/convertJson","queryId":0,"createDatetime":1689133831000,"modifyDatetime":1689133831000,"category":"CLIENT"},{"quickAction":[{"queryId":185,"queryKey":"GET_OFFENDER_BOOK_ID_FOR_OID","queryText":"select max(offender_book_id) offender_book_id from v_offenders where offender_id_display = :offenderIdDisplay","queryDesc":"Get offender book id for display id","category":"CLIENT"}],"actionParams":[{"createUserId":"OMS_OWNER","parameterId":293,"queryKey":"GET_OFFENDER_BOOK_ID_FOR_OID","parameterCode":"offenderIdDisplay","parameterDescription":"Offender Id Display","parameterType":"String","createDatetime":1675289573488,"modifyDatetime":1675289573488}],"createUserId":"OMS_OWNER","apiId":"GET_OFFENDER_BOOK_ID_FOR_OID","apiDescription":"Get offender book id for display Id","queryKey":"GET_OFFENDER_BOOK_ID_FOR_OID","url":"Elite2Web/api/cmdaction/executeSelectQuery","queryId":0,"createDatetime":1675289632000,"modifyDatetime":1675289632000,"category":"CLIENT"},{"quickAction":[{"queryId":21,"queryKey":"GET_STAFF_DETAILS","queryText":"select user_id, last_name, first_name, current_timestamp date_time from staff_members where user_id = :userId","queryDesc":"Get Staff Details","category":"CLIENT"}],"actionParams":[{"createUserId":"OMS_OWNER","parameterId":28,"queryKey":"GET_STAFF_DETAILS","parameterCode":"userId","parameterDescription":"User Id","parameterType":"String","createDatetime":1661267533000,"modifyDatetime":1667552073806,"modifyUserId":"OMS_OWNER"}],"createUserId":"OMS_OWNER","apiId":"GET_STAFF_DETAILS","apiDescription":"Get Staff Details","queryKey":"GET_STAFF_DETAILS","url":"Elite2Web/api/cmdaction/executeSelectQuery","queryId":0,"createDatetime":1661268205000,"modifyDatetime":1661268205000,"category":"CLIENT"}]