[{"quickAction":[{"queryId":244,"queryKey":"GET_DURATION","queryText":"select :duration as duration","queryDesc":"Get Duration","category":"PRODUCT"}],"actionParams":[{"createUserId":"OMS_OWNER","parameterId":408,"queryKey":"GET_DURATION","parameterCode":"duration","parameterDescription":"Duration","parameterType":"Number","createDatetime":1686116936746,"modifyDatetime":1686119732001,"modifyUserId":"OMS_OWNER"}],"createUserId":"OMS_OWNER","apiId":"GET_DURATION","apiDescription":"Get Duration","queryKey":"GET_DURATION","url":"Elite2Web/api/cmdaction/executeSelectQuery","queryId":0,"createDatetime":1686116967000,"modifyDatetime":1686116967000,"category":"PRODUCT"},{"quickAction":[{"queryId":243,"queryKey":"GET_LEGAL_SUMMARY_DATA","queryText":"select form_identifier,encode(form_info_json, 'escape')  AS form_info_json from ocdlegls_data ","queryDesc":"Get Legal Summary Data","category":"PRODUCT"}],"actionParams":[],"createUserId":"OMS_OWNER","apiId":"GET_LEGAL_SUMMARY_DATA","apiDescription":"Get Legal Summary Data","queryKey":"GET_LEGAL_SUMMARY_DATA","url":"Elite2Web/api/cmdaction/executeSelectQuery","queryId":0,"createDatetime":1685440124000,"modifyDatetime":1685440124000,"category":"PRODUCT"},{"quickAction":[{"queryId":42,"queryKey":"GET_OFFENDER_DETAILS","queryText":"SELECT \n    vo.offender_book_id,\n    vo.offender_id,\n    vo.offender_id_display,\n    vo.first_name,\n    vo.last_name,\n    vo.middle_name,\n    vo.birth_date,\n    ref_code.description sex_code\nFROM \n    v_offenders vo,\n    reference_codes ref_code\nwhere\n    ref_code.domain = 'SEX' and \n \tref_code.code= vo.sex_code and\n    vo.offender_book_id = :offenderBookId","queryDesc":"Get Offender Details","category":"CLIENT"}],"actionParams":[{"createUserId":"OMS_OWNER","parameterId":46,"queryKey":"GET_OFFENDER_DETAILS","parameterCode":"offenderBookId","parameterDescription":"Offender Book Id","parameterType":"Number","createDatetime":1662725029751,"modifyDatetime":1662725029751}],"createUserId":"OMS_OWNER","apiId":"GET_OFFENDER_DETAILS","apiDescription":"Get Offender Details","queryKey":"GET_OFFENDER_DETAILS","url":"Elite2Web/api/cmdaction/executeSelectQuery","queryId":0,"createDatetime":1662725089000,"modifyDatetime":1662725089000,"category":"CLIENT"}]