[{"quickAction":[{"queryId":322,"queryKey":"INSERT_ALERT_WORKFLOW_LOGS","queryText":"insert into work_flow_logs (Work_flow_id, Work_flow_seq, Work_action_code, Work_Action_date , Action_user_id, work_flow_status, create_date, locate_agy_loc_id , create_user_id) values (( select WORK_FLOW_ID from WORK_FLOWS where object_id = :offenderBookId::bigint and object_code = 'ALERT' and object_seq = ( select max(oa.alert_seq) from offender_alerts oa where oa.offender_book_id = :offenderBookId::bigint and oa.alert_type = :alertType and oa.alert_code = :alertCode)), case when :workFlowSeq <> '' then :workFlowSeq::bigint else ( select max(work_flow_seq)+1 from work_flow_logs wfl where work_flow_id in ( select WORK_FLOW_ID from WORK_FLOWS where object_id = :offenderBookId::bigint and object_code = 'ALERT' and object_seq = ( select max(oa.alert_seq) from offender_alerts oa where oa.offender_book_id = :offenderBookId::bigint and oa.alert_type = :alertType and oa.alert_code = :alertCode))) end, :workActionCode, current_timestamp, null, :workFlowStatus, current_timestamp, null , :createUserId);","queryDesc":"Insert Alert Workflow Logs","category":"CLIENT"}],"actionParams":[{"createUserId":"YOGENDRANATH","parameterId":605,"queryKey":"INSERT_ALERT_WORKFLOW_LOGS","parameterCode":"alertCode","parameterDescription":"Alert Code","parameterType":"String","createDatetime":1696495543488,"modifyDatetime":1696495543488},{"createUserId":"YOGENDRANATH","parameterId":604,"queryKey":"INSERT_ALERT_WORKFLOW_LOGS","parameterCode":"alertType","parameterDescription":"Alert Type","parameterType":"String","createDatetime":1696495543488,"modifyDatetime":1696495543488},{"createUserId":"YOGENDRANATH","parameterId":606,"queryKey":"INSERT_ALERT_WORKFLOW_LOGS","parameterCode":"createUserId","parameterDescription":"Create User Id","parameterType":"String","createDatetime":1696495543488,"modifyDatetime":1696495543488},{"createUserId":"YOGENDRANATH","parameterId":603,"queryKey":"INSERT_ALERT_WORKFLOW_LOGS","parameterCode":"offenderBookId","parameterDescription":"offenderBookId","parameterType":"Number","createDatetime":1696495543488,"modifyDatetime":1696495543488},{"createUserId":"YOGENDRANATH","parameterId":608,"queryKey":"INSERT_ALERT_WORKFLOW_LOGS","parameterCode":"workActionCode","parameterDescription":"Work Action Code","parameterType":"String","createDatetime":1696508067899,"modifyDatetime":1696508067899},{"createUserId":"YOGENDRANATH","parameterId":607,"queryKey":"INSERT_ALERT_WORKFLOW_LOGS","parameterCode":"workFlowSeq","parameterDescription":"Work Flow Seq","parameterType":"Number","createDatetime":1696508067899,"modifyDatetime":1696508067899},{"createUserId":"YOGENDRANATH","parameterId":609,"queryKey":"INSERT_ALERT_WORKFLOW_LOGS","parameterCode":"workFlowStatus","parameterDescription":"Work FLow Status","parameterType":"String","createDatetime":1696508067899,"modifyDatetime":1696508067899}],"createUserId":"YOGENDRANATH","apiId":"INSERT_ALERT_WORKFLOW_LOGS","apiDescription":"Insert Alert Work Flow Logs","queryKey":"INSERT_ALERT_WORKFLOW_LOGS","url":"Elite2Web/api/cmdaction/executeUpdateQuery","queryId":0,"createDatetime":1696502755000,"modifyDatetime":1696502755000,"category":"CLIENT"},{"quickAction":[{"queryId":321,"queryKey":"INSERT_ALERT_WORKFLOW","queryText":"insert into WORK_FLOWS (WORK_FLOW_ID, OBJECT_CODE, OBJECT_ID, OBJECT_SEQ, CREATE_USER_ID) values (NEXTVAL('WORK_FLOW_ID'), 'ALERT', :offenderBookId::bigint, ( select coalesce(max(oa.alert_seq), 0) from offender_alerts oa where oa.alert_type = :alertType and oa.offender_book_id = :offenderBookId::bigint and oa.alert_code = :alertCode), :createUserId)","queryDesc":"Insert Alert Work Flow","category":"CLIENT"}],"actionParams":[{"createUserId":"YOGENDRANATH","parameterId":601,"queryKey":"INSERT_ALERT_WORKFLOW","parameterCode":"alertCode","parameterDescription":"Alert Code","parameterType":"String","createDatetime":1696495002547,"modifyDatetime":1696495002547},{"createUserId":"YOGENDRANATH","parameterId":600,"queryKey":"INSERT_ALERT_WORKFLOW","parameterCode":"alertType","parameterDescription":"Alert Type","parameterType":"String","createDatetime":1696495002547,"modifyDatetime":1696495002547},{"createUserId":"YOGENDRANATH","parameterId":602,"queryKey":"INSERT_ALERT_WORKFLOW","parameterCode":"createUserId","parameterDescription":"Create User Id","parameterType":"String","createDatetime":1696495002547,"modifyDatetime":1696495002547},{"createUserId":"YOGENDRANATH","parameterId":599,"queryKey":"INSERT_ALERT_WORKFLOW","parameterCode":"offenderBookId","parameterDescription":"Offender Book Id","parameterType":"Number","createDatetime":1696495002547,"modifyDatetime":1696495002547}],"createUserId":"YOGENDRANATH","apiId":"INSERT_ALERT_WORKFLOW","apiDescription":"Insert Alert Work Flow","queryKey":"INSERT_ALERT_WORKFLOW","url":"Elite2Web/api/cmdaction/executeUpdateQuery","queryId":0,"createDatetime":1696502755000,"modifyDatetime":1696502755000,"category":"CLIENT"},{"quickAction":[{"queryId":320,"queryKey":"UPDATE_SASH_ALERT_EXPIRY_DATE","queryText":"update\n\toffender_alerts\nset\n\texpiry_date = current_timestamp , alert_status = 'INACTIVE', verified_flag = 'N'\nwhere\n\toffender_book_id = :offenderBookId::bigint\n\tand alert_type = :alertType\n\tand alert_code = :alertCode\n\tand alert_status = :alertStatus","queryDesc":"Update Sash Alert Expiry Date","category":"CLIENT"}],"actionParams":[{"createUserId":"YOGENDRANATH","parameterId":598,"queryKey":"UPDATE_SASH_ALERT_EXPIRY_DATE","parameterCode":"alertCode","parameterDescription":"Alert Code","parameterType":"String","createDatetime":1696488001914,"modifyDatetime":1696488001914},{"createUserId":"YOGENDRANATH","parameterId":597,"queryKey":"UPDATE_SASH_ALERT_EXPIRY_DATE","parameterCode":"alertStatus","parameterDescription":"Alert Status","parameterType":"String","createDatetime":1696488001914,"modifyDatetime":1696488001914},{"createUserId":"YOGENDRANATH","parameterId":596,"queryKey":"UPDATE_SASH_ALERT_EXPIRY_DATE","parameterCode":"alertType","parameterDescription":"Alert Type","parameterType":"String","createDatetime":1696488001914,"modifyDatetime":1696488001914},{"createUserId":"YOGENDRANATH","parameterId":595,"queryKey":"UPDATE_SASH_ALERT_EXPIRY_DATE","parameterCode":"offenderBookId","parameterDescription":"Offender Book Id","parameterType":"Number","createDatetime":1696488001914,"modifyDatetime":1696488001914}],"createUserId":"YOGENDRANATH","apiId":"UPDATE_SASH_ALERT_EXPIRY_DATE","apiDescription":"Update Sash Alert Expiry Date","queryKey":"UPDATE_SASH_ALERT_EXPIRY_DATE","url":"Elite2Web/api/cmdaction/executeUpdateQuery","queryId":0,"createDatetime":1696488029000,"modifyDatetime":1696488029000,"category":"CLIENT"},{"quickAction":[{"queryId":318,"queryKey":"INSERT_OFFENDER_ALERTS","queryText":"insert into offender_alerts(alert_date, offender_book_id, root_offender_id, alert_seq, alert_type, alert_code, create_date, alert_status, verified_flag, expiry_date, caseload_type, modify_datetime, create_datetime, create_user_id) values( case when :alertdate = '' then current_timestamp else TO_TIMESTAMP(:alertdate, 'YYYY-MM-DD\"T\"HH24:MI:SS') end, :offenderbookid::bigint, ( select root_offender_id from offender_bookings where offender_book_id = :offenderbookid::bigint), ( select coalesce(max(alert_seq), 0) + 1 from offender_alerts where offender_book_id = :offenderbookid::bigint), :alerttype, :alertcode, current_timestamp, :alertstatus, :verifiedflag, case when :expirydate = '' then null else TO_TIMESTAMP(:expirydate, 'YYYY-MM-DD\"T\"HH24:MI:SS') end, :caseloadType, current_timestamp, current_timestamp, :createuserid)","queryDesc":"Insert Offender Alerts","category":"CLIENT"}],"actionParams":[{"createUserId":"YOGENDRANATH","parameterId":582,"queryKey":"INSERT_OFFENDER_ALERTS","parameterCode":"alertcode","parameterDescription":"Alert Code","parameterType":"String","createDatetime":1696414082249,"modifyDatetime":1696414082249},{"createUserId":"YOGENDRANATH","parameterId":583,"queryKey":"INSERT_OFFENDER_ALERTS","parameterCode":"alertdate","parameterDescription":"Alert Date","parameterType":"String","createDatetime":1696414082249,"modifyDatetime":1696414082249},{"createUserId":"YOGENDRANATH","parameterId":584,"queryKey":"INSERT_OFFENDER_ALERTS","parameterCode":"alertstatus","parameterDescription":"Alert Status","parameterType":"String","createDatetime":1696414082249,"modifyDatetime":1696414082249},{"createUserId":"YOGENDRANATH","parameterId":585,"queryKey":"INSERT_OFFENDER_ALERTS","parameterCode":"alerttype","parameterDescription":"Alert Type","parameterType":"String","createDatetime":1696414082249,"modifyDatetime":1696414082249},{"createUserId":"YOGENDRANATH","parameterId":610,"queryKey":"INSERT_OFFENDER_ALERTS","parameterCode":"caseloadType","parameterDescription":"Caseload Type","parameterType":"String","createDatetime":1696508280545,"modifyDatetime":1696508280545},{"createUserId":"YOGENDRANATH","parameterId":586,"queryKey":"INSERT_OFFENDER_ALERTS","parameterCode":"createuserid","parameterDescription":"Create User Id","parameterType":"String","createDatetime":1696414082249,"modifyDatetime":1696414082249},{"createUserId":"YOGENDRANATH","parameterId":587,"queryKey":"INSERT_OFFENDER_ALERTS","parameterCode":"expirydate","parameterDescription":"Expiry Date","parameterType":"String","createDatetime":1696414082249,"modifyDatetime":1696414082249},{"createUserId":"YOGENDRANATH","parameterId":588,"queryKey":"INSERT_OFFENDER_ALERTS","parameterCode":"offenderbookid","parameterDescription":"Offender Book Id","parameterType":"Number","createDatetime":1696414082249,"modifyDatetime":1696414082249},{"createUserId":"YOGENDRANATH","parameterId":589,"queryKey":"INSERT_OFFENDER_ALERTS","parameterCode":"verifiedflag","parameterDescription":"Verified Flag","parameterType":"String","createDatetime":1696414082249,"modifyDatetime":1696414082249}],"createUserId":"YOGENDRANATH","apiId":"INSERT_OFFENDER_ALERTS","apiDescription":"Insert Offender Alerts","queryKey":"INSERT_OFFENDER_ALERTS","url":"Elite2Web/api/cmdaction/executeUpdateQuery","queryId":0,"createDatetime":1696319338000,"modifyDatetime":1696414082000,"modifyUserId":"YOGENDRANATH","category":"CLIENT"}]