[{"quickAction":[{"queryId":270,"queryKey":"GET_OFFENDER_ACTIVE_ACP_SCHEDULES","queryText":"SELECT\n\tEVENT_ID,\n\tOFFENDER_BOOK_ID,\n\tdate(EVENT_DATE) as EVENT_DATE,\n\tto_char(START_TIME, 'HH24:MI') as START_TIME ,\n\tevent_sub_type,\n\t(select description from reference_codes rc where \"domain\" = 'EVENTS' and code = event_sub_type) as EVENT_SUB_TYPE_desc,\n\tFIRST_NAME AS OFFENDER_FIRST_NAME,\n\tDESCRIPTION,\n\tEMAIL_SCH_ENABLE,\n\tSMS_SCH_ENABLE,\n\tEVENT_TYPE,\n\tEVENT_SCH_TYPE,\n\tOFFENDER_ID_DISPLAY,\n\tBOOKING_NO,\n\tOFF_PRGREF_ID,\n\tCRS_SCH_ID,\n\tCRS_ACTY_ID\nfrom\n\t(\n\tselect\n\t\tA.EVENT_ID,\n\t\tA.OFFENDER_BOOK_ID,\n\t\tA.EVENT_DATE,\n\t\tA.START_TIME,\n\t\tA.EVENT_SUB_TYPE,\n\t\tA.event_type,\n\t\tA.EVENT_SCH_TYPE,\n\t\tA.first_name,\n\t\tA.offender_id_display,\n\t\tA.booking_no,\n\t\tA.off_prgref_id,\n\t\tA.crs_sch_id,\n\t\tA.crs_acty_id,\n\t\t(\n\t\tselect\n\t\t\tAGENCY_LOCATIONS.DESCRIPTION\n\t\tfrom\n\t\t\tAGENCY_LOCATIONS\n\t\twhere\n\t\t\tAGENCY_LOCATIONS.AGY_LOC_ID = A.TO_AGY_LOC_ID ) as DESCRIPTION,\n\t\t(\n\t\tcase\n\t\t\twhen (\n\t\t\tselect\n\t\t\t\tcount(*)\n\t\t\tfrom\n\t\t\t\tsms_email_sent_notifications\n\t\t\twhere\n\t\t\t\tevent_id = A.event_id)= 2 then 'N'\n\t\t\twhen A.SCHEDULED_EMAIL_HOUR is null then 'N'\n\t\t\twhen A.SCHEDULED_EMAIL_HOUR <= SYSDATE()\n\t\t\tand sesn.notification_type = 'MAIL' then 'N'\n\t\t\twhen A.SCHEDULED_EMAIL_HOUR <= SYSDATE() then 'Y'\n\t\t\telse 'N'\n\t\tend ) as EMAIL_SCH_ENABLE,\n\t\t(\n\t\tcase\n\t\t\twhen (\n\t\t\tselect\n\t\t\t\tcount(*)\n\t\t\tfrom\n\t\t\t\tsms_email_sent_notifications\n\t\t\twhere\n\t\t\t\tevent_id = A.event_id)= 2 then 'N'\n\t\t\twhen A.SCHEDULED_SMS_HOUR is null then 'N'\n\t\t\twhen A.SCHEDULED_SMS_HOUR <= SYSDATE()\n\t\t\tand sesn.notification_type = 'SMS' then 'N'\n\t\t\twhen A.SCHEDULED_SMS_HOUR <= SYSDATE() then 'Y'\n\t\t\telse 'N'\n\t\tend ) as SMS_SCH_ENABLE\n\tfrom\n\t\t(\n\t\tselect\n\t\t\t(\n\t\t\tcase\n\t\t\t\twhen oca.EMAIL_FLAG = 'Y' then (\n\t\t\t\tselect\n\t\t\t\t\t( oca.START_TIME - (oca.EMAIL_SCHEDULE_HOURS_BEFORE || ' HOURS')::interval )\n\t\t\t\tfrom\n\t\t\t\t\tDUAL )\n\t\t\t\telse null\n\t\t\tend ) as SCHEDULED_EMAIL_HOUR,\n\t\t\t(\n\t\t\tcase\n\t\t\t\twhen oca.SMS_FLAG = 'Y' then (\n\t\t\t\tselect\n\t\t\t\t\t( oca.START_TIME - (oca.SMS_SCHEDULE_HOURS_BEFORE || ' HOURS')::interval )\n\t\t\t\tfrom\n\t\t\t\t\tDUAL )\n\t\t\t\telse null\n\t\t\tend ) as SCHEDULED_SMS_HOUR,\n\t\t\t(case\n\t\t\t\twhen (opp.PROFILE_CLASS = 'CRS') then 'COMM_ACP'\n\t\t\t\telse 'COMM_ACP_APP'\n\t\t\tend ) as EVENT_SCH_TYPE,\n\t\t\toca.*,\n\t\t\to.offender_id_display ,\n\t\t\to.first_name ,\n\t\t\tob.booking_no \n\t\tfrom\n\t\t\tOFFENDER_PROGRAM_PROFILES opp\n\t\tjoin offender_course_attendances oca on\n\t\t\t(opp.off_prgref_id = oca.off_prgref_id)\n\t\t\tinner join offender_bookings ob on (oca.offender_book_id =ob.offender_book_id ) inner join offenders o on (ob.offender_id=o.offender_id)\n\t\twhere\n\t\t\toca.EVENT_STATUS = 'SCH'\n\t\t\tand oca.event_type = 'ACP'\n\t\t\tand (oca.EMAIL_FLAG is not null\n\t\t\t\tor oca.SMS_FLAG is not null)\n\t\t\tand TO_CHAR(oca.EVENT_DATE, 'YYYY-MM-DD 00:00:00.000')::DATE >= TO_CHAR(SYSDATE(), 'YYYY-MM-DD 00:00:00.000')::DATE\n\t\t\t\tand TO_CHAR(oca.START_TIME, 'HH24:MI:SS') > TO_CHAR(SYSDATE(), 'HH24:MI:SS')\n\t\t\torder by\n\t\t\t\t\tEVENT_DATE asc ) A\n\tleft join sms_email_sent_notifications sesn on\n\t\t(A.event_id = sesn.event_id)\n\twhere\n\t\t( A.SCHEDULED_EMAIL_HOUR is not null\n\t\t\tand A.SCHEDULED_EMAIL_HOUR <= SYSDATE()\n\t\t\t)\n\t\tor (A.SCHEDULED_SMS_HOUR is not null\n\t\t\tand A.SCHEDULED_SMS_HOUR <= SYSDATE()\n\t\t\t) ) as H\nwhere\n\t(email_sch_enable = 'Y'\n\t\tor sms_sch_enable = 'Y');","queryDesc":"Get Offender Acp Schedule","category":"PRODUCT"}],"actionParams":[],"createUserId":"SHABNAM","apiId":"GET_OFFENDER_ACTIVE_ACP_SCHEDULES","apiDescription":"Get Offender Acp Schedule","queryKey":"GET_OFFENDER_ACTIVE_ACP_SCHEDULES","url":"Elite2Web/api/cmdaction/executeSelectQuery","queryId":0,"createDatetime":1690892566000,"category":"PRODUCT"},{"quickAction":[{"queryId":277,"queryKey":"INSERT_SMS_EMAIL_FOR_COMM_ACP","queryText":"insert\n\tinto\n\tsms_email_sent_notifications ( offender_book_id,\n\tnotification_sent_datetime,\n\tcase_note_id,\n\tnotification_type,\n\tevent_sch_type,\n\tevent_id,\n\tevent_date,\n\tevent_start_time,\n\tcreate_datetime,\n\tcreate_user_id,\n\toff_prgref_id\n\t)\nvalues ( :offenderBookId::bigInt,\ncurrent_timeStamp,\n:caseNoteId::bigInt,\n:notificationType,\n:eventSchType,\n:eventId::bigInt,\n:eventDate::timestamp(6),\n:eventStartTime::timestamp(6),\ncurrent_timeStamp,\n:createUserId,\n:offPrgrefId::bigInt\n);","queryDesc":"Insert Sms Email For Community Acp","category":"PRODUCT"}],"actionParams":[{"createUserId":"OMS_OWNER","parameterId":512,"queryKey":"INSERT_SMS_EMAIL_FOR_COMM_ACP","parameterCode":"offenderBookId","parameterDescription":"offenderBookId","parameterType":"Number","createDatetime":1691563852082},{"createUserId":"OMS_OWNER","parameterId":513,"queryKey":"INSERT_SMS_EMAIL_FOR_COMM_ACP","parameterCode":"caseNoteId","parameterDescription":"caseNoteId","parameterType":"Number","createDatetime":1691563852082},{"createUserId":"OMS_OWNER","parameterId":514,"queryKey":"INSERT_SMS_EMAIL_FOR_COMM_ACP","parameterCode":"notificationType","parameterDescription":"notificationType","parameterType":"String","createDatetime":1691563852082},{"createUserId":"OMS_OWNER","parameterId":515,"queryKey":"INSERT_SMS_EMAIL_FOR_COMM_ACP","parameterCode":"eventSchType","parameterDescription":"eventSchType","parameterType":"String","createDatetime":1691563852082},{"createUserId":"OMS_OWNER","parameterId":516,"queryKey":"INSERT_SMS_EMAIL_FOR_COMM_ACP","parameterCode":"eventId","parameterDescription":"eventId","parameterType":"Number","createDatetime":1691563852082},{"createUserId":"OMS_OWNER","parameterId":517,"queryKey":"INSERT_SMS_EMAIL_FOR_COMM_ACP","parameterCode":"eventDate","parameterDescription":"eventDate","parameterType":"Date","createDatetime":1691563852082},{"createUserId":"OMS_OWNER","parameterId":518,"queryKey":"INSERT_SMS_EMAIL_FOR_COMM_ACP","parameterCode":"eventStartTime","parameterDescription":"eventStartTime","parameterType":"Date","createDatetime":1691563852082},{"createUserId":"OMS_OWNER","parameterId":519,"queryKey":"INSERT_SMS_EMAIL_FOR_COMM_ACP","parameterCode":"createUserId","parameterDescription":"createUserId","parameterType":"String","createDatetime":1691563852082},{"createUserId":"OMS_OWNER","parameterId":520,"queryKey":"INSERT_SMS_EMAIL_FOR_COMM_ACP","parameterCode":"offPrgrefId","parameterDescription":"offPrgrefId","parameterType":"Number","createDatetime":1691563852082},{"createUserId":"OMS_OWNER","parameterId":521,"queryKey":"INSERT_SMS_EMAIL_FOR_COMM_ACP","parameterCode":"crsActyId","parameterDescription":"crsActyId","parameterType":"Number","createDatetime":1691563852082},{"createUserId":"OMS_OWNER","parameterId":522,"queryKey":"INSERT_SMS_EMAIL_FOR_COMM_ACP","parameterCode":"crsSchId","parameterDescription":"crsSchId","parameterType":"Number","createDatetime":1691563852082}],"createUserId":"OMS_OWNER","apiId":"INSERT_SMS_EMAIL_FOR_COMM_ACP","apiDescription":"Insert Sms Email COMM_ACP","queryKey":"INSERT_SMS_EMAIL_FOR_COMM_ACP","url":"Elite2Web/api/cmdaction/executeUpdateQuery","queryId":0,"createDatetime":1691564681000,"category":"PRODUCT"},{"quickAction":[{"queryId":274,"queryKey":"INSERT_CASE_NOTE","queryText":"insert into OFFENDER_CASE_NOTES(OFFENDER_BOOK_ID , CONTACT_DATE , CONTACT_TIME , CASE_NOTE_TYPE , CASE_NOTE_SUB_TYPE , STAFF_ID , CASE_NOTE_TEXT , EVENT_ID , CASE_NOTE_ID ,CREATE_DATETIME,note_source_code ) \nvalues(:offenderBookId::bigInt , current_timestamp , current_timestamp , :caseNoteType , :caseNoteSubType , tag_utils_get_staff_id(:createUserId) , :caseNoteText , :eventId::bigInt , :caseNoteId ::bigInt,CURRENT_TIMESTAMP,'AUTO');","queryDesc":"Insert Case Note","category":"PRODUCT"}],"actionParams":[{"createUserId":"TARAK","parameterId":487,"queryKey":"INSERT_CASE_NOTE","parameterCode":"offenderBookId","parameterDescription":"offenderBookId","parameterType":"Number","createDatetime":1691368810895},{"createUserId":"TARAK","parameterId":489,"queryKey":"INSERT_CASE_NOTE","parameterCode":"caseNoteSubType","parameterDescription":"caseNoteSubType","parameterType":"String","createDatetime":1691368928688},{"createUserId":"TARAK","parameterId":488,"queryKey":"INSERT_CASE_NOTE","parameterCode":"caseNoteType","parameterDescription":"caseNoteType","parameterType":"String","createDatetime":1691368928688},{"createUserId":"TARAK","parameterId":490,"queryKey":"INSERT_CASE_NOTE","parameterCode":"caseNoteText","parameterDescription":"caseNoteText","parameterType":"String","createDatetime":1691368928688},{"createUserId":"TARAK","parameterId":491,"queryKey":"INSERT_CASE_NOTE","parameterCode":"eventId","parameterDescription":"eventId","parameterType":"Number","createDatetime":1691368928688},{"createUserId":"TARAK","parameterId":492,"queryKey":"INSERT_CASE_NOTE","parameterCode":"caseNoteId","parameterDescription":"caseNoteId","parameterType":"Number","createDatetime":1691368928688}],"createUserId":"OMS_OWNER","apiId":"INSERT_CASE_NOTE","apiDescription":"Insert Case Note","queryKey":"INSERT_CASE_NOTE","url":"Elite2Web/api/cmdaction/executeUpdateQuery","queryId":0,"createDatetime":1691128878000,"modifyDatetime":1691388205000,"modifyUserId":"OMS_OWNER","category":"PRODUCT"},{"quickAction":[{"queryId":273,"queryKey":"GET_CASE_NOTE_ID","queryText":"select nextval('case_note_id') caseNoteId from dual ;\n","queryDesc":"Get Case Note Id","category":"PRODUCT"}],"actionParams":[],"createUserId":"OMS_OWNER","apiId":"GET_CASE_NOTE_ID","apiDescription":"Get Case Note Id","queryKey":"GET_CASE_NOTE_ID","url":"Elite2Web/api/cmdaction/executeSelectQuery","queryId":0,"createDatetime":1691138138000,"modifyDatetime":1691138262000,"modifyUserId":"OMS_OWNER","category":"PRODUCT"},{"quickAction":[{"queryId":187,"queryKey":"JHUB_SMS","queryText":"select  :sendTo send_to, :message message, :sourceSystem source_system,  to_char(TIMEZONE(('UTC'), current_timestamp::TIMESTAMPTZ), 'YYYY-MM-DD\"T\"HH24:MI:SS\"Z\"') as date_time, nextval('EXTERNAL_MESSAGE_ID')::text message_id from dual","queryDesc":"JHUB Sms","category":"SYSTEM"}],"actionParams":[{"createUserId":"OMS_OWNER","parameterId":308,"queryKey":"JHUB_SMS","parameterCode":"sendTo","parameterDescription":"Send To","parameterType":"String","createDatetime":1675899570245,"modifyDatetime":1675899570245},{"createUserId":"OMS_OWNER","parameterId":309,"queryKey":"JHUB_SMS","parameterCode":"message","parameterDescription":"Message","parameterType":"String","createDatetime":1675899570245,"modifyDatetime":1675899570245},{"createUserId":"OMS_OWNER","parameterId":310,"queryKey":"JHUB_SMS","parameterCode":"sourceSystem","parameterDescription":"Source System","parameterType":"String","createDatetime":1675899570245,"modifyDatetime":1675900333396,"modifyUserId":"OMS_OWNER"}],"createUserId":"OMS_OWNER","apiId":"JHUB_SMS","apiDescription":"JHUB Sms","queryKey":"JHUB_SMS","url":"Elite2Web/api/cmdaction/executeSelectQuery","queryId":0,"createDatetime":1675900243000,"modifyDatetime":1675900243000,"category":"SYSTEM"},{"quickAction":[{"queryId":18,"queryKey":"GET_OFFENDER_PHONE_NUM","queryText":"select STRING_AGG(TO_CHAR(phone_no), ','ORDER BY phone_id) as phone_no from PHONES where owner_id = ( select ROOT_OFFENDER_ID from v_header_block where offender_book_id = :offenderBookId)","queryDesc":"Get Offender Phone NUmbers","category":"PRODUCT"}],"actionParams":[{"createUserId":"OMS_OWNER","parameterId":26,"queryKey":"GET_OFFENDER_PHONE_NUM","parameterCode":"offenderBookId","parameterDescription":"Offender Book Id","parameterType":"Number","createDatetime":1658421921000}],"createUserId":"OMS_OWNER","apiId":"GET_OFFENDER_PHONE_NUM","apiDescription":"Offender Phone Numbers","queryKey":"GET_OFFENDER_PHONE_NUM","url":"Elite2Web/api/cmdaction/executeSelectQuery","queryId":0,"createDatetime":1658494546000,"modifyDatetime":1658494546000,"category":"PRODUCT"},{"quickAction":[{"queryId":17,"queryKey":"GET_OFFENDER_EMAILS","queryText":"select STRING_AGG (internet_address, ',' ORDER BY internet_address_id) as internet_address from internet_addresses where owner_id = ( select root_offender_id from v_header_block where v_header_block.offender_book_id = :offenderBookId)","queryDesc":"Get Offender Emails","category":"PRODUCT"}],"actionParams":[{"createUserId":"OMS_OWNER","parameterId":25,"queryKey":"GET_OFFENDER_EMAILS","parameterCode":"offenderBookId","parameterDescription":"Offender Book Id","parameterType":"Number","createDatetime":1658413941000}],"createUserId":"OMS_OWNER","apiId":"GET_OFFENDER_EMAILS","apiDescription":"Get Offender Emails","queryKey":"GET_OFFENDER_EMAILS","url":"Elite2Web/api/cmdaction/executeSelectQuery","queryId":0,"createDatetime":1658494523000,"modifyDatetime":1658494523000,"category":"PRODUCT"},{"quickAction":[{"queryId":15,"queryKey":"GET__EMAIL_TEMPLATE","queryText":"select template_body  from iwp_templates where template_name = :templateName","queryDesc":"Get Email Template","category":"PRODUCT"}],"actionParams":[{"createUserId":"OMS_OWNER","parameterId":23,"queryKey":"GET__EMAIL_TEMPLATE","parameterCode":"templateName","parameterDescription":"templateName","parameterType":"String","createDatetime":1658411077000}],"createUserId":"OMS_OWNER","apiId":"GET__EMAIL_TEMPLATE","apiDescription":"Get Email Template","queryKey":"GET__EMAIL_TEMPLATE","url":"Elite2Web/api/cmdaction/templateText","queryId":0,"createDatetime":1658494467000,"modifyDatetime":1658494467000,"category":"PRODUCT"}]