[{"quickAction":[{"queryId":561,"queryKey":"GET_OFFENDER_PAROLE_ORDER_DETAILS_BY_ORDER_NO","queryText":"select displayno,orderType,status,\n(select active_type  from legal_update_reasons lur where update_reason_code = status) as resultingStatus,\n(select lur.description  from legal_update_reasons lur where update_reason_code = status) as statusDesc,\nto_char(nullif(commenceDate,'')::timestamp,'DD-MM-YYYY') as commenceDate,affectedOrders,\nto_char(current_timestamp ,'DD-MM-YYYY') as systemdate  from (\nselect\n\tjsonb_array_elements(par_orders::jsonb)->>'displayNo' as displayno,\n\tjsonb_array_elements(par_orders::jsonb)->>'orderType' as orderType,\n\tjsonb_array_elements(par_orders::jsonb)->>'status' as status,\n\tjsonb_array_elements(par_orders::jsonb)->>'commenceDate' as commenceDate,\n        jsonb_array_elements(par_orders::jsonb)->>'affectedOrders' as affectedOrders\nfrom\n\t(\n\tselect\n\t\tform_info_json as formInfoJson,\n\toffenderbookid,\n\t\titems ->> 0 as par_orders\n\tfrom\n\t\t\t(\n\t\tselect\n\t\t\tform_identifier::jsonb->>'offenderBookId' as offenderbookid,\n\t\t\t\t\tform_info_json,\n\t\t\t\t\tjsonb_path_query_array(encode(form_info_json,\n\t\t\t'escape')::jsonb,\n\t\t\t'$.*') as items\n\t\tfrom\n\t\t\tocdleglo_data as a ) as t\n\twhere\n\t\tt.offenderbookid = :offenderBookId::text) as t1) as t2 where orderType = 'PAR' and displayno in (:displayNo)","queryDesc":"Get Offender Parole Order Details By Order No","category":"CLIENT"}],"actionParams":[{"createUserId":"YOGENDRAM","parameterId":2061,"queryKey":"GET_OFFENDER_PAROLE_ORDER_DETAILS_BY_ORDER_NO","parameterCode":"displayNo","parameterDescription":"Display No","parameterType":"List","createDatetime":1707724508581},{"createUserId":"YOGENDRAM","parameterId":2060,"queryKey":"GET_OFFENDER_PAROLE_ORDER_DETAILS_BY_ORDER_NO","parameterCode":"offenderBookId","parameterDescription":"Offender Book Id","parameterType":"Number","createDatetime":1707724508581}],"createUserId":"YOGENDRAM","apiId":"GET_OFFENDER_PAROLE_ORDER_DETAILS_BY_ORDER_NO","apiDescription":"Get Offender Parole Order Details By Order No","queryKey":"GET_OFFENDER_PAROLE_ORDER_DETAILS_BY_ORDER_NO","url":"Elite2Web/api/cmdaction/executeSelectQuery","queryId":0,"createDatetime":1707726682000,"category":"CLIENT"},{"quickAction":[{"queryId":481,"queryKey":"GET_TEAM_MAIL_ID","queryText":"select\n\tSTRING_AGG(distinct (at1.team_email), ',') as team_email\nfrom\n\tautomation_teams at1,\n\tteam_functions tf\nwhere\n\ttf.function_type = :function\n\tand at1.team_id = tf.team_id\n\tand at1.team_email is not null\n    and trim(at1.team_email)  <> ''","queryDesc":"Get Team Mail Id","category":"CLIENT"}],"actionParams":[{"createUserId":"OMS_OWNER","parameterId":1981,"queryKey":"GET_TEAM_MAIL_ID","parameterCode":"function","parameterDescription":"Function","parameterType":"String","createDatetime":1705543517491}],"createUserId":"OMS_OWNER","apiId":"GET_TEAM_MAIL_ID","apiDescription":"Get Team Mail Id","queryKey":"GET_TEAM_MAIL_ID","url":"Elite2Web/api/cmdaction/executeSelectQuery","queryId":0,"createDatetime":1699415477000,"modifyDatetime":1705543517000,"modifyUserId":"OMS_OWNER","category":"CLIENT"},{"quickAction":[{"queryId":521,"queryKey":"GET_STAFF_RESPONSIBLE_FOR_OFFENDER","queryText":"select STRING_AGG(a.internet_address, ',') as internet_addresses from ( select distinct ia.internet_address from internet_addresses ia where ia.owner_class = 'STF' and ia.owner_id in( select sac_staff_id staff_id from case_plans cp where offender_book_id = :offenderBookId and case_plan_status = 'ACTIVE' and case_plan_id = ( select max(case_plan_id) from case_plans where offender_book_id = :offenderBookId) union select case when o.team_id is not null then ( select staff_id from team_staff_members where team_member_id = o.staff_member_id::numeric) else staff_member_id:: numeric end as staff_id from orders o where offender_book_id = :offenderBookId and o.order_status in ( select code from reference_codes rc where \"domain\" = 'REP_REQ_STS' and parent_code = 'ACTIVE') union select ( select staff_id from team_staff_members where team_member_id = staff_responsible::numeric) as staff_id from offender_proceedings op where op.proceeding_status in ( select code from reference_codes rc where \"domain\" = 'PROCEED_STS' and parent_code = 'ACTIVE') and op.offender_book_id = :offenderBookId and OP.staff_responsible is not null union select coalesce(staff_id, (select staff_id from team_staff_members where team_member_id = A.team_member_id), to_staff_id, (select staff_id from team_staff_members where team_member_id = A.to_team_member_id)) as staff_id from ( select MAX(CON_TRANSFER_ID) as MAX_CON_TRANS_ID, OFFENDER_BOOK_ID, OFFENDER_SENT_CONDITION_ID from OFFENDER_COND_TRANSFER where OFFENDER_BOOK_ID = :offenderBookId group by OFFENDER_BOOK_ID, OFFENDER_SENT_CONDITION_ID ) B join OFFENDER_COND_TRANSFER A on A.OFFENDER_BOOK_ID = B.OFFENDER_BOOK_ID and A.OFFENDER_SENT_CONDITION_ID = B.OFFENDER_SENT_CONDITION_ID and A.CON_TRANSFER_ID = B.MAX_CON_TRANS_ID)) a","queryDesc":"Get Staff Responsible For Offender","category":"CLIENT"}],"actionParams":[{"createUserId":"YOGENDRANATH","parameterId":1827,"queryKey":"GET_STAFF_RESPONSIBLE_FOR_OFFENDER","parameterCode":"offenderBookId","parameterDescription":"Offender Book Id","parameterType":"Number","createDatetime":1702358389592,"modifyDatetime":1702358389592}],"createUserId":"YOGENDRAM","apiId":"GET_STAFF_RESPONSIBLE_FOR_OFFENDER","apiDescription":"Get Staff Responsible For Offender","queryKey":"GET_STAFF_RESPONSIBLE_FOR_OFFENDER","url":"Elite2Web/api/cmdaction/executeSelectQuery","queryId":0,"createDatetime":1702358389000,"modifyDatetime":1702358389000,"modifyUserId":"YOGENDRANATH","category":"CLIENT"}]