[{"quickAction":[{"queryId":248,"queryKey":"GET_CASE_PLAN_VERIFICATION_TEAM_MEMBERS_DETAILS","queryText":"select distinct(ia.internet_address) mail_id, sm.first_name || ' ' || sm.last_name as staffName from team_staff_members TM , staff_members SM , internet_addresses IA where\nTM.staff_id = SM.staff_id and TM.team_id in ( select team_id from team_functions where function_type = 'CPLAN_VERIFY') and TM.team_id in \n( select team_id from team_agency_loc where agy_loc_id = :agyLocId) and IA.owner_id = SM.staff_id and ia.owner_class ='STF'\nand ia.internet_address != '' and ia.internet_address is not null","queryDesc":"Get Case Plan Verification Team Members Details","category":"PRODUCT"}],"actionParams":[{"createUserId":"SUDHA","parameterId":411,"queryKey":"GET_CASE_PLAN_VERIFICATION_TEAM_MEMBERS_DETAILS","parameterCode":"agyLocId","parameterDescription":"agy Loc Id","parameterType":"String","createDatetime":1687432760303,"modifyDatetime":1687432760303}],"createUserId":"SUDHA","apiId":"GET_CASE_PLAN_VERIFICATION_TEAM_MEMBERS_DETAILS","apiDescription":"Get Case Plan Verification Team Members Details","queryKey":"GET_CASE_PLAN_VERIFICATION_TEAM_MEMBERS_DETAILS","url":"Elite2Web/api/cmdaction/executeSelectQuery","queryId":0,"createDatetime":1687432865000,"modifyDatetime":1687432865000,"category":"PRODUCT"},{"quickAction":[{"queryId":246,"queryKey":"GET_CASE_PLAN_REVIEW_TEAM_MEMBERS_DETAILS","queryText":"select distinct(ia.internet_address) mail_id, sm.first_name || ' ' || sm.last_name as staffName from team_staff_members TM , staff_members SM , internet_addresses IA where TM.staff_id = SM.staff_id and TM.team_id in ( select team_id from team_functions where function_type = 'CPLAN_REVIEW') and TM.team_id in ( select team_id from team_agency_loc where agy_loc_id = :agyLocId) and IA.owner_id = SM.staff_id and ia.owner_class ='STF' and ia.internet_address != '' and ia.internet_address is not null","queryDesc":"Get Case Plan Review Team Members Details","category":"PRODUCT"}],"actionParams":[{"createUserId":"SUDHA","parameterId":410,"queryKey":"GET_CASE_PLAN_REVIEW_TEAM_MEMBERS_DETAILS","parameterCode":"agyLocId","parameterDescription":"agy loc id","parameterType":"String","createDatetime":1687374018683,"modifyDatetime":1687374018683}],"createUserId":"SUDHA","apiId":"GET_CASE_PLAN_REVIEW_TEAM_MEMBERS_DETAILS","apiDescription":"Get Case Plan Review Team Members Details","queryKey":"GET_CASE_PLAN_REVIEW_TEAM_MEMBERS_DETAILS","url":"Elite2Web/api/cmdaction/executeSelectQuery","queryId":0,"createDatetime":1687432174000,"modifyDatetime":1687432174000,"category":"PRODUCT"}]