[{"quickAction":[{"queryId":113,"queryKey":"UPDATE_STAFF_REPORTS_LOCK","queryText":"update\n\tINCIDENT_STAFF_REPORTS\nset\n\tLOCK_FLAG = 'Y',\n\trep_complet_flag = 'Y',\n\tlocked_by =:userid,\n\tmodify_datetime =TO_CHAR(SYSTIMESTAMP(),'YYYY-MM-DD hh24:mi:ss TZ')::timestamptz,\n\tmodify_user_id = user\nwhere\n\tagency_incident_id =:agency_incident_id\n\tand incident_report_id =:incident_report_id","queryDesc":"Update Staff Report Lock","category":"PRODUCT"}],"actionParams":[{"createUserId":"OMS_OWNER","parameterId":130,"queryKey":"UPDATE_STAFF_REPORTS_LOCK","parameterCode":"agencyLockObj","parameterDescription":"agencyLockObj","parameterType":"String","createDatetime":1666257989565,"modifyDatetime":1667294418810,"modifyUserId":"OMS_OWNER"}],"createUserId":"OMS_OWNER","apiId":"UPDATE_STAFF_REPORTS_LOCK","apiDescription":"Update Staff Report Lock","queryKey":"UPDATE_STAFF_REPORTS_LOCK","url":"Elite2Web/api/cmdaction/batchUpdateQuery","queryId":0,"createDatetime":1666270818000,"modifyDatetime":1667306545000,"modifyUserId":"OMS_OWNER","category":"PRODUCT"},{"quickAction":[{"queryId":112,"queryKey":"GET_STAFF_REPORTS_TO_LOCK","queryText":"select\n\tisr.agency_incident_id ,\n\tisr.lock_reference_time ,\n\tisr.incident_report_id,\n\t(select staff_id from staff_members sm where UPPER(user_id)=UPPER(user)) userid \nfrom\n\tincident_staff_reports isr,\n\tstaff_reports_maint srm1\nwhere\n\tisr.lock_flag = 'N' \n\tand isr.report_type = srm1.report_type\n\tand srm1.automatic_flag = 'Y'\n\tand (isr.lock_reference_time + (srm1.length ||' '|| srm1.length_unit)::interval)::text <to_char(SYSTIMESTAMP()::timestamptz,'YYYY-MM-DD hh24:mi:ss TZH')||':'||substr(to_char(SYSTIMESTAMP()::timestamptz,'YYYY-MM-DD hh24:mi:ss TZM'),instr(to_char(SYSTIMESTAMP()::timestamptz,'YYYY-MM-DD hh24:mi:ss TZM'),' ',-1)+1)::text","queryDesc":"Get Staff Reports To Lock","category":"PRODUCT"}],"actionParams":[],"createUserId":"OMS_OWNER","apiId":"GET_STAFF_REPORTS_TO_LOCK","apiDescription":"Get Staff Reports To Lock","queryKey":"GET_STAFF_REPORTS_TO_LOCK","url":"Elite2Web/api/cmdaction/executeSelectQuery","queryId":0,"createDatetime":1666270256000,"modifyDatetime":1666270256000,"category":"PRODUCT"}]