[{"quickAction":[{"queryId":567,"queryKey":"GET_REMISSION_EXPIRY_DATE","queryText":"select to_char(current_timestamp + :days * interval '1 day','yyyy-mm-ddT00:00:00') as expiry_date, to_char(current_timestamp + :days * interval '1 day', 'DD/MM/YYYY') as remission_due_date","queryDesc":"Get Remission Expiry Date","category":"CLIENT"}],"actionParams":[{"createUserId":"OMS_OWNER","parameterId":2070,"queryKey":"GET_REMISSION_EXPIRY_DATE","parameterCode":"days","parameterDescription":"Days","parameterType":"Number","createDatetime":1707975842107,"modifyDatetime":1707980562845,"modifyUserId":"OMS_OWNER"}],"createUserId":"OMS_OWNER","apiId":"GET_REMISSION_EXPIRY_DATE","apiDescription":"Get Remission Expiry Date","queryKey":"GET_REMISSION_EXPIRY_DATE","url":"Elite2Web/api/cmdaction/executeSelectQuery","queryId":0,"createDatetime":1707975874000,"category":"CLIENT"},{"quickAction":[{"queryId":568,"queryKey":"NOTIFY_REMISSION_ASSESSMENT_DUE","queryText":"Select 1 from Dual","queryDesc":"Notify Remission Assessment Due","category":"CLIENT"}],"actionParams":[{"createUserId":"OMS_OWNER","parameterId":2072,"queryKey":"NOTIFY_REMISSION_ASSESSMENT_DUE","parameterCode":"mailId","parameterDescription":"Mail Id","parameterType":"String","createDatetime":1708043127236},{"createUserId":"OMS_OWNER","parameterId":2073,"queryKey":"NOTIFY_REMISSION_ASSESSMENT_DUE","parameterCode":"remissionDueDate","parameterDescription":"Remission Due Date","parameterType":"String","createDatetime":1708328801324},{"createUserId":"OMS_OWNER","parameterId":2071,"queryKey":"NOTIFY_REMISSION_ASSESSMENT_DUE","parameterCode":"remissionExpiryDate","parameterDescription":"Remission Expiry Date","parameterType":"String","createDatetime":1707976151186}],"createUserId":"OMS_OWNER","apiId":"NOTIFY_REMISSION_ASSESSMENT_DUE","apiDescription":"Notify Remission Assessment Due","queryKey":"NOTIFY_REMISSION_ASSESSMENT_DUE","url":"Elite2Web/api/cmdaction/remissionDueNotify","queryId":0,"createDatetime":1707976214000,"modifyDatetime":1707976742000,"modifyUserId":"OMS_OWNER","category":"CLIENT"},{"quickAction":[{"queryId":481,"queryKey":"GET_TEAM_MAIL_ID","queryText":"select\n\tSTRING_AGG(distinct (at1.team_email), ',') as team_email\nfrom\n\tautomation_teams at1,\n\tteam_functions tf\nwhere\n\ttf.function_type = :function\n\tand at1.team_id = tf.team_id\n\tand at1.team_email is not null\n    and trim(at1.team_email)  <> ''","queryDesc":"Get Team Mail Id","category":"CLIENT"}],"actionParams":[{"createUserId":"OMS_OWNER","parameterId":1981,"queryKey":"GET_TEAM_MAIL_ID","parameterCode":"function","parameterDescription":"Function","parameterType":"String","createDatetime":1705543517491}],"createUserId":"OMS_OWNER","apiId":"GET_TEAM_MAIL_ID","apiDescription":"Get Team Mail Id","queryKey":"GET_TEAM_MAIL_ID","url":"Elite2Web/api/cmdaction/executeSelectQuery","queryId":0,"createDatetime":1699415477000,"modifyDatetime":1705543517000,"modifyUserId":"OMS_OWNER","category":"CLIENT"}]