[{"quickAction":[{"queryId":227,"queryKey":"OFF_FEE_BILLS_TRIGGERS","queryText":"SELECT 1 FROM DUEL","queryDesc":"Off Fee Bills Triggers","category":"PRODUCT"}],"actionParams":[{"createUserId":"OMS_OWNER","parameterId":389,"queryKey":"OFF_FEE_BILLS_TRIGGERS","parameterCode":"TriggerBean","parameterDescription":"TriggerBean","parameterType":"String","createDatetime":1684831605941,"modifyDatetime":1684831605941},{"createUserId":"OMS_OWNER","parameterId":390,"queryKey":"OFF_FEE_BILLS_TRIGGERS","parameterCode":"TriggerName","parameterDescription":"TriggerName","parameterType":"String","createDatetime":1684831605941,"modifyDatetime":1684831605941}],"createUserId":"OMS_OWNER","apiId":"OFF_FEE_BILLS_TRIGGERS","apiDescription":"Off Fee Bills Triggers","queryKey":"OFF_FEE_BILLS_TRIGGERS","url":"Elite2Web/api/ocdofacc/offFeeBillsTrigger","queryId":0,"createDatetime":1684831671000,"modifyDatetime":1684831671000,"category":"PRODUCT"},{"quickAction":[{"queryId":207,"queryKey":"UPDATE_FEE_OVERRIDE_QUERY","queryText":"update OFF_FEE_ACCOUNT_OVERRIDES set bill_generated_flag= 'Y' where OFF_FEE_OVERRIDE_ID = :off_fee_override_id","queryDesc":"Update Fee Override Flag","category":"PRODUCT"}],"actionParams":[{"createUserId":"OMS_OWNER","parameterId":352,"queryKey":"UPDATE_FEE_OVERRIDE_QUERY","parameterCode":"feeObject","parameterDescription":"feeObject","parameterType":"String","createDatetime":1682506215441,"modifyDatetime":1682506215441}],"createUserId":"OMS_OWNER","apiId":"UPDATE_FEE_OVERRIDE_QUERY","apiDescription":"Update Fee Override Flag","queryKey":"UPDATE_FEE_OVERRIDE_QUERY","url":"Elite2Web/api/cmdaction/batchUpdateQuery","queryId":0,"createDatetime":1682576568000,"modifyDatetime":1684754454000,"modifyUserId":"OMS_OWNER","category":"PRODUCT"},{"quickAction":[{"queryId":206,"queryKey":"INSERT_FEE_BILL_TXN","queryText":"insert\n\tinto\n\tOFF_FEE_BILL_TRANSACTIONS (BILL_ID,\n\tBILL_TXN_NO,\n\tBILL_TXN_DATETIME,\n\tBILL_TXN_STAFF_ID,\n\tBILL_TXN_USER,\n\tBILL_TXN_TYPE,\n\tBILL_TXN_AMOUNT,\n\tTRUST_TXN_ID,\n\tTRUST_TXN_ENTRY_SEQ,\n\tOFF_ADJ_CANC_RSN,\n\tOFF_ADJ_SUB_RSN,\n\tOFF_ADJ_TXN_ID,\n\tOFF_ADJ_REV_RSN,\n\tBILL_STATUS,\n\tBILL_AGING_START_DATE,\n\tBILL_AGING_END_DATE,\n\tBILL_TXN_COMMENT,\n\tORIGINAL_BILL_ID,\n\tORIGINAL_BILL_TXN_NO,\n\tORIGINAL_OFF_ADJ_TXN_ID,\n\tTXN_STATEMENT_GENERATED_FLAG,\n\tBILLING_STATEMENT_ID,\n\tCREATE_DATETIME,\n\tCREATE_USER_ID)\nvalues(:billId,\n:billTxnNo,\nto_date(replace(:billDate, 'T', ' '), 'yyyy-mm-dd HH24:MI:SS'),\nnull,\n:billTxnUser,\n:billTxnType,\n:billTxnAmount,\nnull,\nnull,\n:offAdjCancRsn,\n:offAdjSubRsn,\nnull,\n:offAdjRevRsn,\n:billStatus,\ndate_trunc('day',(TO_TIMESTAMP(replace(:bill_aging_start_date::text, 'T', ' '), 'yyyy-mm-dd HH24:MI:SS'))),\ndate_trunc('day',(TO_TIMESTAMP(replace(:bill_aging_end_date::text, 'T', ' '), 'yyyy-mm-dd HH24:MI:SS'))),\n:billTxnComment,\nnull,\nnull,\nnull,\n:txnStatementGeneratedFlag,\nnull,\ncurrent_timestamp,\n:createUserId)","queryDesc":"Fee Bill Txn Insert","category":"PRODUCT"}],"actionParams":[{"createUserId":"OMS_OWNER","parameterId":351,"queryKey":"INSERT_FEE_BILL_TXN","parameterCode":"feeTxnList","parameterDescription":"feeTxnList","parameterType":"List","createDatetime":1682506124115,"modifyDatetime":1684754934851,"modifyUserId":"OMS_OWNER"}],"createUserId":"OMS_OWNER","apiId":"INSERT_FEE_BILL_TXN","apiDescription":"Fee Bill Txn Insert","queryKey":"INSERT_FEE_BILL_TXN","url":"Elite2Web/api/cmdaction/batchUpdateQuery","queryId":0,"createDatetime":1682575243000,"modifyDatetime":1684754435000,"modifyUserId":"OMS_OWNER","category":"PRODUCT"},{"quickAction":[{"queryId":205,"queryKey":"OFF_FEE_BILL_INSERT","queryText":"insert\n\tinto\n\tOFF_FEE_BILLS(BILL_ID,\n\tOFFENDER_FEE_ID,\n\tBILL_DATE,\n\tBILL_GENERATE_DATETIME,\n\tBILL_GENERATE_AMOUNT,\n\tBILL_GENERATE_STAFF_ID,\n\tBILL_GENERATE_USER,\n\tBILL_AR_START_DATE,\n\tBILL_AR_DUE_DATE,\n\tBILL_LDPP_START_DATE,\n\tBILL_LDPP_END_DATE,\n\tSTATEMENT_GENERATED_FLAG,\n\tBILLING_STATEMENT_ID,\n\tCREATE_DATETIME,\n\tCREATE_USER_ID,\n\tBACK_BILL)\nvalues(:billId,\n:offender_fee_id,\ndate_trunc('day', TO_TIMESTAMP(replace(:billDate, 'T', ' '), 'yyyy-mm-dd HH24:MI:SS')),\ncurrent_timestamp,\n:billGenerateAmount,\nnull,\n:billGenerateUser,\ndate_trunc('day',(TO_TIMESTAMP(replace(:billExpectedStatementDate::text, 'T', ' '), 'yyyy-mm-dd HH24:MI:SS'))) ,\n(\nselect\n\t( date_trunc('day',(TO_TIMESTAMP(replace(:billExpectedStatementDate::text, 'T', ' '), 'yyyy-mm-dd HH24:MI:SS'))) + (29 || ' DAYS')::interval )\nfrom\n\tDUAL),\n(\nselect\n\t( date_trunc('day',(TO_TIMESTAMP(replace(:billExpectedStatementDate::text, 'T', ' '), 'yyyy-mm-dd HH24:MI:SS'))) + (30 || ' DAYS')::interval )\nfrom\n\tDUAL),\n(\nselect\n\t( date_trunc('day',(TO_TIMESTAMP(replace(:billExpectedStatementDate::text, 'T', ' '), 'yyyy-mm-dd HH24:MI:SS'))) + (119 || ' DAYS')::interval )\nfrom\n\tDUAL),\n:statementGeneratedFlag,\nnull,\ncurrent_timestamp,\n:createUserId,\n:back_bill)","queryDesc":"Off Fee Bill Insert","category":"PRODUCT"}],"actionParams":[{"createUserId":"OMS_OWNER","parameterId":350,"queryKey":"OFF_FEE_BILL_INSERT","parameterCode":"feeList","parameterDescription":"feeList","parameterType":"List","createDatetime":1682506012090,"modifyDatetime":1684754907850,"modifyUserId":"OMS_OWNER"}],"createUserId":"OMS_OWNER","apiId":"OFF_FEE_BILL_INSERT","apiDescription":"Off Fee Bill Insert","queryKey":"OFF_FEE_BILL_INSERT","url":"Elite2Web/api/cmdaction/batchUpdateQuery","queryId":0,"createDatetime":1682573133000,"modifyDatetime":1684754423000,"modifyUserId":"OMS_OWNER","category":"PRODUCT"},{"quickAction":[{"queryId":217,"queryKey":"GET_STATEMENT_DATES","queryText":"select  START_DATE,STATUS_EFFECTIVE_DATE, STATEMENTDATE,STATEMENTDATE-1 BILL_AGING_END_DATE ,ADD_MONTHS(STATEMENTDATE,-1) BILL_AGING_START_DATE,\nCASE WHEN extract(MONTH from current_date) =extract(MONTH from BILL_DATE) AND extract(YEAR from current_date) = extract(YEAR from BILL_DATE) THEN 'N' ELSE 'Y' END BACK_BILL\nfrom (\nselect STATUS_EFFECTIVE_DATE ,BILL_DATE,START_DATE,\n case\nwhen to_date(BILL_DATE::text,'YY/MM/DD') <= to_date(current_date::text,'YY/MM/DD') and pf::integer+1>=extract(DAY from BILL_DATE) and pf::integer+1>extract(DAY from LAST_DAY(BILL_DATE))then to_date(add_months(to_date(extract(YEAR from BILL_DATE)||'-'||extract(MONTH from BILL_DATE)||'-'||1,'YYYY/MM/DD'),1)::text,'YYYY/MM/DD')\nwhen to_date(BILL_DATE::text,'YY/MM/DD') <= to_date(current_date::text,'YY/MM/DD') and  pf::integer+1<extract(DAY from BILL_DATE) and pf::integer+1<extract(DAY from LAST_DAY(ADD_MONTHS(BILL_DATE,1))) then to_date((extract(YEAR from ADD_MONTHS(BILL_DATE,1))||'-'||extract(MONTH from ADD_MONTHS(BILL_DATE,1))||'-'||pf::integer+1,'YY/MM/DD')::text,'YY/MM/DD')\nwhen to_date(BILL_DATE::text,'YY/MM/DD') <= to_date(current_date::text,'YY/MM/DD') and  pf::integer+1<extract(DAY from BILL_DATE) and pf::integer+1>extract(DAY from LAST_DAY(ADD_MONTHS(BILL_DATE,1))) then to_date((extract(YEAR from ADD_MONTHS(BILL_DATE,2))||'-'||extract(MONTH from ADD_MONTHS(BILL_DATE,2))||'-'||1,'YY/MM/DD')::text,'YY/MM/DD')\nwhen to_date(BILL_DATE::text,'YY/MM/DD') <= to_date(current_date::text,'YY/MM/DD')  then to_date(extract(YEAR from BILL_DATE)||'-'||extract(MONTH from BILL_DATE)||'-'||pf::integer+1,'YY/MM/DD')\nend  STATEMENTDATE\nFROM\n(select STATUS_EFFECTIVE_DATE BILL_DATE, STATUS_EFFECTIVE_DATE,START_DATE,\n(SELECT profile_value from system_profiles where profile_code='BILL_END_DAY'and profile_type='CLIENT') pf\n  FROM OFF_FEE_ACCOUNT_PROFILE OFP where  OFP.OFFENDER_FEE_ID =:offenderFeeId)billdate)effBillDate;","queryDesc":"Get Statement Dates","category":"PRODUCT"}],"actionParams":[{"createUserId":"OMS_OWNER","parameterId":366,"queryKey":"GET_STATEMENT_DATES","parameterCode":"offenderFeeId","parameterDescription":"offenderFeeId","parameterType":"Number","createDatetime":1683886495739,"modifyDatetime":1683886495739}],"createUserId":"OMS_OWNER","apiId":"GET_STATEMENT_DATES","apiDescription":"Get Statement Dates","queryKey":"GET_STATEMENT_DATES","url":"Elite2Web/api/cmdaction/executeSelectQuery","queryId":0,"createDatetime":1683888538000,"modifyDatetime":1683888538000,"category":"PRODUCT"},{"quickAction":[{"queryId":216,"queryKey":"GET_OFF_TRANSFER_BILL_DATA","queryText":"select\n(select offender_id_display from v_header_block where offender_book_id = bkg) iddisplay,\nOFFENDER_FEE_ID,CID CASELOAD_ID,AMOUNT,START_date,FEE_ACT_STATUS ,bkg offender_book_id,FC FEE_CODE,expiry_date,\nCASE WHEN FCO IS NULL THEN 'ONE'\nWHEN FCO IS NOT NULL THEN FCO\nEND FREQUENCY_CODE,\nbill_date,status_effective_date,DAY_OF_MONTH, to_date(status_effective_date::text,'YYYY/MM/DD') NEXTBILLDATEVAL,\ncase when bill_date is null then to_date(START_DATE::text,'YYYY/MM/DD')\nwhen bill_date is not null then to_date(bill_date::text,'YYYY/MM/DD')\nEND startDateVal,deduction_type\nfrom(SELECT OFFENDER_FEE_ID, CASELOAD_ID CID,AMOUNT,START_date,FEE_ACT_STATUS,FEE_CODE FC,status_effective_date\n,offender_book_id bkg,expiry_date,DAY_OF_MONTH,\n(select max(bill_date)from off_fee_bills where offender_fee_id = OFP.OFFENDER_FEE_ID) bill_date,\n(select max(bill_id) from off_fee_bills where offender_fee_id = OFP.OFFENDER_FEE_ID ) billid,\nCASE WHEN (SELECT count(*) FROM CASELOAD_DEDUCTION_PROFILES WHERE CASELOAD_ID=OFP.CASELOAD_ID AND DEDUCTION_TYPE=OFP.FEE_CODE and FO_AL_ALL_OFFENDER_FLAG = 'Y' and NON_BILLABLE_STATUS = 'Y' ) > 0 then 'SUPV' else 'N'\nend deduction_type,\n(SELECT frequency_code FROM CASELOAD_DEDUCTION_PROFILES WHERE CASELOAD_ID=OFP.CASELOAD_ID AND DEDUCTION_TYPE=OFP.FEE_CODE)FCO\nFROM OFF_FEE_ACCOUNT_PROFILE OFP\nWHERE\n(FEE_CODE in (SELECT DEDUCTION_TYPE  FROM CASELOAD_DEDUCTION_PROFILES WHERE FREQUENCY_TYPE='RECUR'and frequency_code='MONTHLY' AND CASELOAD_ID=OFP.CASELOAD_ID AND DEDUCTION_TYPE=OFP.FEE_CODE\n)and FEE_ACT_STATUS in ('S','C') and to_date(OFP.status_effective_date::text,'YYYY/MM/DD')<=to_date(current_date::text,'YYYY/MM/DD')\n)\nOR\n( FEE_CODE in (SELECT DEDUCTION_TYPE  FROM CASELOAD_DEDUCTION_PROFILES WHERE FREQUENCY_TYPE='RECUR' and frequency_code='DAILY' AND CASELOAD_ID=OFP.CASELOAD_ID AND DEDUCTION_TYPE=OFP.FEE_CODE\n)and FEE_ACT_STATUS in ('S','C') and to_date(OFP.status_effective_date::text,'YYYY/MM/DD')<=to_date(current_date::text,'YYYY/MM/DD')\n)\nOR\n(OFFENDER_FEE_ID not in (select OFFENDER_FEE_ID from off_fee_bills where offender_fee_id = OFFENDER_FEE_ID) AND\nFEE_CODE in (SELECT DEDUCTION_TYPE FROM CASELOAD_DEDUCTION_PROFILES WHERE FREQUENCY_TYPE='ONE' AND CASELOAD_ID=OFP.CASELOAD_ID AND DEDUCTION_TYPE=OFP.FEE_CODE)\nand to_date(status_effective_date::text,'YYYY/MM/DD')<= to_date(current_date::text,'YYYY/MM/DD') AND expiry_date IS NOT NULL  and FEE_ACT_STATUS ='C')\n)offDetails where\n(bkg in (SELECT offender_book_id FROM ext_ownership_transfer where offender_book_id IN (SELECT offender_book_id FROM OFFENDER_BOOKING_EVENTS WHERE offender_book_id = bkg AND FROM_AGY_LOC_ID = AGY_LOC_ID_FROM AND TO_AGY_LOC_ID =AGY_LOC_ID_TO\nAND to_date(CREATION_DATE::text,'YYYY/MM/DD') >=TO_DATE(TRANSFER_DATE::text,'YYYY/MM/DD') AND event_seq=(select max(event_seq) from OFFENDER_BOOKING_EVENTS OBE where offender_book_id=bkg)\nand FROM_AGY_LOC_ID  in (select AGY_LOC_ID FROM CASELOAD_AGENCY_LOCATIONS CAL WHERE CAL.CASELOAD_ID = CID)\n) AND transfer_flag = 'Y')\nOR ( BKG IN (SELECT offender_book_id FROM ext_ownership_transfer where offender_book_id =BKG) AND deduction_type= 'N')\n)\nand (BILL_DATE is null or\n(BILL_DATE is not null and (extract(month from BILL_DATE)< extract(month from STATUS_EFFECTIVE_DATE) or extract(year from BILL_DATE)< extract(year from STATUS_EFFECTIVE_DATE))\nand FCO='MONTHLY' and to_date(STATUS_EFFECTIVE_DATE::text,'YYYY/MM/DD') > to_date(BILL_DATE::text,'YYYY/MM/DD'))\nor (BILL_DATE is not null and (FCO='DAILY' and to_date(STATUS_EFFECTIVE_DATE::text,'YYYY/MM/DD') > to_date(BILL_DATE::text,'YYYY/MM/DD')))\n)\nand (deduction_type= 'N' or (deduction_type= 'SUPV' and  DAY_OF_MONTH = extract(DAY from STATUS_EFFECTIVE_DATE))) ORDER BY STATUS_EFFECTIVE_DATE DESC\nfetch first 5 rows only","queryDesc":"Get Offender Transfer Bill data","category":"PRODUCT"}],"actionParams":[],"createUserId":"OMS_OWNER","apiId":"GET_OFF_TRANSFER_BILL_DATA","apiDescription":"Get Offender Transfer Bill data","queryKey":"GET_OFF_TRANSFER_BILL_DATA","url":"Elite2Web/api/cmdaction/executeSelectQuery","queryId":0,"createDatetime":1683888374000,"modifyDatetime":1683888374000,"category":"PRODUCT"},{"quickAction":[{"queryId":213,"queryKey":"GET_FEE_ACC_BILL_AMOUNT","queryText":"select\n\tNOOFDAYS,\n\tcase\n\t\twhen fs = 'P'\n\t\tand fa = pp then 0\n\t\twhen fs = 'P'\n\t\tand fa>pp then fa-pp\n\t\twhen fs = 'P'\n\t\tand fa<pp then pp-fa\n\t\twhen fs != 'P' then fa\n\tend FEEAMOUNT,\n\tNOOFDAYS * fa TOTALAMOUNT\nfrom\n\t(select case\n\t\t\t\twhen(TO_DATE(:billDate::text, 'YY/MM/DD')>TO_DATE(:startDate::text, 'YY/MM/DD')) then(TO_DATE(:billDate::text, 'YY/MM/DD')-TO_DATE(:startDate::text, 'YY/MM/DD'))::integer\n\t\t\t\telse 1\n\t\t\tend NOOFDAYS, CAST(:prepaidamount as DECIMAL(9,0)) pp,:feeAmount fa,\n\t\t:feeActStatus fs)a","queryDesc":"Get Fee Account Bill Amount","category":"PRODUCT"}],"actionParams":[{"createUserId":"OMS_OWNER","parameterId":360,"queryKey":"GET_FEE_ACC_BILL_AMOUNT","parameterCode":"billDate","parameterDescription":"billDate","parameterType":"String","createDatetime":1683714455459,"modifyDatetime":1683714455459},{"createUserId":"OMS_OWNER","parameterId":361,"queryKey":"GET_FEE_ACC_BILL_AMOUNT","parameterCode":"prepaidamount","parameterDescription":"prepaidamount","parameterType":"String","createDatetime":1683714455459,"modifyDatetime":1685957082301,"modifyUserId":"V"},{"createUserId":"OMS_OWNER","parameterId":362,"queryKey":"GET_FEE_ACC_BILL_AMOUNT","parameterCode":"feeAmount","parameterDescription":"feeAmount","parameterType":"Number","createDatetime":1683714455459,"modifyDatetime":1683714455459},{"createUserId":"OMS_OWNER","parameterId":363,"queryKey":"GET_FEE_ACC_BILL_AMOUNT","parameterCode":"offenderFeeId","parameterDescription":"offenderFeeId","parameterType":"Number","createDatetime":1683714455459,"modifyDatetime":1683714455459},{"createUserId":"OMS_OWNER","parameterId":364,"queryKey":"GET_FEE_ACC_BILL_AMOUNT","parameterCode":"startDate","parameterDescription":"startDate","parameterType":"String","createDatetime":1683714455459,"modifyDatetime":1683714455459},{"createUserId":"OMS_OWNER","parameterId":365,"queryKey":"GET_FEE_ACC_BILL_AMOUNT","parameterCode":"feeActStatus","parameterDescription":"feeActStatus","parameterType":"String","createDatetime":1683714455459,"modifyDatetime":1683714455459}],"createUserId":"OMS_OWNER","apiId":"GET_FEE_ACC_BILL_AMOUNT","apiDescription":"Get Fee Account Bill Amount","queryKey":"GET_FEE_ACC_BILL_AMOUNT","url":"Elite2Web/api/cmdaction/executeSelectQuery","queryId":0,"createDatetime":1683714511000,"modifyDatetime":1683714511000,"category":"PRODUCT"},{"quickAction":[{"queryId":198,"queryKey":"GET_CASELOAD_SEQ","queryText":"SELECT NEXTVAL('SEQUENCE_FEE_BILL_'||:caseloadId) FROM DUAL","queryDesc":"Get Caseload Seq","category":"PRODUCT"}],"actionParams":[{"createUserId":"OMS_OWNER","parameterId":357,"queryKey":"GET_CASELOAD_SEQ","parameterCode":"caseloadId","parameterDescription":"caseloadId","parameterType":"String","createDatetime":1682946497925,"modifyDatetime":1682946497925}],"createUserId":"OMS_OWNER","apiId":"GET_CASELOAD_SEQ","apiDescription":"Get Caseload Seq","queryKey":"GET_CASELOAD_SEQ","url":"Elite2Web/api/cmdaction/getSeqQuery","queryId":0,"createDatetime":1682506699000,"modifyDatetime":1683617160000,"modifyUserId":"OMS_OWNER","category":"PRODUCT"},{"quickAction":[{"queryId":204,"queryKey":"DAILY_AMOUNT_WITH_PREPAID","queryText":"select NOOFDAYS, case when fs = 'P' and fa = pp then 0 when fs = 'P' and fa>pp then fa-pp when fs = 'P' and fa<pp then pp-fa when fs != 'P' then fa end FEEAMOUNT, case when SUM(ODCOUNT)is null and fs = 'P' and fa>pp then NOOFDAYS *(fa-pp) when SUM(ODCOUNT)is null and fs = 'P' and fa<pp then NOOFDAYS *(pp-fa) when SUM(ODCOUNT)is null then NOOFDAYS * fa when SUM(ODCOUNT)is not null and NOOFDAYS = SUM(ODCOUNT)then SUM(ODCOUNT * OA) when SUM(ODCOUNT)is not null then((NOOFDAYS-SUM(ODCOUNT))* fa)+ SUM(ODCOUNT * OA) end TOTALAMOUNT from ( select :prepaidamount pp, :feeActStatus fs, fa, case when OSD = START_DATE and OED is null then NOOFDAYS when OSD >= START_DATE and OED is null then(BILL_DATE-OSD)::integer + 1 when OSD<START_DATE and OED is null then(BILL_DATE-start_date)::integer when OSD = BILL_DATE then 1 when OSD<START_DATE and OED>BILL_DATE then NOOFDAYS when PRIORITY_INDICATOR is null and OSD >= START_DATE and OED >= BILL_DATE then(BILL_DATE-OSD)::integer + 1 when PRIORITY_INDICATOR is null and OSD >= START_DATE and OED <= BILL_DATE then(OED-OSD)::integer + 1 when PRIORITY_INDICATOR is null and OSD <= START_DATE and OED <= BILL_DATE then(OED-START_DATE)::integer + 1 when PRIORITY_INDICATOR = 1 then(OED-OSD)::integer + 1 when PRIORITY_INDICATOR>1 and PRVENDDATE is null then(OED-OSD)::integer + 1 when PRIORITY_INDICATOR>1 and PRVENDDATE is not null and OED>PRVENDDATE then(OED-PRVENDDATE)::integer + 1 end ODCOUNT, NOOFDAYS, case when OA is null then 0 when OA is not null then OA end OA from ( select TO_DATE(OVERRIDE_START_DATE::text, 'YY/MM/DD')OSD, TO_DATE(OVERRIDE_END_DATE::text, 'YY/MM/DD') OED, PRIORITY_INDICATOR, case when :feeActStatus = 'P' and :prepaidamount>OVERRIDE_AMOUNT then :prepaidamount-OVERRIDE_AMOUNT when :feeActStatus = 'P' and :prepaidamount<OVERRIDE_AMOUNT then OVERRIDE_AMOUNT-:prepaidamount when :feeActStatus != 'P' then OVERRIDE_AMOUNT end OA, case when PRIORITY_INDICATOR>1 then( select MAX(OVERRIDE_END_DATE) from OFF_FEE_ACCOUNT_OVERRIDES OFO where OFFENDER_FEE_ID =:offenderFeeId and OVERRIDE_TYPE = 'CRT' and OFO.PRIORITY_INDICATOR<PRIORITY_INDICATOR and(TO_DATE(OVERRIDE_END_DATE::text, 'YY/MM/DD')between TO_DATE(:startDate, 'YY/MM/DD')and TO_DATE(:billDate, 'YY/MM/DD'))) end PRVENDDATE, TO_DATE(:startDate::text, 'YY/MM/DD')START_DATE, TO_DATE(:billDate::text, 'YY/MM/DD')BILL_DATE, :feeAmount fa, case when(TO_DATE(:billDate::text, 'YY/MM/DD')>TO_DATE(:startDate::text, 'YY/MM/DD')) then(TO_DATE(:billDate::text, 'YY/MM/DD')-TO_DATE(:startDate::text, 'YY/MM/DD'))::integer else 1 end NOOFDAYS from OFF_FEE_ACCOUNT_OVERRIDES OFO where OFFENDER_FEE_ID =:offenderFeeId and((TO_DATE(OVERRIDE_START_DATE::text, 'YYYY/MM/DD')between TO_DATE(:startDate::text, 'YYYY/MM/DD')and TO_DATE(:billDate::text, 'YYYY/MM/DD')) or(TO_DATE(OVERRIDE_END_DATE::text, 'YY/MM/DD')between TO_DATE(:startDate::text, 'YY/MM/DD')and TO_DATE(:billDate::text, 'YY/MM/DD')) or(TO_DATE(:startDate::text, 'YY/MM/DD')between TO_DATE(OVERRIDE_START_DATE::text, 'YY/MM/DD')and TO_DATE(OVERRIDE_END_DATE::text, 'YY/MM/DD')) or(TO_DATE(:billDate::text, 'YY/MM/DD')between TO_DATE(OVERRIDE_START_DATE::text, 'YY/MM/DD')and TO_DATE(OVERRIDE_END_DATE::text, 'YY/MM/DD')) or TO_DATE(OVERRIDE_START_DATE::text, 'YY/MM/DD')= TO_DATE(:startDate::text, 'YY/MM/DD') or TO_DATE(OVERRIDE_START_DATE::text, 'YY/MM/DD')= TO_DATE(:billDate::text, 'YY/MM/DD') or TO_DATE(OVERRIDE_END_DATE::text, 'YY/MM/DD')= TO_DATE(:startDate::text, 'YY/MM/DD') or TO_DATE(OVERRIDE_END_DATE::text, 'YY/MM/DD')= TO_DATE(:billDate::text, 'YY/MM/DD') or TO_DATE(OVERRIDE_START_DATE::text, 'YY/MM/DD')<= TO_DATE(:billDate::text, 'YY/MM/DD') and TO_DATE(OVERRIDE_END_DATE::text, 'YY/MM/DD')is null) order by PRIORITY_INDICATOR, OVERRIDE_START_DATE desc)bdate)pp group by NOOFDAYS, fs, fa, pp","queryDesc":"Daily Prepaid Amount","category":"PRODUCT"}],"actionParams":[{"createUserId":"OMS_OWNER","parameterId":344,"queryKey":"DAILY_AMOUNT_WITH_PREPAID","parameterCode":"billDate","parameterDescription":"billDate","parameterType":"String","createDatetime":1682504703921,"modifyDatetime":1683095689222,"modifyUserId":"OMS_OWNER"},{"createUserId":"OMS_OWNER","parameterId":348,"queryKey":"DAILY_AMOUNT_WITH_PREPAID","parameterCode":"prepaidamount","parameterDescription":"prepaidamount","parameterType":"Number","createDatetime":1682504703921,"modifyDatetime":1683093919084,"modifyUserId":"OMS_OWNER"},{"createUserId":"OMS_OWNER","parameterId":346,"queryKey":"DAILY_AMOUNT_WITH_PREPAID","parameterCode":"feeAmount","parameterDescription":"feeAmount","parameterType":"Number","createDatetime":1682504703921,"modifyDatetime":1683092179515,"modifyUserId":"OMS_OWNER"},{"createUserId":"OMS_OWNER","parameterId":347,"queryKey":"DAILY_AMOUNT_WITH_PREPAID","parameterCode":"offenderFeeId","parameterDescription":"offenderFeeId","parameterType":"Number","createDatetime":1682504703921,"modifyDatetime":1683099722171,"modifyUserId":"OMS_OWNER"},{"createUserId":"OMS_OWNER","parameterId":349,"queryKey":"DAILY_AMOUNT_WITH_PREPAID","parameterCode":"startDate","parameterDescription":"startDate","parameterType":"String","createDatetime":1682504703921,"modifyDatetime":1683095689222,"modifyUserId":"OMS_OWNER"},{"createUserId":"OMS_OWNER","parameterId":345,"queryKey":"DAILY_AMOUNT_WITH_PREPAID","parameterCode":"feeActStatus","parameterDescription":"feeActStatus","parameterType":"String","createDatetime":1682504703921,"modifyDatetime":1683092179515,"modifyUserId":"OMS_OWNER"}],"createUserId":"OMS_OWNER","apiId":"DAILY_AMOUNT_WITH_PREPAID","apiDescription":"Daily Prepaid Amount","queryKey":"DAILY_AMOUNT_WITH_PREPAID","url":"Elite2Web/api/cmdaction/executeSelectQuery","queryId":0,"createDatetime":1682572517000,"modifyDatetime":1682572517000,"category":"PRODUCT"},{"quickAction":[{"queryId":203,"queryKey":"DAILY_FEE_OVERRIDE_DATA","queryText":"select\n\tOFF_FEE_OVERRIDE_ID,\n\tOVERRIDE_START_DATE,\n\tOVERRIDE_END_DATE,\n\tPRIORITY_INDICATOR,\n\tOFFENDER_FEE_ID,\n\tOVERRIDE_TYPE,\n\toverride_amount \nfrom\n\tOFF_FEE_ACCOUNT_OVERRIDES OFO\nwhere\n\tOFFENDER_FEE_ID = :offenderFeeId\n\tand OVERRIDE_TYPE in ('CRT', 'CTY')\n\tand (\n\t((TO_DATE(OVERRIDE_START_DATE::text, 'YY/MM/DD')) between TO_DATE(:startDate::text, 'YY/MM/DD') and TO_DATE(:billDate::text, 'YY/MM/DD'))\n\t\tor (TO_DATE(OVERRIDE_END_DATE::text, 'YY/MM/DD') between TO_DATE(:startDate::text, 'YY/MM/DD') and TO_DATE(:billDate::text, 'YY/MM/DD'))\n\t\t\tor\nTO_DATE(OVERRIDE_START_DATE::text, 'YY/MM/DD') = TO_DATE(:startDate::text, 'YY/MM/DD')\n\t\t\t\tor\nTO_DATE(OVERRIDE_START_DATE::text, 'YY/MM/DD') = TO_DATE(:billDate::text, 'YY/MM/DD')\n\t\t\t\t\tor\nTO_DATE(OVERRIDE_END_DATE::text, 'YY/MM/DD') = TO_DATE(:startDate::text, 'YY/MM/DD')\n\t\t\t\t\t\tor\nTO_DATE(OVERRIDE_END_DATE::text, 'YY/MM/DD') = TO_DATE(:billDate::text, 'YY/MM/DD')\n)","queryDesc":"Daily Fee Override Data","category":"PRODUCT"}],"actionParams":[{"createUserId":"OMS_OWNER","parameterId":342,"queryKey":"DAILY_FEE_OVERRIDE_DATA","parameterCode":"billDate","parameterDescription":"billDate","parameterType":"String","createDatetime":1682504215961,"modifyDatetime":1683532252351,"modifyUserId":"OMS_OWNER"},{"createUserId":"OMS_OWNER","parameterId":343,"queryKey":"DAILY_FEE_OVERRIDE_DATA","parameterCode":"offenderFeeId","parameterDescription":"offenderFeeId","parameterType":"Number","createDatetime":1682504215961,"modifyDatetime":1683532252351,"modifyUserId":"OMS_OWNER"},{"createUserId":"OMS_OWNER","parameterId":356,"queryKey":"DAILY_FEE_OVERRIDE_DATA","parameterCode":"startDate","parameterDescription":"startDate","parameterType":"String","createDatetime":1682580659067,"modifyDatetime":1683532252351,"modifyUserId":"OMS_OWNER"}],"createUserId":"OMS_OWNER","apiId":"DAILY_FEE_OVERRIDE_DATA","apiDescription":"Daily Fee Override Data","queryKey":"DAILY_FEE_OVERRIDE_DATA","url":"Elite2Web/api/cmdaction/executeSelectQuery","queryId":0,"createDatetime":1682572480000,"modifyDatetime":1682572480000,"category":"PRODUCT"},{"quickAction":[{"queryId":202,"queryKey":"GET_FEE_OVERRIDEDATA_OM","queryText":"select\n\tOFF_FEE_OVERRIDE_ID,\n\tOVERRIDE_START_DATE,\n\tOVERRIDE_END_DATE,\n\tPRIORITY_INDICATOR,\n\tOFFENDER_FEE_ID,\n\toverride_type,\n\tOVERRIDE_AMOUNT\nfrom\n\tOFF_FEE_ACCOUNT_OVERRIDES ofo\nwhere\n\tOFFENDER_FEE_ID = :offenderFeeId\n\tand((PRIORITY_INDICATOR is null\n\t\tand\n(\n(TO_DATE(:billDate::text, 'YY/MM/DD') between TO_DATE(OVERRIDE_START_DATE::text, 'YY/MM/DD') and TO_DATE(OVERRIDE_END_DATE::text, 'YY/MM/DD'))\n\t\t\tor TO_DATE(OVERRIDE_START_DATE::text, 'YY/MM/DD') = TO_DATE(:billDate::text, 'YY/MM/DD')\n\t\t\t\tor TO_DATE(OVERRIDE_END_DATE::text, 'YY/MM/DD') = TO_DATE(:billDate::text, 'YY/MM/DD')\n\t\t\t\t\tor\nTO_DATE(OVERRIDE_START_DATE::text, 'YY/MM/DD') <= TO_DATE(:billDate::text, 'YY/MM/DD')\n\t\t\t\t\t\tand TO_DATE(OVERRIDE_END_DATE::text, 'YY/MM/DD') is null\n))\n\t\tor\nPRIORITY_INDICATOR =(\n\t\tselect\n\t\t\tmin(PRIORITY_INDICATOR)\n\t\tfrom\n\t\t\tOFF_FEE_ACCOUNT_OVERRIDES\n\t\twhere\n\t\t\tOFFENDER_FEE_ID = :offenderFeeId\n\t\t\tand override_type = 'CRT'\n\t\t\tand\n((TO_DATE(:billDate::text, 'YY/MM/DD') between TO_DATE(OVERRIDE_START_DATE::text, 'YY/MM/DD') and TO_DATE(OVERRIDE_END_DATE::text, 'YY/MM/DD'))\n\t\t\t\tor TO_DATE(OVERRIDE_START_DATE::text, 'YY/MM/DD') = TO_DATE(:billDate::text, 'YY/MM/DD')\n\t\t\t\t\tor TO_DATE(OVERRIDE_END_DATE::text, 'YY/MM/DD') = TO_DATE(:billDate::text, 'YY/MM/DD'))))\n","queryDesc":"Monthly Fee Override Data","category":"PRODUCT"}],"actionParams":[{"createUserId":"OMS_OWNER","parameterId":340,"queryKey":"GET_FEE_OVERRIDEDATA_OM","parameterCode":"billDate","parameterDescription":"billDate","parameterType":"String","createDatetime":1682504027038,"modifyDatetime":1682504507605,"modifyUserId":"OMS_OWNER"},{"createUserId":"OMS_OWNER","parameterId":355,"queryKey":"GET_FEE_OVERRIDEDATA_OM","parameterCode":"offenderFeeId","parameterDescription":"offenderFeeId","parameterType":"Number","createDatetime":1682579522340,"modifyDatetime":1682579522340}],"createUserId":"OMS_OWNER","apiId":"GET_FEE_OVERRIDEDATA_OM","apiDescription":"Monthly Fee Override Data","queryKey":"GET_FEE_OVERRIDEDATA_OM","url":"Elite2Web/api/cmdaction/executeSelectQuery","queryId":0,"createDatetime":1682572455000,"modifyDatetime":1682572455000,"category":"PRODUCT"}]