[{"quickAction":[{"queryId":368,"queryKey":"GET_OFFENDER_ALIAS_DETAILS_BY_PIN","queryText":"select\n\troot_offender_id,\n\toffender_id_display, \n\talias_name_type, \n\tid_source_code,\n\tgender_code,\n\tsex_code,\n\tlast_name_soundex\nfrom\n\toffenders o\nwhere\n\toffender_id = (select offender_id  from offender_bookings ob where root_offender_id = (select root_offender_id  from offender_identifiers oi where identifier_type = 'PIN' and identifier = :pin) order by modify_datetime desc limit 1)","queryDesc":"Get Offender Alias Details by Pin","category":"CLIENT"}],"actionParams":[{"createUserId":"OMS_OWNER","parameterId":758,"queryKey":"GET_OFFENDER_ALIAS_DETAILS_BY_PIN","parameterCode":"pin","parameterDescription":"Pin","parameterType":"String","createDatetime":1704235844803,"modifyDatetime":1704235844803}],"createUserId":"OMS_OWNER","apiId":"GET_OFFENDER_ALIAS_DETAILS_BY_PIN","apiDescription":"Get Offender Alias Details By Pin","queryKey":"GET_OFFENDER_ALIAS_DETAILS_BY_PIN","url":"Elite2Web/api/cmdaction/executeSelectQuery","queryId":0,"createDatetime":1704235844000,"modifyDatetime":1704235844000,"category":"CLIENT"},{"quickAction":[{"queryId":367,"queryKey":"GET_OFFENDER_ID_FOR_ALIAS_RECORD","queryText":"SELECT coalesce (MAX(OFFENDER_ID),0) + 1 as offender_id FROM   OFFENDERS","queryDesc":"Get Offender Id for Alias Record","category":"CLIENT"}],"actionParams":[],"createUserId":"OMS_OWNER","apiId":"GET_OFFENDER_ID_FOR_ALIAS_RECORD","apiDescription":"Get Offender Id for Alias Record","queryKey":"GET_OFFENDER_ID_FOR_ALIAS_RECORD","url":"Elite2Web/api/cmdaction/executeSelectQuery","queryId":0,"createDatetime":1704235844000,"modifyDatetime":1704235844000,"category":"CLIENT"},{"quickAction":[{"queryId":369,"queryKey":"INSERT_ALIAS_DETAILS","queryText":"insert\n\tinto\n\tOFFENDERS(OFFENDER_ID,\n\tID_SOURCE_CODE,\n\tLAST_NAME,\n\tFIRST_NAME,\n\tMIDDLE_NAME,\n\tBIRTH_DATE,\n\tSEX_CODE,\n\tLAST_NAME_SOUNDEX,\n\tCREATE_DATE,\n\tLAST_NAME_KEY,\n\tFIRST_NAME_KEY,\n\tMIDDLE_NAME_KEY,\n\tOFFENDER_ID_DISPLAY,\n\tROOT_OFFENDER_ID,\n\tALIAS_NAME_TYPE,\n\tCREATE_USER_ID,\n\tCREATE_DATETIME,\n\tGENDER_CODE,\n\tSECOND_MIDDLE_NAME )\nvalues(:offenderId::bigint,\n:idSourceCode,\n:lastName,\n:firstName,\n:middleName,\nTO_TIMESTAMP(:birthDate, 'MM/DD/YYYY')::timestamp,\n:sexCode,\n:lastNameSoundex,\ncurrent_timestamp,\n:lastName,\n:firstName,\n:middleName,\n:offenderIdDisplay,\n:rootOffenderId::bigint,\n:aliasNameType,\n:createUserId,\ncurrent_timestamp,\n:genderCode,\n:secondMiddleName)","queryDesc":"Insert Alias Details","category":"CLIENT"}],"actionParams":[{"createUserId":"OMS_OWNER","parameterId":759,"queryKey":"INSERT_ALIAS_DETAILS","parameterCode":"aliasNameType","parameterDescription":"Alias Name Type","parameterType":"String","createDatetime":1704235844803,"modifyDatetime":1704235844803},{"createUserId":"OMS_OWNER","parameterId":760,"queryKey":"INSERT_ALIAS_DETAILS","parameterCode":"birthDate","parameterDescription":"Birth Date","parameterType":"String","createDatetime":1704235844803,"modifyDatetime":1704235844803},{"createUserId":"OMS_OWNER","parameterId":761,"queryKey":"INSERT_ALIAS_DETAILS","parameterCode":"createUserId","parameterDescription":"Create User Id","parameterType":"String","createDatetime":1704235844803,"modifyDatetime":1704235844803},{"createUserId":"OMS_OWNER","parameterId":762,"queryKey":"INSERT_ALIAS_DETAILS","parameterCode":"firstName","parameterDescription":"First Name","parameterType":"String","createDatetime":1704235844803,"modifyDatetime":1704235844803},{"createUserId":"OMS_OWNER","parameterId":763,"queryKey":"INSERT_ALIAS_DETAILS","parameterCode":"genderCode","parameterDescription":"Gender Code","parameterType":"String","createDatetime":1704235844803,"modifyDatetime":1704235844803},{"createUserId":"OMS_OWNER","parameterId":764,"queryKey":"INSERT_ALIAS_DETAILS","parameterCode":"idSourceCode","parameterDescription":"Id Source Code","parameterType":"String","createDatetime":1704235844803,"modifyDatetime":1704235844803},{"createUserId":"OMS_OWNER","parameterId":765,"queryKey":"INSERT_ALIAS_DETAILS","parameterCode":"lastName","parameterDescription":"Last Name","parameterType":"String","createDatetime":1704235844803,"modifyDatetime":1704235844803},{"createUserId":"OMS_OWNER","parameterId":766,"queryKey":"INSERT_ALIAS_DETAILS","parameterCode":"lastNameSoundex","parameterDescription":"Last Name Soundex","parameterType":"String","createDatetime":1704235844803,"modifyDatetime":1704235844803},{"createUserId":"OMS_OWNER","parameterId":767,"queryKey":"INSERT_ALIAS_DETAILS","parameterCode":"middleName","parameterDescription":"Middle Name","parameterType":"String","createDatetime":1704235844803,"modifyDatetime":1704235844803},{"createUserId":"OMS_OWNER","parameterId":768,"queryKey":"INSERT_ALIAS_DETAILS","parameterCode":"offenderId","parameterDescription":"Offender Id","parameterType":"Number","createDatetime":1704235844803,"modifyDatetime":1704235844803},{"createUserId":"OMS_OWNER","parameterId":769,"queryKey":"INSERT_ALIAS_DETAILS","parameterCode":"offenderIdDisplay","parameterDescription":"Offender Id Display","parameterType":"String","createDatetime":1704235844803,"modifyDatetime":1704235844803},{"createUserId":"OMS_OWNER","parameterId":770,"queryKey":"INSERT_ALIAS_DETAILS","parameterCode":"rootOffenderId","parameterDescription":"Root Offender Id","parameterType":"Number","createDatetime":1704235844803,"modifyDatetime":1704235844803},{"createUserId":"OMS_OWNER","parameterId":771,"queryKey":"INSERT_ALIAS_DETAILS","parameterCode":"secondMiddleName","parameterDescription":"Second Middle Name","parameterType":"String","createDatetime":1704235844803,"modifyDatetime":1704235844803},{"createUserId":"OMS_OWNER","parameterId":772,"queryKey":"INSERT_ALIAS_DETAILS","parameterCode":"sexCode","parameterDescription":"Sex Code","parameterType":"String","createDatetime":1704235844803,"modifyDatetime":1704235844803}],"createUserId":"OMS_OWNER","apiId":"INSERT_ALIAS_DETAILS","apiDescription":"Insert Alias Details","queryKey":"INSERT_ALIAS_DETAILS","url":"Elite2Web/api/cmdaction/executeUpdateQuery","queryId":0,"createDatetime":1704235844000,"modifyDatetime":1704235844000,"category":"CLIENT"},{"quickAction":[{"queryId":365,"queryKey":"REGISTER_THE_JSON_RESPONSE_DATA","queryText":"update external_system_response set response_payload = :formInfoJson, response_received = current_timestamp  where int_correlation_id = :intCorrelationId::int8","queryDesc":"Register the JSON Response Data","category":"PRODUCT"}],"actionParams":[{"createUserId":"NAVI","parameterId":775,"queryKey":"REGISTER_THE_JSON_RESPONSE_DATA","parameterCode":"intCorrelationId","parameterDescription":"Int Correlation Id","parameterType":"String","createDatetime":1704235844803,"modifyDatetime":1704235844803},{"createUserId":"NAVI","parameterId":776,"queryKey":"REGISTER_THE_JSON_RESPONSE_DATA","parameterCode":"formInfoJson","parameterDescription":"Response Payload","parameterType":"String","createDatetime":1704235844803,"modifyDatetime":1704235844803,"modifyUserId":"NAVI"}],"createUserId":"OMS_OWNER","apiId":"REGISTER_THE_JSON_RESPONSE_DATA","apiDescription":"Register the JSON Response","queryKey":"REGISTER_THE_JSON_RESPONSE_DATA","url":"Elite2Web/api/cmdaction/executeUpdateQuery","queryId":0,"createDatetime":1704235818000,"modifyDatetime":1704235844000,"modifyUserId":"OMS_OWNER","category":"PRODUCT"},{"quickAction":[{"queryId":370,"queryKey":"FORMAT_ALIAS_RESPONSE_DETAILS","queryText":"Select 1 from dual","queryDesc":"Format Alias Response Details","category":"CLIENT"}],"actionParams":[{"createUserId":"OMS_OWNER","parameterId":773,"queryKey":"FORMAT_ALIAS_RESPONSE_DETAILS","parameterCode":"ProcessInput","parameterDescription":"Process Input","parameterType":"String","createDatetime":1704235844803,"modifyDatetime":1704235844803},{"createUserId":"OMS_OWNER","parameterId":774,"queryKey":"FORMAT_ALIAS_RESPONSE_DETAILS","parameterCode":"specificationKey","parameterDescription":"Specification Key","parameterType":"String","createDatetime":1704235844803,"modifyDatetime":1704235844803}],"createUserId":"OMS_OWNER","apiId":"FORMAT_ALIAS_RESPONSE_DETAILS","apiDescription":"Format Alias Response Details","queryKey":"FORMAT_ALIAS_RESPONSE_DETAILS","url":"Elite2Web/api/serviceBusController/convertJson","queryId":0,"createDatetime":1704235844000,"modifyDatetime":1704235844000,"category":"CLIENT"},{"quickAction":[{"queryId":361,"queryKey":"REGISTER_THE_JSON_REQUEST_DATA","queryText":"insert into external_system_response(int_correlation_id,module_name,action,request_payload,action_performed_by,request_sent) \nvalues (:intCorrelationId::int8,:moduleName,'External PIN Offender Search',:formInfoJson,:actionPerformedBy,current_timestamp) ","queryDesc":"Register the JSON request data","category":"PRODUCT"}],"actionParams":[{"createUserId":"NAVI","parameterId":748,"queryKey":"REGISTER_THE_JSON_REQUEST_DATA","parameterCode":"intCorrelationId","parameterDescription":"Int Correlation Id","parameterType":"String","createDatetime":1704235830291,"modifyDatetime":1704235830291},{"createUserId":"NAVI","parameterId":749,"queryKey":"REGISTER_THE_JSON_REQUEST_DATA","parameterCode":"moduleName","parameterDescription":"Module Name","parameterType":"String","createDatetime":1704235830291,"modifyDatetime":1704235830291,"modifyUserId":"NAVI"},{"createUserId":"NAVI","parameterId":750,"queryKey":"REGISTER_THE_JSON_REQUEST_DATA","parameterCode":"actionPerformedBy","parameterDescription":"Action Performed By","parameterType":"String","createDatetime":1704235830291,"modifyDatetime":1704235830291},{"createUserId":"NAVI","parameterId":751,"queryKey":"REGISTER_THE_JSON_REQUEST_DATA","parameterCode":"formInfoJson","parameterDescription":"Request Payload","parameterType":"String","createDatetime":1704235830291,"modifyDatetime":1704235830291,"modifyUserId":"NAVI"}],"createUserId":"OMS_OWNER","apiId":"REGISTER_THE_JSON_REQUEST_DATA","apiDescription":"Register JSON Request Data","queryKey":"REGISTER_THE_JSON_REQUEST_DATA","url":"Elite2Web/api/cmdaction/executeUpdateQuery","queryId":0,"createDatetime":1704235809000,"modifyDatetime":1704235830000,"modifyUserId":"OMS_OWNER","category":"PRODUCT"},{"quickAction":[{"queryId":366,"queryKey":"GET_PIN_BY_OFFENDER_ID","queryText":"select\n\tidentifier pin \nfrom\n\toffender_identifiers\nwhere\n\toffender_id = :offenderId\n\tand identifier_type = 'PIN'","queryDesc":"Get Pin by Offender Id","category":"CLIENT"}],"actionParams":[{"createUserId":"OMS_OWNER","parameterId":752,"queryKey":"GET_PIN_BY_OFFENDER_ID","parameterCode":"offenderId","parameterDescription":"Offender Id","parameterType":"Number","createDatetime":1704235830291,"modifyDatetime":1704235830291}],"createUserId":"OMS_OWNER","apiId":"GET_PIN_BY_OFFENDER_ID","apiDescription":"Get Pin by Offender Id","queryKey":"GET_PIN_BY_OFFENDER_ID","url":"Elite2Web/api/cmdaction/executeSelectQuery","queryId":0,"createDatetime":1704235830000,"modifyDatetime":1704235830000,"category":"CLIENT"},{"quickAction":[{"queryId":363,"queryKey":"FORMAT_OFFENDER_RECORDS_REQUEST","queryText":"select 1 from dual","queryDesc":"Format Offender Records Request","category":"PRODUCT"}],"actionParams":[{"createUserId":"NAVI","parameterId":753,"queryKey":"FORMAT_OFFENDER_RECORDS_REQUEST","parameterCode":"staffDetails","parameterDescription":"Staff Details","parameterType":"String","createDatetime":1704235830291,"modifyDatetime":1704235830291},{"createUserId":"NAVI","parameterId":754,"queryKey":"FORMAT_OFFENDER_RECORDS_REQUEST","parameterCode":"specificationKey","parameterDescription":"Specification Key","parameterType":"String","createDatetime":1704235830291,"modifyDatetime":1704235830291},{"createUserId":"NAVI","parameterId":755,"queryKey":"FORMAT_OFFENDER_RECORDS_REQUEST","parameterCode":"pin","parameterDescription":"PIN","parameterType":"String","createDatetime":1704235830291,"modifyDatetime":1704235830291},{"createUserId":"NAVI","parameterId":756,"queryKey":"FORMAT_OFFENDER_RECORDS_REQUEST","parameterCode":"intCorrelationId","parameterDescription":"Int Correlation Id","parameterType":"String","createDatetime":1704235830291,"modifyDatetime":1704235830291},{"createUserId":"NAVI","parameterId":757,"queryKey":"FORMAT_OFFENDER_RECORDS_REQUEST","parameterCode":"moduleName","parameterDescription":"Module Name","parameterType":"String","createDatetime":1704235830291,"modifyDatetime":1704235830291}],"createUserId":"OMS_OWNER","apiId":"FORMAT_OFFENDER_RECORDS_REQUEST","apiDescription":"Format Offender Records Request","queryKey":"FORMAT_OFFENDER_RECORDS_REQUEST","url":"Elite2Web/api/serviceBusController/convertJson","queryId":0,"createDatetime":1704235809000,"modifyDatetime":1704235830000,"modifyUserId":"OMS_OWNER","category":"PRODUCT"},{"quickAction":[{"queryId":21,"queryKey":"GET_STAFF_DETAILS","queryText":"select staff_id, user_id, last_name, first_name, current_timestamp date_time from staff_members where user_id = :userId","queryDesc":"Get Staff Details","category":"CLIENT"}],"actionParams":[{"createUserId":"OMS_OWNER","parameterId":28,"queryKey":"GET_STAFF_DETAILS","parameterCode":"userId","parameterDescription":"User Id","parameterType":"String","createDatetime":1661267533000,"modifyDatetime":1667552073806,"modifyUserId":"OMS_OWNER"}],"createUserId":"OMS_OWNER","apiId":"GET_STAFF_DETAILS","apiDescription":"Get Staff Details","queryKey":"GET_STAFF_DETAILS","url":"Elite2Web/api/cmdaction/executeSelectQuery","queryId":0,"createDatetime":1661268205000,"modifyDatetime":1661268205000,"category":"CLIENT"}]