[{"quickAction":[{"queryId":187,"queryKey":"GET_OFFENDER_DETAILS","queryText":"select\n\tvo.offender_book_id,\n        vo.offender_id, \n        vo.offender_id_display,\n\t(select\n\t case\n\t\twhen profile_value = 'N'\n\t\tor profile_value = '' then LTRIM(vo.offender_id_display,'0')\n\t\telse LPAD(vo.offender_id_display,10,'0')\n\t end dcs_Id\n\tfrom (select\tsypr.profile_value from system_profiles sypr where sypr.profile_type = 'CLIENT'\tand sypr.profile_code = 'BOOK_ID_OUTB')a),\n\tvo.first_name,\n\tvo.last_name,\n\tvo.middle_name,\n\tvo.birth_date,\t\n        o.second_middle_name,\n\tref_code.description sex_code,\n\tto_char(vo.birth_date,\t'DD/MM/YYYY') as dob,\n\tvo.agy_loc_id,\n\t(select description from agency_locations al where agy_loc_id = vo.agy_loc_id ) as facility,\n\t(select description from agency_locations al where agy_loc_id = vhb.intake_agy_loc_id ) as comm_facility,\n\tcase when vo.agy_loc_id is null then (select description from agency_locations al where agy_loc_id = vhb.intake_agy_loc_id )\n\telse (select description from agency_locations al where agy_loc_id = vo.agy_loc_id) end as location\n        from v_offenders vo,\n\treference_codes ref_code,\n        v_header_block vhb,\n        offenders o\n        where\n\tref_code.domain = 'SEX' and \n        ref_code.code = vo.sex_code and \n        o.offender_id = vo.offender_id\tand \n        vhb.offender_book_id = vo.offender_book_id\tand \n        vo.offender_book_id = :offenderBookId","queryDesc":"Get Offender Details","category":"CLIENT"}],"actionParams":[{"createUserId":"OMS_OWNER","parameterId":1982,"queryKey":"GET_OFFENDER_DETAILS","parameterCode":"offenderBookId","parameterDescription":"Offender Book Id","parameterType":"Number","createDatetime":1705543517491}],"createUserId":"OMS_OWNER","apiId":"GET_OFFENDER_DETAILS","apiDescription":"Get Offender Details","queryKey":"GET_OFFENDER_DETAILS","url":"Elite2Web/api/cmdaction/executeSelectQuery","queryId":0,"createDatetime":1661240747000,"modifyDatetime":1705543517000,"modifyUserId":"OMS_OWNER","category":"CLIENT"},{"quickAction":[{"queryId":377,"queryKey":"GET_OFFENDER_BOOK_ID","queryText":"select offender_book_id from v_header_block vhb where root_offender_id = :rootOffenderId and (active_flag ='Y' or community_active_flag = 'Y')","queryDesc":"Get Offender Book Id","category":"CLIENT"}],"actionParams":[{"createUserId":"KARTHI","parameterId":780,"queryKey":"GET_OFFENDER_BOOK_ID","parameterCode":"rootOffenderId","parameterDescription":"Root Offender Id","parameterType":"Number","createDatetime":1676439918157,"modifyDatetime":1707094579678,"modifyUserId":"OMS_OWNER"}],"createUserId":"OMS_OWNER","apiId":"GET_OFFENDER_BOOK_ID","apiDescription":"Get Offender Book Id","queryKey":"GET_OFFENDER_BOOK_ID","url":"Elite2Web/api/cmdaction/executeSelectQuery","queryId":0,"createDatetime":1676439918000,"modifyDatetime":1676439918000,"category":"CLIENT"}]