[{"quickAction":[{"queryId":112,"queryKey":"GET_STAFF_REPORTS_TO_LOCK","queryText":"select\n\taip.agency_incident_id ,\n\taip.lock_reference_time ,\n\tisr.incident_report_id,\n\t(select staff_id from staff_members sm where UPPER(user_id)=UPPER(user)) userid \nfrom\n\tagency_incident_parties aip,\n\tincident_staff_reports isr,\n\tstaff_reports_maint srm1\nwhere\n\tisr.agency_incident_id = aip.agency_incident_id\n\tand isr.party_seq = aip.party_seq\n\tand isr.lock_flag = 'N' \n\tand aip.staff_report_type = srm1.report_type\n\tand srm1.automatic_flag = 'Y'\n\tand (aip.lock_reference_time + (srm1.length ||' '|| srm1.length_unit)::interval)::text <TO_CHAR(SYSTIMESTAMP(),'YYYY-MM-DD hh24:mi:ss TZ')::timestamptz::text","queryDesc":"Get Staff Reports To Lock","category":"PRODUCT"}],"actionParams":[],"createUserId":"OMS_OWNER","apiId":"GET_STAFF_REPORTS_TO_LOCK","apiDescription":"Get Staff Reports To Lock","queryKey":"GET_STAFF_REPORTS_TO_LOCK","url":"Elite2Web/api/cmdaction/executeSelectQuery","queryId":0,"createDatetime":1666270256000,"modifyDatetime":1666270256000,"category":"PRODUCT"}]