[{"quickAction":[{"queryId":191,"queryKey":"GET_OFFENDER_ID_DISPLAY_EXISTS","queryText":"select\n\tcoalesce (y,\n\t'N') as Y\nfrom\n\t(\n\tselect\n\t\t(\n\t\tselect\n\t\t\t'Y' as Y\n\t\tfrom\n\t\t\tv_header_block\n\t\twhere\n\t\t\toffender_id_display = :offenderIdDisplay limit 1) Y,\n\t\t1\n\tfrom\n\t\tdual)A","queryDesc":"Get Offender Id Display Exists","category":"CLIENT"}],"actionParams":[{"createUserId":"OMS_OWNER","parameterId":329,"queryKey":"GET_OFFENDER_ID_DISPLAY_EXISTS","parameterCode":"offenderIdDisplay","parameterDescription":"Offender Id Display","parameterType":"String","createDatetime":1677211277423,"modifyDatetime":1677211277423}],"createUserId":"OMS_OWNER","apiId":"GET_OFFENDER_ID_DISPLAY_EXISTS","apiDescription":"Get Offender Id Display Exists","queryKey":"GET_OFFENDER_ID_DISPLAY_EXISTS","url":"Elite2Web/api/cmdaction/executeSelectQuery","queryId":0,"createDatetime":1677211348000,"modifyDatetime":1677211348000,"category":"CLIENT"},{"quickAction":[{"queryId":178,"queryKey":"GET_PHOTOGRAPH_LIST_DETAILS","queryText":"select\n\tim.image_id, \n\tim.capture_date,\n\tim.image_thumbnail\nfrom \n\timages im,\n\tv_offenders vo\nwhere \n\tvo.offender_id_display  = :offenderIdDisplay and\n\tvo.offender_book_id = im.image_object_id and\n\tim.image_view_type = 'FACE' \norder by \n\tcapture_date desc limit :maxResults","queryDesc":"Get Photograph List Details","category":"CLIENT"}],"actionParams":[{"createUserId":"KARTHI","parameterId":280,"queryKey":"GET_PHOTOGRAPH_LIST_DETAILS","parameterCode":"maxResults","parameterDescription":"Max Results","parameterType":"Number","createDatetime":1673843813757,"modifyDatetime":1673843813757},{"createUserId":"KARTHI","parameterId":275,"queryKey":"GET_PHOTOGRAPH_LIST_DETAILS","parameterCode":"offenderIdDisplay","parameterDescription":"Offender Id Display","parameterType":"String","createDatetime":1673843372903,"modifyDatetime":1677216446308,"modifyUserId":"OMS_OWNER"}],"createUserId":"KARTHI","apiId":"GET_PHOTOGRAPH_LIST_DETAILS","apiDescription":"Get Photograph List Details","queryKey":"GET_PHOTOGRAPH_LIST_DETAILS","url":"Elite2Web/api/cmdaction/executeSelectQuery","queryId":0,"createDatetime":1673843429000,"modifyDatetime":1673843429000,"category":"CLIENT"}]