[{"quickAction":[{"queryId":134,"queryKey":"GET_OFFENDER_HOUSING_DETAILS","queryText":"select\n\t*\nfrom\n\t(\n\tselect\n\t\tvo.offender_book_id,\n\t\tlu.level_1_code housing_lev_1_code,\n\t\tlu.level_2_code housing_lev_2_code,\n\t\tlu.level_3_code housing_lev_3_code,\n\t\toil.iep_level\n\tfrom\n\t\tv_offenders vo\n\tleft outer join \n    (\n\t\tselect\n\t\t\tail.internal_location_id as living_unit_id,\n\t\t\tsubstr(tag_int_loc_level_code(ail.description,\n\t\t\t1)::text,\n\t\t\t1,\n\t\t\t40) as level_1_code,\n\t\t\tsubstr(tag_int_loc_level_code(ail.description,\n\t\t\t2)::text,\n\t\t\t1,\n\t\t\t40) as level_2_code,\n\t\t\tsubstr(tag_int_loc_level_code(ail.description,\n\t\t\t3)::text,\n\t\t\t1,\n\t\t\t40) as level_3_code\n\t\tfrom\n\t\t\tagency_internal_locations ail\n\t\twhere\n\t\t\tail.unit_type is not null\n\t\t\tand ail.unit_type::text <> ''::text) lu on\n\t\tlu.living_unit_id = vo.living_unit_id\n\tleft outer join (\n\t\tselect\n\t\t\tA.offender_book_id,\n\t\t\tA.iep_level\n\t\tfrom\n\t\t\t(\n\t\t\tselect\n\t\t\t\tmax(iep_level_seq)max_lvl_seq,\n\t\t\t\toffender_book_id\n\t\t\tfrom\n\t\t\t\toffender_iep_levels oil\n\t\t\tgroup by\n\t\t\t\toffender_book_id)B,\n\t\t\toffender_iep_levels A\n\t\twhere\n\t\t\tA.iep_level_seq = B.max_lvl_seq\n\t\t\tand A.offender_book_id = B.offender_book_id)oil on\n\t\toil.offender_book_id = vo.offender_book_id) A\nwhere\n\toffender_book_id = :offenderBookId","queryDesc":"Get Offender Housing Details","category":"CLIENT"}],"actionParams":[{"createUserId":"OMS_OWNER","parameterId":167,"queryKey":"GET_OFFENDER_HOUSING_DETAILS","parameterCode":"offenderBookId","parameterDescription":"Offender Book Id","parameterType":"Number","createDatetime":1667552242191,"modifyDatetime":1667552242191}],"createUserId":"OMS_OWNER","apiId":"GET_OFFENDER_HOUSING_DETAILS","apiDescription":"Get Offender Housing Details","queryKey":"GET_OFFENDER_HOUSING_DETAILS","url":"Elite2Web/api/cmdaction/executeSelectQuery","queryId":0,"createDatetime":1667552275000,"modifyDatetime":1667552275000,"category":"CLIENT"}]