[{"quickAction":[{"queryId":185,"queryKey":"GET_ASSESSMENT_DATA","queryText":"SELECT\n    oa.offender_book_id pid,\n    oa.assessment_seq assessmentSeq,\n    OMS_MISCELLANEOUS_GETDESCCODE('SUP_LVL_TYPE', oa.REVIEW_SUP_LEVEL_TYPE) assessmentResult,\n    va.last_name\n    || ' '\n    || va.first_name\n    AS offendername,\nass.assessment_code assessmentCode,\n    ass.description,\n va.agy_loc_id agyLocId\nFROM\n    offender_assessments   oa,\n    v_header_block         va,\n    assessments            ass\nWHERE\noa.offender_book_id=va.offender_book_id\nand oa.assessment_type_id=ass.assessment_id \nand oa.offender_book_id = :offenderBookId and  oa.assessment_seq=:assessmentSeq","queryDesc":"GetAssessmentData","category":"CLIENT"}],"actionParams":[{"createUserId":"DOJUSER4","parameterId":206,"queryKey":"GET_ASSESSMENT_DATA","parameterCode":"offenderBookId","parameterDescription":"offenderBookId","parameterType":"Number","createDatetime":1661236276000,"modifyDatetime":1662035791198,"modifyUserId":"OMS_OWNER"},{"createUserId":"DOJUSER4","parameterId":207,"queryKey":"GET_ASSESSMENT_DATA","parameterCode":"assessmentSeq","parameterDescription":"assessmentSeq","parameterType":"Number","createDatetime":1661236276000,"modifyDatetime":1662035791198,"modifyUserId":"OMS_OWNER"}],"createUserId":"DOJUSER4","apiId":"GET_ASSESSMENT_DATA","apiDescription":"GetAssessmentData","queryKey":"GET_ASSESSMENT_DATA","url":"Elite2Web/api/cmdaction/executeSelectQuery","queryId":0,"createDatetime":1661236304000,"modifyDatetime":1662035791000,"modifyUserId":"OMS_OWNER","category":"CLIENT"}]