[{"quickAction":[{"queryId":172,"queryKey":"GET_PRISONER_DETAILS","queryText":"SELECT\r\n    offenders.last_name familyName,\r\n     offenders.offender_id_display eliteOffenderId,\r\n      offenders.first_name givenName,\r\n       offenders.middle_name otherGivenNames,\r\n        TO_CHAR(offenders.birth_date ,'YYYY-MM-DD') dateOfBirth,\r\n\t\tto_char(CURRENT_TIMESTAMP::TIMESTAMP AT TIME ZONE 'GMT', 'YYYY-MM-DD\"T\"HH24:MI:SS\"Z\"') dateTime,\r\n\t\toffender_bookings.offender_book_id offenderBookId\r\n\t\t\r\n     FROM\r\n    offender_bookings,\r\n    offenders\r\nWHERE\r\n    offender_bookings.offender_book_id = :offenderBookId\r\n    AND offender_bookings.offender_id = offenders.offender_id","queryDesc":"Prisoner Details ","category":"PRODUCT"}],"actionParams":[{"createUserId":"OMS_OWNER","parameterId":185,"queryKey":"GET_PRISONER_DETAILS","parameterCode":"offenderBookId","parameterDescription":"offenderBookId","parameterType":"Number","createDatetime":1660661992509}],"createUserId":"OMS_OWNER","apiId":"GET_PRISONER_DETAILS","apiDescription":"PrisonerDetails","queryKey":"GET_PRISONER_DETAILS","url":"Elite2Web/api/cmdaction/executeSelectQuery","queryId":0,"createDatetime":1660661992000,"modifyDatetime":1660661992000,"category":"PRODUCT"}]