[{"quickAction":[{"queryId":340,"queryKey":"GET_OFFENDER_RACE","queryText":"select\n\tdescription race\nfrom\n\treference_codes\nwhere\n\tdomain = 'ETHNICITY'\n\tand code = (select\n\trace_code\nfrom\n\toffenders\nwhere\n\toffender_id = (\n\tselect\n\t\toffender_id\n\tfrom\n\t\tv_offenders vo\n\twhere\n\t\toffender_book_id = :offenderBookId))","queryDesc":"Get Offender Race","category":"CLIENT"}],"actionParams":[{"createUserId":"OMS_OWNER","parameterId":674,"queryKey":"GET_OFFENDER_RACE","parameterCode":"offenderBookId","parameterDescription":"Offender Book Id","parameterType":"Number","createDatetime":1700632466059,"modifyDatetime":1700632466059}],"createUserId":"OMS_OWNER","apiId":"GET_OFFENDER_RACE","apiDescription":"Get Offender Race","queryKey":"GET_OFFENDER_RACE","url":"Elite2Web/api/cmdaction/executeSelectQuery","queryId":0,"createDatetime":1700632497000,"modifyDatetime":1700632497000,"category":"CLIENT"},{"quickAction":[{"queryId":267,"queryKey":"FORMAT_PHY_DESC_RESPONSE","queryText":"Select 1 from Dual","queryDesc":"Format Phy Desc Response","category":"CLIENT"}],"actionParams":[{"createUserId":"OMS_OWNER","parameterId":675,"queryKey":"FORMAT_PHY_DESC_RESPONSE","parameterCode":"raceDetails","parameterDescription":"Race Details","parameterType":"String","createDatetime":1700632895403,"modifyDatetime":1700632895403},{"createUserId":"OMS_OWNER","parameterId":450,"queryKey":"FORMAT_PHY_DESC_RESPONSE","parameterCode":"correlationId","parameterDescription":"Correlation Id","parameterType":"String","createDatetime":1689226195073,"modifyDatetime":1689226195073},{"createUserId":"OMS_OWNER","parameterId":451,"queryKey":"FORMAT_PHY_DESC_RESPONSE","parameterCode":"specificationKey","parameterDescription":"Specification Key","parameterType":"String","createDatetime":1689226195073,"modifyDatetime":1689226195073},{"createUserId":"OMS_OWNER","parameterId":452,"queryKey":"FORMAT_PHY_DESC_RESPONSE","parameterCode":"staffDetails","parameterDescription":"Staff Details","parameterType":"String","createDatetime":1689226195073,"modifyDatetime":1689226195073},{"createUserId":"OMS_OWNER","parameterId":453,"queryKey":"FORMAT_PHY_DESC_RESPONSE","parameterCode":"phyAttributeDetails","parameterDescription":"Phy Attribute Details","parameterType":"String","createDatetime":1689226195073,"modifyDatetime":1689226195073},{"createUserId":"OMS_OWNER","parameterId":454,"queryKey":"FORMAT_PHY_DESC_RESPONSE","parameterCode":"offenderProfileDetails","parameterDescription":"Offender Profile Details","parameterType":"String","createDatetime":1689226195073,"modifyDatetime":1689226195073},{"createUserId":"OMS_OWNER","parameterId":456,"queryKey":"FORMAT_PHY_DESC_RESPONSE","parameterCode":"phyMarkDetails","parameterDescription":"Phy Mark Details","parameterType":"String","createDatetime":1689231790688,"modifyDatetime":1689231790688},{"createUserId":"OMS_OWNER","parameterId":457,"queryKey":"FORMAT_PHY_DESC_RESPONSE","parameterCode":"pin","parameterDescription":"Pin","parameterType":"String","createDatetime":1689307894753,"modifyDatetime":1689307894753}],"createUserId":"OMS_OWNER","apiId":"FORMAT_PHY_DESC_RESPONSE","apiDescription":"Format Phy Desc Response","queryKey":"FORMAT_PHY_DESC_RESPONSE","url":"Elite2Web/api/serviceBusController/convertJson","queryId":0,"createDatetime":1689226334000,"modifyDatetime":1689226334000,"category":"CLIENT"}]