[{"quickAction":[{"queryId":324,"queryKey":"GET_STAFF_DETAILS_AND_MAIL_ID_BY_STAFF_ID","queryText":"select sm.first_name, sm.last_name, STRING_AGG(ia.internet_address, ',') as internet_addresses from staff_members sm left join internet_addresses ia on sm.staff_id = ia.owner_id and ia.owner_class = 'STF' where sm.staff_id = :staffId group by sm.first_name, sm.last_name","queryDesc":"Get Staff Details And Mail Id by Staff Id","category":"CLIENT"}],"actionParams":[{"createUserId":"OMS_OWNER","parameterId":670,"queryKey":"GET_STAFF_DETAILS_AND_MAIL_ID_BY_STAFF_ID","parameterCode":"staffId","parameterDescription":"Staff Id","parameterType":"Number","createDatetime":1700203470089,"modifyDatetime":1700203470089}],"createUserId":"OMS_OWNER","apiId":"GET_STAFF_DETAILS_AND_MAIL_ID_BY_STAFF_ID","apiDescription":"Get Staff Details And Mail Id by Staff Id","queryKey":"GET_STAFF_DETAILS_AND_MAIL_ID_BY_STAFF_ID","url":"Elite2Web/api/cmdaction/executeSelectQuery","queryId":0,"createDatetime":1697195923000,"modifyDatetime":1700203470000,"modifyUserId":"OMS_OWNER","category":"CLIENT"},{"quickAction":[{"queryId":42,"queryKey":"GET_OFFENDER_DETAILS","queryText":"SELECT \n    vo.offender_book_id,\n    vo.offender_id,\n    vo.offender_id_display,\n    vo.first_name,\n    vo.last_name,\n    vo.middle_name,\n    vo.birth_date,\n    o.second_middle_name, \n    ref_code.description sex_code,\n   to_char(vo.birth_date,'DD/MM/YYYY') as dob,\n   vo.agy_loc_id,\n  (select description from agency_locations al where agy_loc_id= vo.agy_loc_id ) as facility\nFROM \n    v_offenders vo,\n    reference_codes ref_code,\n    offenders o\nwhere\n    ref_code.domain = 'SEX' and \n \tref_code.code= vo.sex_code and\n \to.offender_id = vo.offender_id and\n    vo.offender_book_id = :offenderBookId","queryDesc":"Get Offender Details","category":"CLIENT"}],"actionParams":[{"createUserId":"OMS_OWNER","parameterId":537,"queryKey":"GET_OFFENDER_DETAILS","parameterCode":"offenderBookId","parameterDescription":"Offender Book Id","parameterType":"Number","createDatetime":1693215451360,"modifyDatetime":1693215451360}],"createUserId":"OMS_OWNER","apiId":"GET_OFFENDER_DETAILS","apiDescription":"Get Offender Details","queryKey":"GET_OFFENDER_DETAILS","url":"Elite2Web/api/cmdaction/executeSelectQuery","queryId":0,"createDatetime":1662705289000,"modifyDatetime":1693215451000,"modifyUserId":"YOGENDRANATH","category":"CLIENT"}]