[{"quickAction":[{"queryId":221,"queryKey":"GET_INCIDENT_DETAILS","queryText":"select  agy_loc_id  agyLocId from agency_incidents where agency_incident_id = :IncidentId","queryDesc":"GetIncidentDetails","category":"PRODUCT"}],"actionParams":[{"createUserId":"DOJUSER4","parameterId":244,"queryKey":"GET_INCIDENT_DETAILS","parameterCode":"IncidentId","parameterDescription":"IncidentId","parameterType":"Number","createDatetime":1663243614377,"modifyDatetime":1663243614377}],"createUserId":"DOJUSER4","apiId":"GET_INCIDENT_DETAILS","apiDescription":"GetIncidentDetails","queryKey":"GET_INCIDENT_DETAILS","url":"Elite2Web/api/cmdaction/executeSelectQuery","queryId":0,"createDatetime":1663243638000,"modifyDatetime":1663243638000,"category":"PRODUCT"}]