[{"quickAction":[{"queryId":245,"queryKey":"GET_BULK_ALIAS_DETAILS","queryText":"SELECT vhb.offender_book_id,\n     json_agg(json_build_object('firstName', o.first_name, 'middleName', o.middle_name, 'secondMiddleName', o.second_middle_name, 'surName', o.last_name, 'dob', o.birth_date)) AS alias_details\nFROM offenders o\nJOIN v_header_block vhb ON vhb.root_offender_id = o.root_offender_id\nWHERE vhb.offender_book_id IN (:offenderBookIds)\nGROUP BY vhb.offender_book_id order by  vhb.offender_book_id","queryDesc":"Get Bulk Alias Details","category":"CLIENT"}],"actionParams":[{"createUserId":"OMS_OWNER","parameterId":409,"queryKey":"GET_BULK_ALIAS_DETAILS","parameterCode":"offenderBookIds","parameterDescription":"Offender Book Ids","parameterType":"List","createDatetime":1686718223131,"modifyDatetime":1686718223131}],"createUserId":"OMS_OWNER","apiId":"GET_BULK_ALIAS_DETAILS","apiDescription":"Get Bulk Alias Details","queryKey":"GET_BULK_ALIAS_DETAILS","url":"Elite2Web/api/cmdaction/executeSelectQuery","queryId":0,"createDatetime":1686718223000,"modifyDatetime":1686718223000,"category":"CLIENT"},{"quickAction":[{"queryId":142,"queryKey":"GET_OFFENDER_ALIAS_DETAILS","queryText":"SELECT\n    offenders.last_name familyName,\n     offenders.offender_id_display eliteOffenderId,\n     offenders.alias_name_type aliasTypeCode,\n      offenders.first_name givenName,\n       offenders.middle_name otherGivenNames,\n        offenders.birth_date dateOfBirth,\n        offenders.second_middle_name \n     FROM\n    offender_bookings,\n    offenders\nWHERE\n    offender_bookings.offender_book_id = :offenderBookId\n    AND offenders.root_offender_id = offender_bookings.root_offender_id","queryDesc":"Get Offender Alias Details","category":"CLIENT"}],"actionParams":[{"createUserId":"OMS_OWNER","parameterId":189,"queryKey":"GET_OFFENDER_ALIAS_DETAILS","parameterCode":"offenderBookId","parameterDescription":"offenderBookId","parameterType":"Number","createDatetime":1667602976479,"modifyDatetime":1667602976479}],"createUserId":"OMS_OWNER","apiId":"GET_OFFENDER_ALIAS_DETAILS","apiDescription":"Get Offender Alias Details","queryKey":"GET_OFFENDER_ALIAS_DETAILS","url":"Elite2Web/api/cmdaction/executeSelectQuery","queryId":0,"createDatetime":1667603009000,"modifyDatetime":1667603009000,"category":"CLIENT"},{"quickAction":[{"queryId":127,"queryKey":"GET_BULK_OFFENDER_DETAILS","queryText":"SELECT \n    vo.offender_book_id,\n    vo.offender_id,\n    vo.offender_id_display,\n    vo.first_name,\n    vo.last_name,\n    vo.middle_name,\n    vo.birth_date,\n    vo.sex_code,\n    o.second_middle_name \nFROM \n    v_offenders vo,\n    offenders o\nwhere\n\tvo.offender_id = o.offender_id \n    and vo.offender_book_id in (:offenderBookIds) order by vo.offender_book_id","queryDesc":"Get Bulk Offender Details","category":"CLIENT"}],"actionParams":[{"createUserId":"OMS_OWNER","parameterId":162,"queryKey":"GET_BULK_OFFENDER_DETAILS","parameterCode":"offenderBookIds","parameterDescription":"offender Book Ids","parameterType":"List","createDatetime":1667548534813,"modifyDatetime":1667548534813}],"createUserId":"OMS_OWNER","apiId":"GET_BULK_OFFENDER_DETAILS","apiDescription":"Get Bulk Offender Details","queryKey":"GET_BULK_OFFENDER_DETAILS","url":"Elite2Web/api/cmdaction/executeSelectQuery","queryId":0,"createDatetime":1667548575000,"modifyDatetime":1667548575000,"category":"CLIENT"},{"quickAction":[{"queryId":124,"queryKey":"GET_SERIOUS_OFFENDER_NAMES","queryText":"select\n\tvo.offender_id,\n\tvo.offender_id_display,\n\tvo.offender_book_id,\n\tvo.last_name,\n\tvo.first_name,\n\tvo.middle_name,\n\tvo.suffix,\n\tvo.birth_date,\n\tob.booking_no,\n\to.second_middle_name \nfrom\n\tv_offenders vo,\n\toffender_alerts oa,\n\toffender_bookings ob,\n\toffenders o\nwhere\n\tvo.active_flag = 'Y'\n\tand\nvo.offender_book_id = oa.offender_book_id\n\tand \nvo.offender_book_id = ob.offender_book_id\n\tand \nvo.offender_id = o.offender_id \n\tand\noa.alert_code = 'SROF'\norder by vo.offender_id_display","queryDesc":"Get Serious Offender Names","category":"CLIENT"}],"actionParams":[],"createUserId":"OMS_OWNER","apiId":"GET_SERIOUS_OFFENDER_NAMES","apiDescription":"Get Serious Offender Names","queryKey":"GET_SERIOUS_OFFENDER_NAMES","url":"Elite2Web/api/cmdaction/executeSelectQuery","queryId":0,"createDatetime":1667547774000,"modifyDatetime":1667547774000,"category":"CLIENT"},{"quickAction":[{"queryId":42,"queryKey":"GET_OFFENDER_DETAILS","queryText":"SELECT \n    vo.offender_book_id,\n    vo.offender_id,\n    vo.offender_id_display,\n    vo.first_name,\n    vo.last_name,\n    vo.middle_name,\n    vo.birth_date,\n    o.second_middle_name, \n    ref_code.description sex_code,\n   to_char(vo.birth_date,'DD/MM/YYYYY') as dob,\n  (select description from agency_locations al where agy_loc_id= vo.agy_loc_id ) as facility\nFROM \n    v_offenders vo,\n    reference_codes ref_code,\n    offenders o\nwhere\n    ref_code.domain = 'SEX' and \n \tref_code.code= vo.sex_code and\n \to.offender_id = vo.offender_id and\n    vo.offender_book_id = :offenderBookId","queryDesc":"Get Offender Details","category":"CLIENT"}],"actionParams":[{"createUserId":"OMS_OWNER","parameterId":46,"queryKey":"GET_OFFENDER_DETAILS","parameterCode":"offenderBookId","parameterDescription":"Offender Book Id","parameterType":"Number","createDatetime":1662705229751,"modifyDatetime":1662705229751}],"createUserId":"OMS_OWNER","apiId":"GET_OFFENDER_DETAILS","apiDescription":"Get Offender Details","queryKey":"GET_OFFENDER_DETAILS","url":"Elite2Web/api/cmdaction/executeSelectQuery","queryId":0,"createDatetime":1662705289000,"modifyDatetime":1662705289000,"category":"CLIENT"}]