[{"quickAction":[{"queryId":124,"queryKey":"GET_SERIOUS_OFFENDER_NAMES","queryText":"select\n\tvo.offender_id,\n\tvo.offender_id_display,\n\tvo.offender_book_id,\n\tvo.last_name,\n\tvo.first_name,\n\tvo.middle_name,\n\tvo.suffix,\n\tvo.birth_date,\n\tob3.booking_no,\n\to.second_middle_name\nfrom \n\tv_offenders vo,\n\toffender_bookings ob3,\n\toffenders o\nwhere \n\tvo.offender_book_id = ob3.offender_book_id \n\tand vo.offender_id = o.offender_id\n\tand vo.offender_book_id in (\n\tselect offender_book_id  from offender_alerts oa where offender_book_id in(\nselect offender_book_id from offender_bookings ob2 where root_offender_id in(\nselect\n\tob.root_offender_id\nfrom\n\toffender_bookings ob\nwhere\n\tob.active_flag = 'Y'\n\tor ob.community_active_flag = 'Y'\norder by\n\troot_offender_id)) and oa.alert_code = 'SROF'\n) order by offender_book_id","queryDesc":"Get Serious Offender Names","category":"CLIENT"}],"actionParams":[],"createUserId":"OMS_OWNER","apiId":"GET_SERIOUS_OFFENDER_NAMES","apiDescription":"Get Serious Offender Names","queryKey":"GET_SERIOUS_OFFENDER_NAMES","url":"Elite2Web/api/cmdaction/executeSelectQuery","queryId":0,"createDatetime":1667547774000,"modifyDatetime":1667547774000,"category":"CLIENT"}]