[{"quickAction":[{"queryId":333,"queryKey":"GET_TEAM_MAIL_ID","queryText":"select\n\tSTRING_AGG(distinct (at1.team_email), ',') as team_email\nfrom\n\tautomation_teams at1,\n\tteam_functions tf\nwhere\n\ttf.function_type = :function\n\tand at1.team_id = tf.team_id\n\tand at1.team_email is not null","queryDesc":"Get Team Mail Id","category":"CLIENT"}],"actionParams":[{"createUserId":"OMS_OWNER","parameterId":666,"queryKey":"GET_TEAM_MAIL_ID","parameterCode":"function","parameterDescription":"Function","parameterType":"String","createDatetime":1700122143567,"modifyDatetime":1700122143567}],"createUserId":"OMS_OWNER","apiId":"GET_TEAM_MAIL_ID","apiDescription":"Get Team Mail Id","queryKey":"GET_TEAM_MAIL_ID","url":"Elite2Web/api/cmdaction/executeSelectQuery","queryId":0,"createDatetime":1699334711000,"modifyDatetime":1700122143000,"modifyUserId":"YOGENDRANATH","category":"CLIENT"},{"quickAction":[{"queryId":317,"queryKey":"GET_ASSESSMENT_RESULT_CODE_DESCRIPTION","queryText":"select  description from reference_codes rc where rc.domain = :domain and rc.code = :code limit 1","queryDesc":"Get Assessment Result Code Description","category":"CLIENT"}],"actionParams":[{"createUserId":"YOGENDRANATH","parameterId":590,"queryKey":"GET_ASSESSMENT_RESULT_CODE_DESCRIPTION","parameterCode":"code","parameterDescription":"Code","parameterType":"String","createDatetime":1696414089178,"modifyDatetime":1696414089178},{"createUserId":"YOGENDRANATH","parameterId":591,"queryKey":"GET_ASSESSMENT_RESULT_CODE_DESCRIPTION","parameterCode":"domain","parameterDescription":"Domain","parameterType":"String","createDatetime":1696414089178,"modifyDatetime":1696414089178}],"createUserId":"YOGENDRANATH","apiId":"GET_ASSESSMENT_RESULT_CODE_DESCRIPTION","apiDescription":"Get Assessment Result Code Description","queryKey":"GET_ASSESSMENT_RESULT_CODE_DESCRIPTION","url":"Elite2Web/api/cmdaction/executeSelectQuery","queryId":0,"createDatetime":1696319387000,"modifyDatetime":1696414089000,"modifyUserId":"YOGENDRANATH","category":"CLIENT"}]