[{"quickAction":[{"queryId":309,"queryKey":"GET_BULK_UPDATED_OFFENDER_ADDRESS_DETAILS","queryText":"select\n\tob.offender_book_id,\n\tad.owner_id,\n\tad.city_code,\n\tad.country_code,\n\tad.street_direction,\n\tad.no_fixed_address_flag,\n\tad.prov_state_code state_code,\n\tad.street,\n\tad.street_number,\n\tcase\n\t\twhen ad.city_name is not null then ad.city_name\n\t\telse ad.city_code\n\tend as city,\n\tad.country country,\n\tad.zip_postal_code postal,\n\tcase\n\t\twhen ad.prov_state_desc is not null then ad.prov_state_desc\n\t\telse ad.prov_state_code\n\tend as state,\n\tad.address_line1,\n\tad.suite_number,\n\tCONCAT(\n        coalesce(ad.suite_number, ''), \n        case when ad.suite_number is not null and coalesce(ad.suite_number, '') != '' then ', ' else '' end,\n        coalesce(ad.address_line1, ''),\n        case when ad.address_line1 is not null then ', ' else '' end,\n        coalesce(ad.city_name, ad.city_code || ', '),\n   \t\tcase when ad.city_name is not null then ', ' else '' end,\n        coalesce(ad.prov_state_desc, ad.prov_state_code || ', '),\n        case when ad.prov_state_desc is not null then ', ' else '' end,\n        coalesce(ad.country, ''),\n        case when ad.country is not null then ', ' else '' end,\n        coalesce(ad.zip_postal_code, '')\n    ) as address\n    ,\n\ta.create_datetime recordeddate\nfrom\n\toffender_bookings ob\nleft outer join\n    (select\n\t\tB.*,\n\t\tA.max_add_id\n\tfrom\n\t\t(\n\t\tselect\n\t\t\tmax(address_id)max_add_id,\n\t\t\towner_id\n\t\tfrom\n\t\t\tv_addresses va\n\t\tgroup by\n\t\t\towner_id)A,\n\t\tv_addresses b\n\twhere\n\t\tA.owner_id = B.owner_id\n\t\tand A.max_add_id = B.address_id) ad on\n\tob.offender_id = ad.owner_id\nleft outer join addresses a on\n\tad.address_id = A.address_id\nwhere\n\tob.offender_book_id in (:offenderBookIds) order by ob.offender_book_id","queryDesc":"Get Bulk Updated Offender Address Details","category":"CLIENT"}],"actionParams":[{"createUserId":"OMS_OWNER","parameterId":546,"queryKey":"GET_BULK_UPDATED_OFFENDER_ADDRESS_DETAILS","parameterCode":"offenderBookIds","parameterDescription":"Offender Book Ids","parameterType":"List","createDatetime":1693892008929,"modifyDatetime":1693892008929}],"createUserId":"OMS_OWNER","apiId":"GET_BULK_UPDATED_OFFENDER_ADDRESS_DETAILS","apiDescription":"Get Bulk Updated Offender Address Details","queryKey":"GET_BULK_UPDATED_OFFENDER_ADDRESS_DETAILS","url":"Elite2Web/api/cmdaction/executeSelectQuery","queryId":0,"createDatetime":1693892062000,"modifyDatetime":1693892062000,"category":"CLIENT"},{"quickAction":[{"queryId":308,"queryKey":"GET_BULK_PRISONERS_RELEASE_DATE","queryText":"select\n\toffender_book_id,\n\tlrd,\n\terd\nfrom\n\t\toffender_bookings ob\nleft join (\n\tselect\n\t\t\toffenderBookId,\n\t\t\tMAX((case when Legal_summary_data.dateType = 'booking_LRD' then Legal_summary_data.datevalue end)) as lrd,\n\t\t\tMAX((case when Legal_summary_data.dateType = 'booking_ERD' then Legal_summary_data.datevalue end)) as erd\n\tfrom\n\t\t\t(\n\t\tselect\n\t\t\t\toffenderBookId,\n\t\t\t\tdateType,\n\t\t\t\tcase\n\t\t\t\t\twhen overrideindefinite = 'true' then 'indefinite'\n\t\t\t\twhen overridedatevalue <> '' then overrideDateValue\n\t\t\t\twhen indefinite = 'true' then 'indefinite'\n\t\t\t\twhen dateValue <> '' then dateValue\n\t\t\t\telse null\n\t\t\tend as datevalue\n\t\tfrom\n\t\t\t\t(\n\t\t\tselect\n\t\t\t\t\toffenderBookId,\n\t\t\t\t\tjsonb_array_elements(booking_dates::jsonb)->>'dateType' as dateType,\n\t\t\t\t\tjsonb_array_elements(booking_dates::jsonb)->>'dateValue' as dateValue,\n\t\t\t\t\tjsonb_array_elements(booking_dates::jsonb)->>'indefinite' as indefinite,\n\t\t\t\t\tjsonb_array_elements(booking_dates::jsonb)->>'overrideIndefinite' as overrideIndefinite,\n\t\t\t\t\tjsonb_array_elements(booking_dates::jsonb)->>'overrideDateValue' as overrideDateValue\n\t\t\tfrom\n\t\t\t\t\t(\n\t\t\t\tselect\n\t\t\t\t\t\toffenderBookId,\n\t\t\t\t\t\tbooking_dates\n\t\t\t\tfrom\n\t\t\t\t\t\t(\n\t\t\t\t\tselect\n\t\t\t\t\t\t\toffenderBookId,\n\t\t\t\t\t\t\tform_info_json as formInfoJson,\n\t\t\t\t\t\t\titems ->> 1 as booking_dates\n\t\t\t\t\tfrom\n\t\t\t\t\t\t\t(\n\t\t\t\t\t\tselect\n\t\t\t\t\t\t\t\tform_identifier::jsonb->>'offenderBookId' as offenderbookid,\n\t\t\t\t\t\t\t\tform_info_json,\n\t\t\t\t\t\t\t\tjsonb_path_query_array(encode(form_info_json, 'escape')::jsonb,\n\t\t\t\t\t\t\t\t'$.*') as items\n\t\t\t\t\t\tfrom\n\t\t\t\t\t\t\t\tocdlegls_data) as t\n\t\t\t\t\twhere\n\t\t\t\t\t\t\toffenderbookid::bigint in (:offenderBookIds)\n      ) as LEGAL_SUMMARY\n    ) as LEGAL_SUMMARY_1\n  ) as LEGAL_SUMMARY_2\n\t\twhere\n\t\t\t\tdatetype in ('booking_LRD', 'booking_ERD')\n\t\tgroup by\n\t\t\t\toffenderBookId,\n\t\t\t\toverrideindefinite,\n\t\t\t\toverrideDateValue,\n\t\t\t\tindefinite,\n\t\t\t\tdateValue,\n\t\t\t\tdateType) as Legal_summary_data\n\tgroup by\n\t\t\toffenderBookId)B on\n\t\tob.offender_book_id::text = B.offenderBookId\nwhere\n\tob.offender_book_id::bigint in(:offenderBookIds)","queryDesc":"Get Bulk Prisoner Release Date","category":"CLIENT"}],"actionParams":[{"createUserId":"OMS_OWNER","parameterId":544,"queryKey":"GET_BULK_PRISONERS_RELEASE_DATE","parameterCode":"offenderBookIds","parameterDescription":"Offender Book Ids","parameterType":"List","createDatetime":1693811319990,"modifyDatetime":1693811319990}],"createUserId":"OMS_OWNER","apiId":"GET_BULK_PRISONERS_RELEASE_DATE","apiDescription":"Get Bulk Prisoner Release Date","queryKey":"GET_BULK_PRISONERS_RELEASE_DATE","url":"Elite2Web/api/cmdaction/executeSelectQuery","queryId":0,"createDatetime":1693811417000,"modifyDatetime":1693811417000,"category":"CLIENT"},{"quickAction":[{"queryId":257,"queryKey":"GET_BULK_SECTION68_DETAILS","queryText":"select\n\t*\nfrom\n\t(\n\tselect\n\t\tA.offender_book_id,\n\t\tcoalesce(flag, 'N') as section68\n\tfrom\n\t\tv_offenders A\n\tleft outer join (\n\t\tselect\n\t\t\t*\n\t\tfrom\n\t\t\t(\n\t\t\tselect\n\t\t\t\toffender_book_id,\n\t\t\t\tcase\n\t\t\t\t\twhen alert_code = 'S68'\n\t\t\t\t\tand alert_status = 'ACTIVE' then 'Y'\n\t\t\t\t\telse 'N'\n\t\t\t\tend flag\n\t\t\tfrom\n\t\t\t\toffender_alerts)A\n\t\twhere\n\t\t\tflag = 'Y')B \non\n\t\tA.offender_book_id = B.offender_book_id)A\nwhere\n\toffender_book_id in (:offenderBookIds) order by offender_book_id\n","queryDesc":"Get Bulk Section68 Details","category":"CLIENT"}],"actionParams":[{"createUserId":"OMS_OWNER","parameterId":427,"queryKey":"GET_BULK_SECTION68_DETAILS","parameterCode":"offenderBookIds","parameterDescription":"Offender Book Ids","parameterType":"List","createDatetime":1689059684836,"modifyDatetime":1689059684836}],"createUserId":"OMS_OWNER","apiId":"GET_BULK_SECTION68_DETAILS","apiDescription":"Get Bulk Section68 Details","queryKey":"GET_BULK_SECTION68_DETAILS","url":"Elite2Web/api/cmdaction/executeSelectQuery","queryId":0,"createDatetime":1689059877000,"modifyDatetime":1689059877000,"category":"CLIENT"},{"quickAction":[{"queryId":258,"queryKey":"GET_BULK_HOME_DESTINATION_DETAILS","queryText":"select\n\t*\nfrom\n\t(\n\tselect\n\t\tA.offender_book_id,\n\t\tcoalesce(flag, 'N') as homeDestination\n\tfrom\n\t\tv_offenders A\n\tleft outer join (\n\t\tselect\n\t\t\t*\n\t\tfrom\n\t\t\t(\n\t\t\tselect\n\t\t\t\toffender_book_id,\n\t\t\t\tcase\n\t\t\t\t\twhen alert_code = 'ENP'\n\t\t\t\t\tand alert_status = 'ACTIVE' then 'Y'\n\t\t\t\t\telse 'N'\n\t\t\t\tend flag\n\t\t\tfrom\n\t\t\t\toffender_alerts)A\n\t\twhere\n\t\t\tflag = 'Y')B \non\n\t\tA.offender_book_id = B.offender_book_id)A\nwhere\n\toffender_book_id in (:offenderBookIds) order by offender_book_id","queryDesc":"Get Bulk Home Destination Details","category":"CLIENT"}],"actionParams":[{"createUserId":"OMS_OWNER","parameterId":428,"queryKey":"GET_BULK_HOME_DESTINATION_DETAILS","parameterCode":"offenderBookIds","parameterDescription":"Offender Book Ids","parameterType":"List","createDatetime":1689059799771,"modifyDatetime":1689059799771}],"createUserId":"OMS_OWNER","apiId":"GET_BULK_HOME_DESTINATION_DETAILS","apiDescription":"Get Bulk Home Destination Details","queryKey":"GET_BULK_HOME_DESTINATION_DETAILS","url":"Elite2Web/api/cmdaction/executeSelectQuery","queryId":0,"createDatetime":1689059839000,"modifyDatetime":1689059839000,"category":"CLIENT"},{"quickAction":[{"queryId":256,"queryKey":"GET_BULK_OFF_NEXT_COURT_DATE","queryText":"SELECT\n    ce.event_date,\n    ce.offender_book_id\nFROM\n    court_events ce\nJOIN\n    (\n        SELECT\n            offender_book_id,\n            MAX(event_id) AS max_event_id\n        FROM\n            court_events\n        WHERE\n            offender_book_id IN (:offenderBookIds)\n        GROUP BY\n            offender_book_id\n    ) subquery\nON\n    ce.offender_book_id = subquery.offender_book_id\n    AND ce.event_id = subquery.max_event_id\n   order by ce.offender_book_id","queryDesc":"Get Bulk Off Next Court Date","category":"CLIENT"}],"actionParams":[{"createUserId":"OMS_OWNER","parameterId":426,"queryKey":"GET_BULK_OFF_NEXT_COURT_DATE","parameterCode":"offenderBookIds","parameterDescription":"Offender Book Ids","parameterType":"List","createDatetime":1689056618154,"modifyDatetime":1689056618154}],"createUserId":"OMS_OWNER","apiId":"GET_BULK_OFF_NEXT_COURT_DATE","apiDescription":"Get Bulk Off Next Court Date","queryKey":"GET_BULK_OFF_NEXT_COURT_DATE","url":"Elite2Web/api/cmdaction/executeSelectQuery","queryId":0,"createDatetime":1689056666000,"modifyDatetime":1689056666000,"category":"CLIENT"},{"quickAction":[{"queryId":253,"queryKey":"GET_UPDATED_ACTIVE_OFFENDERS","queryText":"select\n\toffender_book_id\nfrom\n\tv_offenders\nwhere\n\tactive_flag = 'Y'","queryDesc":"Get Updated Active Offenders","category":"CLIENT"}],"actionParams":[],"createUserId":"OMS_OWNER","apiId":"GET_UPDATED_ACTIVE_OFFENDERS","apiDescription":"Get Updated Active Offenders","queryKey":"GET_UPDATED_ACTIVE_OFFENDERS","url":"Elite2Web/api/cmdaction/executeSelectQuery","queryId":0,"createDatetime":1689048258000,"modifyDatetime":1689048258000,"category":"CLIENT"},{"quickAction":[{"queryId":250,"queryKey":"FORMAT_UPDTAED_ACTIVE_OFF_ACTION_RESP","queryText":"Select 1 from Dual","queryDesc":"Format Updated Active Off Action Resp","category":"CLIENT"}],"actionParams":[{"createUserId":"OMS_OWNER","parameterId":419,"queryKey":"FORMAT_UPDTAED_ACTIVE_OFF_ACTION_RESP","parameterCode":"offenderDetails","parameterDescription":"Offender Details","parameterType":"String","createDatetime":1688948509927,"modifyDatetime":1688948509927},{"createUserId":"OMS_OWNER","parameterId":420,"queryKey":"FORMAT_UPDTAED_ACTIVE_OFF_ACTION_RESP","parameterCode":"staffDetails","parameterDescription":"Staff Details","parameterType":"String","createDatetime":1688948509927,"modifyDatetime":1688948509927},{"createUserId":"OMS_OWNER","parameterId":421,"queryKey":"FORMAT_UPDTAED_ACTIVE_OFF_ACTION_RESP","parameterCode":"offenderBookingDetails","parameterDescription":"Offender Booking Details","parameterType":"String","createDatetime":1688948509927,"modifyDatetime":1688948509927},{"createUserId":"OMS_OWNER","parameterId":422,"queryKey":"FORMAT_UPDTAED_ACTIVE_OFF_ACTION_RESP","parameterCode":"specificationKey","parameterDescription":"specificationKey","parameterType":"String","createDatetime":1688948509927,"modifyDatetime":1688948509927},{"createUserId":"OMS_OWNER","parameterId":429,"queryKey":"FORMAT_UPDTAED_ACTIVE_OFF_ACTION_RESP","parameterCode":"section68Details","parameterDescription":" Section68 Details","parameterType":"String","createDatetime":1689066084673,"modifyDatetime":1689066084673},{"createUserId":"OMS_OWNER","parameterId":430,"queryKey":"FORMAT_UPDTAED_ACTIVE_OFF_ACTION_RESP","parameterCode":"homeDestinationDetails","parameterDescription":"Home Destination Details","parameterType":"String","createDatetime":1689066084673,"modifyDatetime":1689066084673},{"createUserId":"OMS_OWNER","parameterId":431,"queryKey":"FORMAT_UPDTAED_ACTIVE_OFF_ACTION_RESP","parameterCode":"offNextCourtDate","parameterDescription":"Off Next Court Date","parameterType":"String","createDatetime":1689066084673,"modifyDatetime":1689066084673},{"createUserId":"OMS_OWNER","parameterId":545,"queryKey":"FORMAT_UPDTAED_ACTIVE_OFF_ACTION_RESP","parameterCode":"releaseDates","parameterDescription":"Release Dates","parameterType":"String","createDatetime":1693871367789,"modifyDatetime":1693871367789},{"createUserId":"OMS_OWNER","parameterId":547,"queryKey":"FORMAT_UPDTAED_ACTIVE_OFF_ACTION_RESP","parameterCode":"offenderAddresses","parameterDescription":"Offender Address Details","parameterType":"String","createDatetime":1693896706562,"modifyDatetime":1693896706562}],"createUserId":"OMS_OWNER","apiId":"FORMAT_UPDTAED_ACTIVE_OFF_ACTION_RESP","apiDescription":"Format Updated Active Off Action Resp","queryKey":"FORMAT_UPDTAED_ACTIVE_OFF_ACTION_RESP","url":"Elite2Web/api/serviceBusController/convertJson","queryId":0,"createDatetime":1688948704000,"modifyDatetime":1688948704000,"category":"CLIENT"},{"quickAction":[{"queryId":132,"queryKey":"GET_OFFENDERS_DISCHARGED_LAST_WEEK","queryText":"select oe.offender_book_id from\n(select\noem.offender_book_id,\noem.movement_date movement_date\nfrom\noffender_external_movements oem\nwhere\n oem.movement_reason_code = 'DISC'\nand (sysdate()::date - oem.movement_date::date)<7)oe\nexcept (select offender_book_id from offender_alerts oa where (alert_code = 'S68' or alert_code = 'ENP') and alert_status = 'ACTIVE')","queryDesc":"Get Offenders Discharged Last Week","category":"CLIENT"}],"actionParams":[],"createUserId":"OMS_OWNER","apiId":"GET_OFFENDERS_DISCHARGED_LAST_WEEK","apiDescription":"Get Offenders Discharged Last Week","queryKey":"GET_OFFENDERS_DISCHARGED_LAST_WEEK","url":"Elite2Web/api/cmdaction/executeSelectQuery","queryId":0,"createDatetime":1667549702000,"modifyDatetime":1667549702000,"category":"CLIENT"},{"quickAction":[{"queryId":128,"queryKey":"GET_BULK_OFFENDER_BOOKINGS","queryText":"select\n\tob.booking_no,\n\tob.booking_begin_date,\n\tob.offender_book_id,\n\tois.imprisonment_status as booking_status,\n\tcase\n\t\twhen ob.agy_loc_id is not null then al.description\n\t\telse (\n\t\tselect\n\t\t\tdescription\n\t\tfrom\n\t\t\tagency_locations\n\t\twhere\n\t\t\tagy_loc_id = ob.intake_agy_loc_id)\n\tend agy_loc_id_desc,\n\tcase\n\t\twhen ob.agy_loc_id is not null then ob.agy_loc_id\n\t\telse ob.intake_agy_loc_id\n\tend agy_loc_id,\n\tob.living_unit_id\nfrom\n\toffender_bookings ob\nleft join agency_locations al on\n\tal.agy_loc_id = ob.agy_loc_id\nleft join (\n\tselect\n\t\toffender_book_id,\n\t\tMAX(imprison_status_seq) as max_seq\n\tfrom\n\t\toffender_imprison_statuses\n\tgroup by\n\t\toffender_book_id\n) ois_max on\n\tois_max.offender_book_id = ob.offender_book_id\nleft join offender_imprison_statuses ois on\n\tois.offender_book_id = ob.offender_book_id\n\tand ois.imprison_status_seq = ois_max.max_seq\nwhere\n\tob.offender_book_id in (:offenderBookIds)\norder by\n\tob.offender_book_id","queryDesc":"Get Bulk Offender Bookings","category":"CLIENT"}],"actionParams":[{"createUserId":"OMS_OWNER","parameterId":163,"queryKey":"GET_BULK_OFFENDER_BOOKINGS","parameterCode":"offenderBookIds","parameterDescription":"offender Book Ids","parameterType":"List","createDatetime":1667548695658,"modifyDatetime":1667549187091,"modifyUserId":"OMS_OWNER"}],"createUserId":"OMS_OWNER","apiId":"GET_BULK_OFFENDER_BOOKINGS","apiDescription":"Get Bulk Offender Bookings","queryKey":"GET_BULK_OFFENDER_BOOKINGS","url":"Elite2Web/api/cmdaction/executeSelectQuery","queryId":0,"createDatetime":1667548726000,"modifyDatetime":1667548726000,"category":"CLIENT"},{"quickAction":[{"queryId":127,"queryKey":"GET_BULK_OFFENDER_DETAILS","queryText":"SELECT \n    vo.offender_book_id,\n    vo.offender_id,\n    vo.offender_id_display,\n    vo.first_name,\n    vo.last_name,\n    vo.middle_name,\n    vo.birth_date,\n    vo.sex_code,\n    o.second_middle_name \nFROM \n    v_offenders vo,\n    offenders o\nwhere\n\tvo.offender_id = o.offender_id \n    and vo.offender_book_id in (:offenderBookIds) order by vo.offender_book_id","queryDesc":"Get Bulk Offender Details","category":"CLIENT"}],"actionParams":[{"createUserId":"OMS_OWNER","parameterId":162,"queryKey":"GET_BULK_OFFENDER_DETAILS","parameterCode":"offenderBookIds","parameterDescription":"offender Book Ids","parameterType":"List","createDatetime":1667548534813,"modifyDatetime":1667548534813}],"createUserId":"OMS_OWNER","apiId":"GET_BULK_OFFENDER_DETAILS","apiDescription":"Get Bulk Offender Details","queryKey":"GET_BULK_OFFENDER_DETAILS","url":"Elite2Web/api/cmdaction/executeSelectQuery","queryId":0,"createDatetime":1667548575000,"modifyDatetime":1667548575000,"category":"CLIENT"},{"quickAction":[{"queryId":126,"queryKey":"FORMAT_CURRENT_OFFENDERS_ACTION_RESPONSE","queryText":"Select 1 from dual","queryDesc":"Format Current Offenders Action Response","category":"CLIENT"}],"actionParams":[{"createUserId":"OMS_OWNER","parameterId":158,"queryKey":"FORMAT_CURRENT_OFFENDERS_ACTION_RESPONSE","parameterCode":"specificationKey","parameterDescription":"specificationKey","parameterType":"String","createDatetime":1667548224472,"modifyDatetime":1667548224472},{"createUserId":"OMS_OWNER","parameterId":159,"queryKey":"FORMAT_CURRENT_OFFENDERS_ACTION_RESPONSE","parameterCode":"activePrisoners","parameterDescription":"Active Prisoners","parameterType":"String","createDatetime":1667548224472,"modifyDatetime":1667548224472},{"createUserId":"OMS_OWNER","parameterId":160,"queryKey":"FORMAT_CURRENT_OFFENDERS_ACTION_RESPONSE","parameterCode":"releasePrisoners","parameterDescription":"Release Prisoners","parameterType":"String","createDatetime":1667548224472,"modifyDatetime":1667548224472},{"createUserId":"OMS_OWNER","parameterId":161,"queryKey":"FORMAT_CURRENT_OFFENDERS_ACTION_RESPONSE","parameterCode":"escapePrisoners","parameterDescription":"Escape Prisoners","parameterType":"String","createDatetime":1667548224472,"modifyDatetime":1667548224472}],"createUserId":"OMS_OWNER","apiId":"FORMAT_CURRENT_OFFENDERS_ACTION_RESPONSE","apiDescription":"Format Current Offenders Action Response","queryKey":"FORMAT_CURRENT_OFFENDERS_ACTION_RESPONSE","url":"Elite2Web/api/serviceBusController/convertJson","queryId":0,"createDatetime":1667548324000,"modifyDatetime":1667548324000,"category":"CLIENT"},{"quickAction":[{"queryId":21,"queryKey":"GET_STAFF_DETAILS","queryText":"select user_id, last_name, first_name, current_timestamp date_time from staff_members where user_id = :userId","queryDesc":"Get Staff Details","category":"CLIENT"}],"actionParams":[{"createUserId":"OMS_OWNER","parameterId":28,"queryKey":"GET_STAFF_DETAILS","parameterCode":"userId","parameterDescription":"User Id","parameterType":"String","createDatetime":1661267533000,"modifyDatetime":1667552073806,"modifyUserId":"OMS_OWNER"}],"createUserId":"OMS_OWNER","apiId":"GET_STAFF_DETAILS","apiDescription":"Get Staff Details","queryKey":"GET_STAFF_DETAILS","url":"Elite2Web/api/cmdaction/executeSelectQuery","queryId":0,"createDatetime":1661268205000,"modifyDatetime":1661268205000,"category":"CLIENT"}]