[{"quickAction":[{"queryId":511,"queryKey":"GET_OTHER_LOCATION","queryText":"select nullif( CONCAT_WS(', ', nullif(SUBSTR((o.LAST_NAME || ' ' || o.FIRST_NAME), 1, 100), ''), nullif(va.address_line1, ''), nullif(CASE WHEN city_name IS NULL THEN city_code ELSE city_name END, ''), nullif(CASE WHEN prov_state_desc IS NULL THEN prov_state_code ELSE prov_state_desc END, ''), nullif(va.zip_postal_code, ''), nullif(va.country, '') ), '' ) as location from v_address_usages va join OFFENDERS o on va.owner_id = o.offender_id where va.address_id = :addressId and va.address_usage = 'TAP';","queryDesc":"Get Other Location","category":"CLIENT"}],"actionParams":[{"createUserId":"OMS_OWNER","parameterId":1794,"queryKey":"GET_OTHER_LOCATION","parameterCode":"addressId","parameterDescription":"Address Id","parameterType":"Number","createDatetime":1701921509821,"modifyDatetime":1701921509821}],"createUserId":"OMS_OWNER","apiId":"GET_OTHER_LOCATION","apiDescription":"Get Other Location","queryKey":"GET_OTHER_LOCATION","url":"Elite2Web/api/cmdaction/executeSelectQuery","queryId":0,"createDatetime":1701921509000,"modifyDatetime":1701921509000,"category":"CLIENT"},{"quickAction":[{"queryId":512,"queryKey":"GET_BUSINESS_LOCATION","queryText":"SELECT NULLIF( CONCAT_WS(', ', (SELECT corporate_name FROM corporates c WHERE c.corporate_id = va.corporate_id), NULLIF(address_line1, ''), NULLIF(CASE WHEN city_name IS NULL THEN city_code ELSE city_name END, ''), NULLIF(CASE WHEN prov_state_desc IS NULL THEN prov_state_code ELSE prov_state_desc END, ''), NULLIF(zip_postal_code, ''), NULLIF(country, '') ), '' ) AS location FROM v_corporate_addresses va WHERE address_id = :addressId","queryDesc":"Get Business Location","category":"CLIENT"}],"actionParams":[{"createUserId":"OMS_OWNER","parameterId":1795,"queryKey":"GET_BUSINESS_LOCATION","parameterCode":"addressId","parameterDescription":"Address Id","parameterType":"Number","createDatetime":1701921509821,"modifyDatetime":1701921509821}],"createUserId":"OMS_OWNER","apiId":"GET_BUSINESS_LOCATION","apiDescription":"Get Business Location","queryKey":"GET_BUSINESS_LOCATION","url":"Elite2Web/api/cmdaction/executeSelectQuery","queryId":0,"createDatetime":1701921509000,"modifyDatetime":1701921509000,"category":"CLIENT"},{"quickAction":[{"queryId":513,"queryKey":"GET_AGENCY_LOCATION","queryText":"SELECT NULLIF( CONCAT_WS(', ', (SELECT description FROM agency_locations al WHERE al.agy_loc_id = va.agy_loc_id), NULLIF(address_line1, ''), NULLIF(CASE WHEN city_name IS NULL THEN city_code ELSE city_name END, ''), NULLIF(CASE WHEN prov_state_desc IS NULL THEN prov_state_code ELSE prov_state_desc END, ''), NULLIF(zip_postal_code, ''), NULLIF(country, '') ), '' ) AS location FROM v_agency_addresses va WHERE address_id =:addressId;","queryDesc":"Get Agency Location","category":"CLIENT"}],"actionParams":[{"createUserId":"OMS_OWNER","parameterId":1796,"queryKey":"GET_AGENCY_LOCATION","parameterCode":"addressId","parameterDescription":"Address Id","parameterType":"Number","createDatetime":1701921509821,"modifyDatetime":1701921509821}],"createUserId":"OMS_OWNER","apiId":"GET_AGENCY_LOCATION","apiDescription":"Get Agency Location","queryKey":"GET_AGENCY_LOCATION","url":"Elite2Web/api/cmdaction/executeSelectQuery","queryId":0,"createDatetime":1701921509000,"modifyDatetime":1701921509000,"category":"CLIENT"}]