[{"quickAction":[{"queryId":431,"queryKey":"GET_OFF_SEP_PERIOD_EXPIRED_DATA","queryText":"select\n\to.offender_id_display,\n\to.last_name,\n\to.first_name,\n\to.middle_name\nfrom\n\tOFFENDER_CIP_DETAILS ocd,\n\toffender_bookings ob,\n\toffenders o\nwhere\n\tdate_trunc('day',\n\tocd.expiry_date) <= current_date\n\tand ob.offender_book_id = ocd.offender_book_id\n\tand ob.offender_id = o.offender_id\n\tand :livingUnitCode in (\nwith recursive living_unit_code \nas(\n\tselect\n\t\tc.internal_location_id,\n\t\tc.parent_internal_location_id,\n\t\tc.agy_loc_id ,\n\t\tc.internal_location_code\n\tfrom\n\t\tagency_internal_locations c\n\twhere\n\t\tc.internal_location_id = ob.living_unit_id\nunion all\n\tselect\n\t\tlu.internal_location_id,\n\t\tlu.parent_internal_location_id,\n\t\tlu.agy_loc_id,\n\t\tlu.internal_location_code\n\tfrom\n\t\tagency_internal_locations lu\n\tjoin living_unit_code c on\n\t\t(c.parent_internal_location_id = lu.internal_location_id ))\n\tselect\n\t\tinternal_location_code\n\tfrom\n\t\tliving_unit_code)","queryDesc":"Get Off Sep Period Expired Data","category":"PRODUCT"}],"actionParams":[{"createUserId":"OMS_OWNER","parameterId":1903,"queryKey":"GET_OFF_SEP_PERIOD_EXPIRED_DATA","parameterCode":"livingUnitCode","parameterDescription":"Living Unit Code","parameterType":"String","createDatetime":1704667064786}],"createUserId":"OMS_OWNER","apiId":"GET_OFF_SEP_PERIOD_EXPIRED_DATA","apiDescription":"Get Off Sep Period Expired Data","queryKey":"GET_OFF_SEP_PERIOD_EXPIRED_DATA","url":"Elite2Web/api/cmdaction/executeSelectQuery","queryId":0,"createDatetime":1689046617000,"modifyDatetime":1704667064000,"modifyUserId":"OMS_OWNER","category":"PRODUCT"}]