[{"quickAction":[{"queryId":112,"queryKey":"GET_STAFF_REPORTS_TO_LOCK","queryText":"select\n\tisr.agency_incident_id ,\n\tisr.lock_reference_time ,\n\tisr.incident_report_id,\n\t(select staff_id from staff_members sm where UPPER(user_id)=UPPER(user)) userid \nfrom\n\tincident_staff_reports isr,\n\tstaff_reports_maint srm1\nwhere\n\tisr.lock_flag = 'N' \n\tand isr.report_type = srm1.report_type\n\tand srm1.automatic_flag = 'Y'\n\tand (isr.lock_reference_time + (srm1.length ||' '|| srm1.length_unit)::interval)::text <to_char(SYSTIMESTAMP()::timestamptz,'YYYY-MM-DD hh24:mi:ss TZH')||':'||substr(to_char(SYSTIMESTAMP()::timestamptz,'YYYY-MM-DD hh24:mi:ss TZM'),instr(to_char(SYSTIMESTAMP()::timestamptz,'YYYY-MM-DD hh24:mi:ss TZM'),' ',-1)+1)::text","queryDesc":"Get Staff Reports To Lock","category":"PRODUCT"}],"actionParams":[],"createUserId":"OMS_OWNER","apiId":"GET_STAFF_REPORTS_TO_LOCK","apiDescription":"Get Staff Reports To Lock","queryKey":"GET_STAFF_REPORTS_TO_LOCK","url":"Elite2Web/api/cmdaction/executeSelectQuery","queryId":0,"createDatetime":1666270256000,"modifyDatetime":1666270256000,"category":"PRODUCT"}]