[{"quickAction":[{"queryId":537,"queryKey":"GET_COURT_EVENT_DETAILS_FOR_FUTURE_COURT_EVENTS","queryText":"select\n\tto_char(ce.event_date, 'DD/MM/YYYY') as event_date,\n\tTO_CHAR(ce.start_time, 'HH24:MI') as start_time,\n\t(select description from agency_internal_locations where internal_location_id = ce.appearance_location::bigint) as appearance_location\nfrom\n\tcourt_events ce\nwhere\n\toffender_book_id = :offenderBookId\n\tand (appearance_type = 'VID' or appearance_type = 'OME')\n\tand start_time >= current_timestamp","queryDesc":"Get Court Event Details for Future Court Events","category":"CLIENT"}],"actionParams":[{"createUserId":"OMS_OWNER","parameterId":1986,"queryKey":"GET_COURT_EVENT_DETAILS_FOR_FUTURE_COURT_EVENTS","parameterCode":"offenderBookId","parameterDescription":"Offender Book Id","parameterType":"Number","createDatetime":1706161893051}],"createUserId":"OMS_OWNER","apiId":"GET_COURT_EVENT_DETAILS_FOR_FUTURE_COURT_EVENTS","apiDescription":"Get Court Event Details for Future Court Events","queryKey":"GET_COURT_EVENT_DETAILS_FOR_FUTURE_COURT_EVENTS","url":"Elite2Web/api/cmdaction/executeSelectQuery","queryId":0,"createDatetime":1706161931000,"category":"CLIENT"}]