[{"quickAction":[{"queryId":360,"queryKey":"GET_DESCRIPTION_DATE","queryText":"select to_char(max(modify_datetime), 'yyyymmdd')   as description_date\nfrom (\n    select modify_datetime from offenders where race_code is not null and offender_id= (select offender_id from offender_bookings ob where offender_book_id = :offenderBookId)\n    union\n    select case when opd.modify_datetime is null then opd.create_datetime else opd.modify_datetime end modify_datetime from offender_profile_details opd where offender_book_id = :offenderBookId and profile_type = 'BUILD' and profile_code is not null and profile_code != '' and profile_seq = (select max(profile_seq) from offender_profile_details where offender_book_id = :offenderBookId and profile_type = 'BUILD' and profile_code is not null and profile_code != '')\t\n    union\n    select case when opa.modify_datetime is null then opa.create_datetime else opa.modify_datetime end modify_datetime  from offender_physical_attributes opa where offender_book_id = :offenderBookId\n) as combined_results","queryDesc":"Get Description Date","category":"CLIENT"}],"actionParams":[{"createUserId":"OMS_OWNER","parameterId":724,"queryKey":"GET_DESCRIPTION_DATE","parameterCode":"offenderBookId","parameterDescription":"Offender Book Id","parameterType":"Number","createDatetime":1703129816993,"modifyDatetime":1703129816993}],"createUserId":"OMS_OWNER","apiId":"GET_DESCRIPTION_DATE","apiDescription":"Get Description Date","queryKey":"GET_DESCRIPTION_DATE","url":"Elite2Web/api/cmdaction/executeSelectQuery","queryId":0,"createDatetime":1703129838000,"modifyDatetime":1703129838000,"category":"CLIENT"},{"quickAction":[{"queryId":267,"queryKey":"FORMAT_PHY_DESC_RESPONSE","queryText":"Select 1 from Dual","queryDesc":"Format Phy Desc Response","category":"CLIENT"}],"actionParams":[{"createUserId":"OMS_OWNER","parameterId":675,"queryKey":"FORMAT_PHY_DESC_RESPONSE","parameterCode":"raceDetails","parameterDescription":"Race Details","parameterType":"String","createDatetime":1700632895403,"modifyDatetime":1700632895403},{"createUserId":"OMS_OWNER","parameterId":725,"queryKey":"FORMAT_PHY_DESC_RESPONSE","parameterCode":"descriptionDate","parameterDescription":"Description Date","parameterType":"String","createDatetime":1703130048341,"modifyDatetime":1703130048341},{"createUserId":"OMS_OWNER","parameterId":450,"queryKey":"FORMAT_PHY_DESC_RESPONSE","parameterCode":"correlationId","parameterDescription":"Correlation Id","parameterType":"String","createDatetime":1689226195073,"modifyDatetime":1689226195073},{"createUserId":"OMS_OWNER","parameterId":451,"queryKey":"FORMAT_PHY_DESC_RESPONSE","parameterCode":"specificationKey","parameterDescription":"Specification Key","parameterType":"String","createDatetime":1689226195073,"modifyDatetime":1689226195073},{"createUserId":"OMS_OWNER","parameterId":452,"queryKey":"FORMAT_PHY_DESC_RESPONSE","parameterCode":"staffDetails","parameterDescription":"Staff Details","parameterType":"String","createDatetime":1689226195073,"modifyDatetime":1689226195073},{"createUserId":"OMS_OWNER","parameterId":453,"queryKey":"FORMAT_PHY_DESC_RESPONSE","parameterCode":"phyAttributeDetails","parameterDescription":"Phy Attribute Details","parameterType":"String","createDatetime":1689226195073,"modifyDatetime":1689226195073},{"createUserId":"OMS_OWNER","parameterId":454,"queryKey":"FORMAT_PHY_DESC_RESPONSE","parameterCode":"offenderProfileDetails","parameterDescription":"Offender Profile Details","parameterType":"String","createDatetime":1689226195073,"modifyDatetime":1689226195073},{"createUserId":"OMS_OWNER","parameterId":456,"queryKey":"FORMAT_PHY_DESC_RESPONSE","parameterCode":"phyMarkDetails","parameterDescription":"Phy Mark Details","parameterType":"String","createDatetime":1689231790688,"modifyDatetime":1689231790688},{"createUserId":"OMS_OWNER","parameterId":457,"queryKey":"FORMAT_PHY_DESC_RESPONSE","parameterCode":"pin","parameterDescription":"Pin","parameterType":"String","createDatetime":1689307894753,"modifyDatetime":1689307894753}],"createUserId":"OMS_OWNER","apiId":"FORMAT_PHY_DESC_RESPONSE","apiDescription":"Format Phy Desc Response","queryKey":"FORMAT_PHY_DESC_RESPONSE","url":"Elite2Web/api/serviceBusController/convertJson","queryId":0,"createDatetime":1689226334000,"modifyDatetime":1689226334000,"category":"CLIENT"}]