[{"quickAction":[{"queryId":184,"queryKey":"GET_PHOTOGRAPH_EXISTS","queryText":"select\n\tcoalesce (y,\n\t'N') as Y\nfrom\n\t(\n\tselect\n\t\t(\n\t\tselect\n\t\t\t'Y' as Y\n\t\tfrom\n\t\t\timages\n\t\twhere\n\t\t\timage_id = :photoId) Y,\n\t\t1\n\tfrom\n\t\tdual)A","queryDesc":"Get Photograph Exists","category":"CLIENT"}],"actionParams":[{"createUserId":"OMS_OWNER","parameterId":291,"queryKey":"GET_PHOTOGRAPH_EXISTS","parameterCode":"photoId","parameterDescription":"Photo Id","parameterType":"Number","createDatetime":1675210428894,"modifyDatetime":1675210428894}],"createUserId":"OMS_OWNER","apiId":"GET_PHOTOGRAPH_EXISTS","apiDescription":"Get Photograph Exists","queryKey":"GET_PHOTOGRAPH_EXISTS","url":"Elite2Web/api/cmdaction/executeSelectQuery","queryId":0,"createDatetime":1675210612000,"modifyDatetime":1675210612000,"category":"CLIENT"},{"quickAction":[{"queryId":183,"queryKey":"FORMAT_PHOTOGRAPH_ERROR_RESPONSE","queryText":"Select 1 from dual","queryDesc":"Format Photograph Error Response","category":"CLIENT"}],"actionParams":[{"createUserId":"OMS_OWNER","parameterId":288,"queryKey":"FORMAT_PHOTOGRAPH_ERROR_RESPONSE","parameterCode":"staffDetails","parameterDescription":"Staff Details","parameterType":"String","createDatetime":1675203410797,"modifyDatetime":1675203410797},{"createUserId":"OMS_OWNER","parameterId":289,"queryKey":"FORMAT_PHOTOGRAPH_ERROR_RESPONSE","parameterCode":"specificationKey","parameterDescription":"Specification Key","parameterType":"String","createDatetime":1675203410797,"modifyDatetime":1675203410797},{"createUserId":"OMS_OWNER","parameterId":290,"queryKey":"FORMAT_PHOTOGRAPH_ERROR_RESPONSE","parameterCode":"correlationId","parameterDescription":"Correlation Id","parameterType":"String","createDatetime":1675203410797,"modifyDatetime":1675203410797}],"createUserId":"OMS_OWNER","apiId":"FORMAT_PHOTOGRAPH_ERROR_RESPONSE","apiDescription":"Format Photograph Error Response","queryKey":"FORMAT_PHOTOGRAPH_ERROR_RESPONSE","url":"Elite2Web/api/serviceBusController/convertJson","queryId":0,"createDatetime":1675203616000,"modifyDatetime":1675203616000,"category":"CLIENT"},{"quickAction":[{"queryId":177,"queryKey":"FORMAT_PHOTOGRAPH_RESPONSE","queryText":"Select 1 from dual","queryDesc":"Format Photograph Response","category":"CLIENT"}],"actionParams":[{"createUserId":"KARTHI","parameterId":272,"queryKey":"FORMAT_PHOTOGRAPH_RESPONSE","parameterCode":"staffDetails","parameterDescription":"Staff Details","parameterType":"String","createDatetime":1673586167994,"modifyDatetime":1673586167994},{"createUserId":"KARTHI","parameterId":273,"queryKey":"FORMAT_PHOTOGRAPH_RESPONSE","parameterCode":"photographDetails","parameterDescription":"Photograph Details","parameterType":"String","createDatetime":1673586167994,"modifyDatetime":1673586167994},{"createUserId":"KARTHI","parameterId":274,"queryKey":"FORMAT_PHOTOGRAPH_RESPONSE","parameterCode":"specificationKey","parameterDescription":"Specification Key","parameterType":"String","createDatetime":1673586620379,"modifyDatetime":1673586620379},{"createUserId":"OMS_OWNER","parameterId":292,"queryKey":"FORMAT_PHOTOGRAPH_RESPONSE","parameterCode":"correlationId","parameterDescription":"Correlation Id","parameterType":"String","createDatetime":1675211094578,"modifyDatetime":1675211094578}],"createUserId":"KARTHI","apiId":"FORMAT_PHOTOGRAPH_RESPONSE","apiDescription":"Format Photograph Response","queryKey":"FORMAT_PHOTOGRAPH_RESPONSE","url":"Elite2Web/api/serviceBusController/convertJson","queryId":0,"createDatetime":1673586260000,"modifyDatetime":1673586260000,"category":"CLIENT"},{"quickAction":[{"queryId":176,"queryKey":"GET_PHOTOGRAPH_DETAILS","queryText":"select\n\tim.capture_date,\n\tim.image_thumbnail\nfrom \n\timages im\nwhere \n\timage_id = :photoId;","queryDesc":"Get Photograph Details","category":"CLIENT"}],"actionParams":[{"createUserId":"KARTHI","parameterId":271,"queryKey":"GET_PHOTOGRAPH_DETAILS","parameterCode":"photoId","parameterDescription":"Photo Id","parameterType":"Number","createDatetime":1673571363145,"modifyDatetime":1673571363145}],"createUserId":"KARTHI","apiId":"GET_PHOTOGRAPH_DETAILS","apiDescription":"Get Photograph Details","queryKey":"GET_PHOTOGRAPH_DETAILS","url":"Elite2Web/api/cmdaction/executeSelectQuery","queryId":0,"createDatetime":1673571410000,"modifyDatetime":1673571410000,"category":"CLIENT"},{"quickAction":[{"queryId":144,"queryKey":"FORMAT_OFFENDER_DETAILS_QUEUE","queryText":"select 1 from dual","queryDesc":"Format Offender Details Queue","category":"CLIENT"}],"actionParams":[{"createUserId":"OMS_OWNER","parameterId":191,"queryKey":"FORMAT_OFFENDER_DETAILS_QUEUE","parameterCode":"ProcessInput","parameterDescription":"Process Input","parameterType":"String","createDatetime":1667777004424,"modifyDatetime":1667777004424},{"createUserId":"OMS_OWNER","parameterId":192,"queryKey":"FORMAT_OFFENDER_DETAILS_QUEUE","parameterCode":"specificationKey","parameterDescription":"Specification Key","parameterType":"String","createDatetime":1667777004424,"modifyDatetime":1667777004424}],"createUserId":"OMS_OWNER","apiId":"FORMAT_OFFENDER_DETAILS_QUEUE","apiDescription":"Format Offender Details Queue","queryKey":"FORMAT_OFFENDER_DETAILS_QUEUE","url":"Elite2Web/api/serviceBusController/convertJson","queryId":0,"createDatetime":1667777004000,"modifyDatetime":1667777004000,"category":"CLIENT"},{"quickAction":[{"queryId":21,"queryKey":"GET_STAFF_DETAILS","queryText":"select user_id, last_name, first_name, current_timestamp date_time from staff_members where user_id = :userId","queryDesc":"Get Staff Details","category":"CLIENT"}],"actionParams":[{"createUserId":"OMS_OWNER","parameterId":28,"queryKey":"GET_STAFF_DETAILS","parameterCode":"userId","parameterDescription":"User Id","parameterType":"String","createDatetime":1661267533000,"modifyDatetime":1667552073806,"modifyUserId":"OMS_OWNER"}],"createUserId":"OMS_OWNER","apiId":"GET_STAFF_DETAILS","apiDescription":"Get Staff Details","queryKey":"GET_STAFF_DETAILS","url":"Elite2Web/api/cmdaction/executeSelectQuery","queryId":0,"createDatetime":1661268205000,"modifyDatetime":1661268205000,"category":"CLIENT"}]