[{"quickAction":[{"queryId":270,"queryKey":"GET_OFFENDER_ACTIVE_ACP_SCHEDULES","queryText":"SELECT\n\tEVENT_ID,\n\tOFFENDER_BOOK_ID,\n\tEVENT_DATE,\n\tto_char(EVENT_DATE, 'DD-MM-YYYY') as SCH_EVENT_DATE,\n\tSTART_TIME,\n\tto_char(START_TIME, ' HH12:MI AM') as EVENT_START_TIME ,\n\tevent_sub_type,\n\t(select description from reference_codes rc where \"domain\" = 'EVENTS' and code = event_sub_type) as EVENT_SUB_TYPE_desc,\n\tFIRST_NAME AS OFFENDER_FIRST_NAME,\n\tDESCRIPTION,\n\tEMAIL_SCH_ENABLE,\n\tSMS_SCH_ENABLE,\n\tEVENT_TYPE,\n\tEVENT_SCH_TYPE,\n\tOFFENDER_ID_DISPLAY,\n\tBOOKING_NO,\n\tOFF_PRGREF_ID,\n\tCRS_SCH_ID,\n\tCRS_ACTY_ID\nfrom\n\t(\n\tselect\n\t\tA.EVENT_ID,\n\t\tA.OFFENDER_BOOK_ID,\n\t\tA.EVENT_DATE,\n\t\tA.START_TIME,\n\t\tA.EVENT_SUB_TYPE,\n\t\tA.event_type,\n\t\tA.EVENT_SCH_TYPE,\n\t\tA.first_name,\n\t\tA.offender_id_display,\n\t\tA.booking_no,\n\t\tA.off_prgref_id,\n\t\tA.crs_sch_id,\n\t\tA.crs_acty_id,\n\t\t(\n\t\tselect\n\t\t\tAGENCY_LOCATIONS.DESCRIPTION\n\t\tfrom\n\t\t\tAGENCY_LOCATIONS\n\t\twhere\n\t\t\tAGENCY_LOCATIONS.AGY_LOC_ID = A.TO_AGY_LOC_ID ) as DESCRIPTION,\n\t\t(\n\t\tcase\n\t\t\twhen (\n\t\t\tselect\n\t\t\t\tcount(*)\n\t\t\tfrom\n\t\t\t\tsms_email_sent_notifications\n\t\t\twhere\n\t\t\t\tevent_id = A.event_id)= 2 then 'N'\n\t\t\twhen A.SCHEDULED_EMAIL_HOUR is null then 'N'\n\t\t\twhen A.SCHEDULED_EMAIL_HOUR <= SYSDATE()\n\t\t\tand sesn.notification_type = 'MAIL' then 'N'\n\t\t\twhen A.SCHEDULED_EMAIL_HOUR <= SYSDATE() then 'Y'\n\t\t\telse 'N'\n\t\tend ) as EMAIL_SCH_ENABLE,\n\t\t(\n\t\tcase\n\t\t\twhen (\n\t\t\tselect\n\t\t\t\tcount(*)\n\t\t\tfrom\n\t\t\t\tsms_email_sent_notifications\n\t\t\twhere\n\t\t\t\tevent_id = A.event_id)= 2 then 'N'\n\t\t\twhen A.SCHEDULED_SMS_HOUR is null then 'N'\n\t\t\twhen A.SCHEDULED_SMS_HOUR <= SYSDATE()\n\t\t\tand sesn.notification_type = 'SMS' then 'N'\n\t\t\twhen A.SCHEDULED_SMS_HOUR <= SYSDATE() then 'Y'\n\t\t\telse 'N'\n\t\tend ) as SMS_SCH_ENABLE\n\tfrom\n\t\t(\n\t\tselect\n\t\t\t(\n\t\t\tcase\n\t\t\t\twhen oca.EMAIL_FLAG = 'Y' then (\n\t\t\t\tselect\n\t\t\t\t\t( oca.START_TIME - (oca.EMAIL_SCHEDULE_HOURS_BEFORE || ' HOURS')::interval )\n\t\t\t\tfrom\n\t\t\t\t\tDUAL )\n\t\t\t\telse null\n\t\t\tend ) as SCHEDULED_EMAIL_HOUR,\n\t\t\t(\n\t\t\tcase\n\t\t\t\twhen oca.SMS_FLAG = 'Y' then (\n\t\t\t\tselect\n\t\t\t\t\t( oca.START_TIME - (oca.SMS_SCHEDULE_HOURS_BEFORE || ' HOURS')::interval )\n\t\t\t\tfrom\n\t\t\t\t\tDUAL )\n\t\t\t\telse null\n\t\t\tend ) as SCHEDULED_SMS_HOUR,\n\t\t\t(case\n\t\t\t\twhen (opp.PROFILE_CLASS = 'CRS') then 'COMM_ACP'\n\t\t\t\telse 'COMM_ACP_APP'\n\t\t\tend ) as EVENT_SCH_TYPE,\n\t\t\toca.*,\n\t\t\to.offender_id_display ,\n\t\t\to.first_name ,\n\t\t\tob.booking_no \n\t\tfrom\n\t\t\tOFFENDER_PROGRAM_PROFILES opp\n\t\tjoin offender_course_attendances oca on\n\t\t\t(opp.off_prgref_id = oca.off_prgref_id)\n\t\t\tinner join offender_bookings ob on (oca.offender_book_id =ob.offender_book_id ) inner join offenders o on (ob.offender_id=o.offender_id)\n\t\twhere\n\t\t\toca.EVENT_STATUS = 'SCH'\n\t\t\tand oca.event_type = 'ACP'\n\t\t\tand (oca.EMAIL_FLAG is not null\n\t\t\t\tor oca.SMS_FLAG is not null)\n\t\t\tand TO_CHAR(oca.EVENT_DATE, 'YYYY-MM-DD 00:00:00.000')::DATE >= TO_CHAR(SYSDATE(), 'YYYY-MM-DD 00:00:00.000')::DATE\n\t\t\t\tand TO_CHAR(oca.START_TIME, 'HH24:MI:SS') > TO_CHAR(SYSDATE(), 'HH24:MI:SS')\n\t\t\torder by\n\t\t\t\t\tEVENT_DATE asc ) A\n\tleft join sms_email_sent_notifications sesn on\n\t\t(A.event_id = sesn.event_id)\n\twhere\n\t\t( A.SCHEDULED_EMAIL_HOUR is not null\n\t\t\tand A.SCHEDULED_EMAIL_HOUR <= SYSDATE()\n\t\t\t)\n\t\tor (A.SCHEDULED_SMS_HOUR is not null\n\t\t\tand A.SCHEDULED_SMS_HOUR <= SYSDATE()\n\t\t\t) ) as H\nwhere\n\t(email_sch_enable = 'Y'\n\t\tor sms_sch_enable = 'Y');\n\t\n\t\t\n","queryDesc":"Get Offender Acp Schedule","category":"PRODUCT"}],"actionParams":[],"createUserId":"SHABNAM","apiId":"GET_OFFENDER_ACTIVE_ACP_SCHEDULES","apiDescription":"Get Offender Acp Schedule","queryKey":"GET_OFFENDER_ACTIVE_ACP_SCHEDULES","url":"Elite2Web/api/cmdaction/executeSelectQuery","queryId":0,"createDatetime":1690892566000,"category":"PRODUCT"},{"quickAction":[{"queryId":20,"queryKey":"GET_OFFENDER_SCHEDULES","queryText":"select\n\tEVENT_ID,\n\tOFFENDER_BOOK_ID,\n\tEVENT_DATE,\n\tto_char(EVENT_DATE, 'DD-MM-YYYY') as SCH_EVENT_DATE,\n\tto_char(START_TIME, ' HH12:MI AM') as EVENT_START_TIME ,\n\t(select description from reference_codes rc where \"domain\" = 'EVENTS' and code = event_sub_type) as EVENT_SUB_TYPE_desc,\n\tSTART_TIME,\n\tEVENT_SUB_TYPE,\n\tDESCRIPTION,\n\tEMAIL_SCH_ENABLE,\n\tSMS_SCH_ENABLE,\n\tBOOKING_NO,\n\tFIRST_NAME AS OFFENDER_FIRST_NAME,\n\tOFFENDER_ID_DISPLAY\nfrom\n\t(\n\tselect\n\t\tA.EVENT_ID,\n\t\tA.OFFENDER_BOOK_ID,\n\t\tA.EVENT_DATE,\n\t\tA.START_TIME,\n\t\tA.EVENT_SUB_TYPE,\n\t\tA.booking_no,\n\t\tA.first_name,\n\t\tA.offender_id_display,\n\t\t(\n\t\tselect\n\t\t\tAGENCY_LOCATIONS.DESCRIPTION\n\t\tfrom\n\t\t\tAGENCY_LOCATIONS\n\t\twhere\n\t\t\tAGENCY_LOCATIONS.AGY_LOC_ID = A.TO_AGY_LOC_ID ) as DESCRIPTION,\n\t\t(\n\t\tcase\n\t\t\twhen (select count(*) from sms_email_sent_notifications where event_id =A.event_id)=2 then 'N'\n\t\t\twhen A.SCHEDULED_EMAIL_HOUR is null then 'N'\n\t\t\twhen A.SCHEDULED_EMAIL_HOUR <= SYSDATE() and sesn.notification_type='MAIL' then 'N'\n\t\t\twhen A.SCHEDULED_EMAIL_HOUR <= SYSDATE() then 'Y'\n\t\t\telse 'N'\n\t\tend ) as EMAIL_SCH_ENABLE,\n\t\t(\n\t\tcase\n\t\t\twhen (select count(*) from sms_email_sent_notifications where event_id =A.event_id)=2 then 'N'\n\t\t\twhen A.SCHEDULED_SMS_HOUR is null then 'N'\n\t\t\twhen A.SCHEDULED_SMS_HOUR <= SYSDATE()  and  sesn.notification_type='SMS'  then 'N'\n\t\t\twhen A.SCHEDULED_SMS_HOUR <= SYSDATE() then 'Y'\n\t\t\telse 'N'\n\t\tend ) as SMS_SCH_ENABLE\n\tfrom\n\t\t(\n\t\tselect\n\t\t\t(\n\t\t\tcase\n\t\t\t\twhen OIS.EMAIL_FLAG = 'Y' then (\n\t\t\t\tselect\n\t\t\t\t\t( OIS.START_TIME - (OIS.EMAIL_SCHEDULE_HOURS_BEFORE || ' HOURS')::interval )\n\t\t\t\tfrom\n\t\t\t\t\tDUAL )\n\t\t\t\telse null\n\t\t\tend ) as SCHEDULED_EMAIL_HOUR,\n\t\t\t(\n\t\t\tcase\n\t\t\t\twhen OIS.SMS_FLAG = 'Y' then (\n\t\t\t\tselect\n\t\t\t\t\t( OIS.START_TIME - (OIS.SMS_SCHEDULE_HOURS_BEFORE || ' HOURS')::interval )\n\t\t\t\tfrom\n\t\t\t\t\tDUAL )\n\t\t\t\telse null\n\t\t\tend ) as SCHEDULED_SMS_HOUR,\n\t\t\tOIS.*,\n\t\t\tob.booking_no ,\n\t\t\to.first_name,\n\t\t\to.offender_id_display\n\t\tfrom\n\t\t\tOFFENDER_IND_SCHEDULES OIS inner join offender_bookings ob on (ob.offender_book_id =OIS.offender_book_id ) \n\t\t\tinner join offenders o on (ob.offender_id=o.offender_id)\n\t\twhere\n\t\t\tEVENT_STATUS = 'SCH'\n\t\t\tand OIS.EMAIL_FLAG in ( 'Y', 'N' )\n\t\t\t\tand OIS.SMS_FLAG in ( 'Y', 'N' )\n\t\t\t\t\tand TO_CHAR(OIS.EVENT_DATE, 'YYYY-MM-DD 00:00:00.000')::DATE >= TO_CHAR(SYSDATE(), 'YYYY-MM-DD 00:00:00.000')::DATE\n\t\t\t\t\t\tand TO_CHAR(OIS.START_TIME, 'HH24:MI:SS') > TO_CHAR(SYSDATE(), 'HH24:MI:SS')\n\t\t\t\t\torder by\n\t\t\t\t\t\tEVENT_DATE asc ) A \n\t\t\t\t\t\tleft join sms_email_sent_notifications sesn on (A.event_id = sesn.event_id)\n\twhere\n\t\t( A.SCHEDULED_EMAIL_HOUR is not null\n\t\t\tand A.SCHEDULED_EMAIL_HOUR <= SYSDATE())\n\t\tor (A.SCHEDULED_SMS_HOUR is not null\n\t\t\tand A.SCHEDULED_SMS_HOUR <= SYSDATE()) ) as H\nwhere (email_sch_enable ='Y' or sms_sch_enable ='Y');","queryDesc":"Offender Schedules","category":"PRODUCT"}],"actionParams":[],"createUserId":"OMS_OWNER","apiId":"GET_OFFENDER_SCHEDULES","apiDescription":"Get Active Offender Schedules","queryKey":"GET_OFFENDER_SCHEDULES","url":"Elite2Web/api/cmdaction/executeSelectQuery","queryId":0,"createDatetime":1658494439000,"modifyDatetime":1658494439000,"category":"PRODUCT"}]