[{"quickAction":[{"queryId":302,"queryKey":"DELETE_SENTENCE_CALC_PENDING_EVENT","queryText":"SELECT 1 FROM DUEL","queryDesc":"Delete Sentence Calculation Pending Event","category":"PRODUCT"}],"actionParams":[{"createUserId":"YOGENDRANATH","parameterId":527,"queryKey":"DELETE_SENTENCE_CALC_PENDING_EVENT","parameterCode":"pendingId","parameterDescription":"Pending Event Id","parameterType":"Number","createDatetime":1692789840240,"modifyDatetime":1692790491698,"modifyUserId":"YOGENDRANATH"}],"createUserId":"YOGENDRANATH","apiId":"DELETE_SENTENCE_CALC_PENDING_EVENT","apiDescription":"Delete Sentence Calculation Pending Event","queryKey":"DELETE_SENTENCE_CALC_PENDING_EVENT","url":"Elite2Web/api/ocipensc/deletePendingSentenceCalcEvents","queryId":0,"createDatetime":1692787802000,"modifyDatetime":1692790135000,"modifyUserId":"YOGENDRANATH","category":"PRODUCT"},{"quickAction":[{"queryId":300,"queryKey":"GET_SYSTEM_SETTING_VALUE","queryText":"select value from ( select jsonb_array_elements(items::jsonb)->>'KEY_CODE' as KEY_CODE, jsonb_array_elements(items::jsonb)->>'VALUE' as VALUE from ( select encode(setting_value, 'escape') as items from system_settings ss where setting_type = :settingType and setting_provider_code = :settingProviderCode) as a) as b where key_code = :keyCode","queryDesc":"Get System Setting Value","category":"PRODUCT"}],"actionParams":[{"createUserId":"YOGENDRANATH","parameterId":525,"queryKey":"GET_SYSTEM_SETTING_VALUE","parameterCode":"keyCode","parameterDescription":"Key Code","parameterType":"String","createDatetime":1692696261221,"modifyDatetime":1692696261221},{"createUserId":"YOGENDRANATH","parameterId":524,"queryKey":"GET_SYSTEM_SETTING_VALUE","parameterCode":"settingProviderCode","parameterDescription":"Provider","parameterType":"String","createDatetime":1692696261221,"modifyDatetime":1692696261221},{"createUserId":"YOGENDRANATH","parameterId":523,"queryKey":"GET_SYSTEM_SETTING_VALUE","parameterCode":"settingType","parameterDescription":"Setting Type","parameterType":"String","createDatetime":1692696261221,"modifyDatetime":1692696261221}],"createUserId":"YOGENDRANATH","apiId":"GET_SYSTEM_SETTING_VALUE","apiDescription":"Get System Setting Value","queryKey":"GET_SYSTEM_SETTING_VALUE","url":"Elite2Web/api/cmdaction/executeSelectQuery","queryId":0,"createDatetime":1692696357000,"modifyDatetime":1692696357000,"category":"PRODUCT"},{"quickAction":[{"queryId":299,"queryKey":"GET_SENT_CALC_PENDING_EVENTS","queryText":"select id,form_identifier, encode(calc_engine_input , 'escape')  AS calc_engine_input,action_type ,calc_reason,create_user_id from ocdlegls_data_pending_calculation order by create_datetime asc","queryDesc":"Get Sentence Calculation Pending Events","category":"PRODUCT"}],"actionParams":[],"createUserId":"YOGENDRANATH","apiId":"GET_SENT_CALC_PENDING_EVENTS","apiDescription":"Get Sentence Calculation Pending Events","queryKey":"GET_SENT_CALC_PENDING_EVENTS","url":"Elite2Web/api/cmdaction/executeSelectQuery","queryId":0,"createDatetime":1692622518000,"modifyDatetime":1692622518000,"category":"PRODUCT"}]