[{"quickAction":[{"queryId":251,"queryKey":"FORMAT_OFFENDER_RECORDS_REQUEST_WITH_NAMES","queryText":"select * from dual","queryDesc":"Format Offender Records Request With Names","category":"PRODUCT"}],"actionParams":[{"createUserId":"NAVI","parameterId":418,"queryKey":"FORMAT_OFFENDER_RECORDS_REQUEST_WITH_NAMES","parameterCode":"staffDetails","parameterDescription":"Staff Details","parameterType":"String","createDatetime":1688383907706,"modifyDatetime":1688383907706},{"createUserId":"NAVI","parameterId":419,"queryKey":"FORMAT_OFFENDER_RECORDS_REQUEST_WITH_NAMES","parameterCode":"specificationKey","parameterDescription":"Specification Key","parameterType":"String","createDatetime":1688383919207,"modifyDatetime":1688383919207},{"createUserId":"NAVI","parameterId":423,"queryKey":"FORMAT_OFFENDER_RECORDS_REQUEST_WITH_NAMES","parameterCode":"secondMiddleName","parameterDescription":"Second Middle Name","parameterType":"String","createDatetime":1688384746202,"modifyDatetime":1688384746202},{"createUserId":"NAVI","parameterId":425,"queryKey":"FORMAT_OFFENDER_RECORDS_REQUEST_WITH_NAMES","parameterCode":"dob","parameterDescription":"Date Of Birth","parameterType":"String","createDatetime":1688385892560,"modifyDatetime":1688385892560},{"createUserId":"NAVI","parameterId":421,"queryKey":"FORMAT_OFFENDER_RECORDS_REQUEST_WITH_NAMES","parameterCode":"pFirstName","parameterDescription":"First Name","parameterType":"String","createDatetime":1688384713187,"modifyDatetime":1688402081661,"modifyUserId":"NAVI"},{"createUserId":"NAVI","parameterId":422,"queryKey":"FORMAT_OFFENDER_RECORDS_REQUEST_WITH_NAMES","parameterCode":"pMiddleName","parameterDescription":"Middel Name","parameterType":"String","createDatetime":1688384713187,"modifyDatetime":1688402081661,"modifyUserId":"NAVI"},{"createUserId":"NAVI","parameterId":424,"queryKey":"FORMAT_OFFENDER_RECORDS_REQUEST_WITH_NAMES","parameterCode":"pLastName","parameterDescription":"Last Name","parameterType":"String","createDatetime":1688384766117,"modifyDatetime":1688402384105,"modifyUserId":"NAVI"},{"createUserId":"NAVI","parameterId":451,"queryKey":"FORMAT_OFFENDER_RECORDS_REQUEST_WITH_NAMES","parameterCode":"intCorrelationId","parameterDescription":"Int Correlation Id","parameterType":"String","createDatetime":1689162621556},{"createUserId":"NAVI","parameterId":484,"queryKey":"FORMAT_OFFENDER_RECORDS_REQUEST_WITH_NAMES","parameterCode":"moduleName","parameterDescription":"Module Name","parameterType":"String","createDatetime":1691406072330}],"createUserId":"NAVI","apiId":"FORMAT_OFFENDER_RECORDS_REQUEST_WITH_NAMES","apiDescription":"Format Offender Records Request With Names","queryKey":"FORMAT_OFFENDER_RECORDS_REQUEST_WITH_NAMES","url":"Elite2Web/api/serviceBusController/convertJson","queryId":0,"createDatetime":1688385266000,"modifyDatetime":1688398982000,"modifyUserId":"NAVI","category":"PRODUCT"}]