[{"quickAction":[{"queryId":317,"queryKey":"GET_ASSESSMENT_RESULT_CODE_DESCRIPTION","queryText":"select  description from reference_codes rc where rc.domain = :domain and rc.code = :code limit 1","queryDesc":"Get Assessment Result Code Description","category":"CLIENT"}],"actionParams":[{"createUserId":"YOGENDRANATH","parameterId":572,"queryKey":"GET_ASSESSMENT_RESULT_CODE_DESCRIPTION","parameterCode":"code","parameterDescription":"Code","parameterType":"String","createDatetime":1696318916024,"modifyDatetime":1696318916024},{"createUserId":"YOGENDRANATH","parameterId":571,"queryKey":"GET_ASSESSMENT_RESULT_CODE_DESCRIPTION","parameterCode":"domain","parameterDescription":"Domain","parameterType":"String","createDatetime":1696318916024,"modifyDatetime":1696318916024}],"createUserId":"YOGENDRANATH","apiId":"GET_ASSESSMENT_RESULT_CODE_DESCRIPTION","apiDescription":"Get Assessment Result Code Description","queryKey":"GET_ASSESSMENT_RESULT_CODE_DESCRIPTION","url":"Elite2Web/api/cmdaction/executeSelectQuery","queryId":0,"createDatetime":1696319387000,"modifyDatetime":1696319387000,"category":"CLIENT"}]