[{"quickAction":[{"queryId":42,"queryKey":"GET_OFFENDER_DETAILS","queryText":"select vo.offender_book_id, vo.offender_id, vo.offender_id_display, vo.first_name, vo.last_name, vo.middle_name, vo.birth_date, o.second_middle_name, ref_code.description sex_code, to_char(vo.birth_date, 'DD/MM/YYYY') as dob, vo.agy_loc_id, ( select description from agency_locations al where agy_loc_id = vo.agy_loc_id ) as facility, ( select description from agency_locations al where agy_loc_id = vhb.intake_agy_loc_id ) as comm_facility from v_offenders vo, reference_codes ref_code, v_header_block vhb, offenders o where ref_code.domain = 'SEX' and ref_code.code = vo.sex_code and o.offender_id = vo.offender_id and vhb.offender_book_id = vo.offender_book_id and vo.offender_book_id = :offenderBookId","queryDesc":"Get Offender Details","category":"CLIENT"}],"actionParams":[{"createUserId":"OMS_OWNER","parameterId":713,"queryKey":"GET_OFFENDER_DETAILS","parameterCode":"offenderBookId","parameterDescription":"Offender Book Id","parameterType":"Number","createDatetime":1702376787377,"modifyDatetime":1702376787377}],"createUserId":"OMS_OWNER","apiId":"GET_OFFENDER_DETAILS","apiDescription":"Get Offender Details","queryKey":"GET_OFFENDER_DETAILS","url":"Elite2Web/api/cmdaction/executeSelectQuery","queryId":0,"createDatetime":1662705289000,"modifyDatetime":1702376787000,"modifyUserId":"YOGENDRANATH","category":"CLIENT"},{"quickAction":[{"queryId":349,"queryKey":"GET_TEAM_MAIL_ID_FOR_MULTIPLE_FUNCTIONS","queryText":"select STRING_AGG(distinct (at1.team_email), ',') as team_email from automation_teams at1, team_functions tf where tf.function_type in (:functions) and at1.team_id = tf.team_id and at1.team_email is not null","queryDesc":"Get Team Mail Id For Multiple Functions","category":"CLIENT"}],"actionParams":[{"createUserId":"YOGENDRANATH","parameterId":695,"queryKey":"GET_TEAM_MAIL_ID_FOR_MULTIPLE_FUNCTIONS","parameterCode":"functions","parameterDescription":"Functions","parameterType":"List","createDatetime":1702013555897,"modifyDatetime":1702013555897,"modifyUserId":"YOGENDRANATH"}],"createUserId":"YOGENDRANATH","apiId":"GET_TEAM_MAIL_ID_FOR_MULTIPLE_FUNCTIONS","apiDescription":"Get Team Mail Id For Multiple Functions","queryKey":"GET_TEAM_MAIL_ID_FOR_MULTIPLE_FUNCTIONS","url":"Elite2Web/api/cmdaction/executeSelectQuery","queryId":0,"createDatetime":1701940898000,"modifyDatetime":1702013555000,"modifyUserId":"YOGENDRANATH","category":"CLIENT"},{"quickAction":[{"queryId":348,"queryKey":"GET_TEMPLATE_NAME_BY_TEMPLATE_ID","queryText":"select template_name from iwp_templates it where template_id  = :templateId","queryDesc":"Get Template Name By Template Id","category":"CLIENT"}],"actionParams":[{"createUserId":"YOGENDRANATH","parameterId":696,"queryKey":"GET_TEMPLATE_NAME_BY_TEMPLATE_ID","parameterCode":"templateId","parameterDescription":"Template Id","parameterType":"Number","createDatetime":1702013555897,"modifyDatetime":1702013555897}],"createUserId":"YOGENDRANATH","apiId":"GET_TEMPLATE_NAME_BY_TEMPLATE_ID","apiDescription":"Get Template Name By Template Id","queryKey":"GET_TEMPLATE_NAME_BY_TEMPLATE_ID","url":"Elite2Web/api/cmdaction/executeSelectQuery","queryId":0,"createDatetime":1701939371000,"modifyDatetime":1702013555000,"modifyUserId":"YOGENDRANATH","category":"CLIENT"}]