[{"quickAction":[{"queryId":357,"queryKey":"GET_ASSESSMENTS_WITH_REASSESSMENT_DUE","queryText":"select\n\tvhb.offender_book_id, \n\tvhb.offender_id_display,\n\tvhb.last_name,\n\tvhb.first_name,\n\tcase when vhb.intake_agy_loc_id is not null\n\tthen (select description from agency_locations where agy_loc_id = vhb.intake_agy_loc_id)\n\telse (select description from agency_locations where agy_loc_id = vhb.agy_loc_id) end agy_loc_id,\n\tto_char(oa.next_review_date, 'DD/MM/YYYY') as next_review_date, \n\ta.description \nfrom\n\toffender_assessments oa,\n\tassessments a,\n\tv_header_block vhb \nwhere\n\toa.assess_status != 'D'\n\tand (oa.next_review_date ::date - sysdate()::date) = 7\n\tand a.assessment_id = oa.assessment_type_id \n\tand oa.offender_book_id = vhb.offender_book_id","queryDesc":"Get Assessments with Reassessment Due","category":"CLIENT"}],"actionParams":[],"createUserId":"OMS_OWNER","apiId":"GET_ASSESSMENTS_WITH_REASSESSMENT_DUE","apiDescription":"Get Assessments with Reassessment Due","queryKey":"GET_ASSESSMENTS_WITH_REASSESSMENT_DUE","url":"Elite2Web/api/cmdaction/executeSelectQuery","queryId":0,"createDatetime":1702958366000,"modifyDatetime":1702958366000,"category":"CLIENT"},{"quickAction":[{"queryId":286,"queryKey":"GET_COMM_PRIMARY_OFFICER_MAIL_ID","queryText":"SELECT\n  cp.offender_book_id,\n  cp.sac_staff_id, \n  (select first_name  from staff_members where staff_id = cp.sac_staff_id) as first_name,\n  (select last_name  from staff_members where staff_id = cp.sac_staff_id) as last_name, \n  STRING_AGG(ia.internet_address, ',') AS internet_addresses\nFROM\n  case_plans cp\nJOIN\n  internet_addresses ia\nON\n  ia.owner_id = cp.sac_staff_id\nWHERE\n  cp.offender_book_id = :offenderBookId\n  AND cp.case_plan_status = 'ACTIVE'\n  AND ia.owner_class = 'STF'\nGROUP BY\n  cp.offender_book_id, cp.sac_staff_id","queryDesc":"Get Comm Primary Officer Mail Id","category":"CLIENT"}],"actionParams":[{"createUserId":"OMS_OWNER","parameterId":563,"queryKey":"GET_COMM_PRIMARY_OFFICER_MAIL_ID","parameterCode":"offenderBookId","parameterDescription":"Offender Book Id","parameterType":"Number","createDatetime":1695200165221,"modifyDatetime":1695200165221}],"createUserId":"OMS_OWNER","apiId":"GET_COMM_PRIMARY_OFFICER_MAIL_ID","apiDescription":"Get Comm Primary Officer Mail Id","queryKey":"GET_COMM_PRIMARY_OFFICER_MAIL_ID","url":"Elite2Web/api/cmdaction/executeSelectQuery","queryId":0,"createDatetime":1690959952000,"modifyDatetime":1695200165000,"modifyUserId":"YOGENDRANATH","category":"CLIENT"}]