[{"quickAction":[{"queryId":287,"queryKey":"GET_OFFENDER_INCOMPLETE_ASSESSMENTS","queryText":" SELECT * FROM ( SELECT B.offender_id_display, B.first_name, B.last_name FROM ( SELECT * FROM ( SELECT ob.offender_book_id AS off_bkg_id, oa.offender_book_id AS off_ass_bkg_id, offender_id FROM ( SELECT * FROM offender_bookings WHERE active_flag = 'Y' AND booking_status = 'O' AND booking_begin_date BETWEEN (current_timestamp - interval '25 hours')::TIMESTAMP AND (current_timestamp - interval '24 hours')::TIMESTAMP)ob LEFT JOIN ( SELECT offender_book_id FROM offender_assessments t1 WHERE NOT EXISTS ( SELECT 1 FROM offender_assessments AS t2, assessments a WHERE t2.offender_book_id = t1.offender_book_id AND t2.assessment_type_id = a.assessment_id AND t2.assess_status IN ('P', 'A') AND a.assessment_code = :assessmentCode )) oa ON ob.offender_book_id = oa.offender_book_id)A WHERE off_ass_bkg_id IS NOT NULL UNION SELECT * FROM ( SELECT ob.offender_book_id AS off_bkg_id, oa.offender_book_id AS off_ass_bkg_id, ob.offender_id FROM ( SELECT * FROM offender_bookings WHERE active_flag = 'Y' AND booking_status = 'O' AND booking_begin_date BETWEEN (current_timestamp - interval '25 hours')::TIMESTAMP AND (current_timestamp - interval '24 hours')::TIMESTAMP)ob LEFT JOIN ( SELECT * FROM offender_assessments oa) oa ON ob.offender_book_id = oa.offender_book_id)A WHERE off_ass_bkg_id IS NULL)A, offenders B WHERE A.offender_id = B.offender_id) A","queryDesc":"Get Offender Incomplete Assessments","category":"PRODUCT"}],"actionParams":[{"createUserId":"YOGENDRANATH","parameterId":661,"queryKey":"GET_OFFENDER_INCOMPLETE_ASSESSMENTS","parameterCode":"assessmentCode","parameterDescription":"Assessment Code","parameterType":"String","createDatetime":1699603926555,"modifyDatetime":1699603926555}],"createUserId":"YOGENDRANATH","apiId":"GET_OFFENDER_INCOMPLETE_ASSESSMENTS","apiDescription":"Get Offender Incomplete Assessments","queryKey":"GET_OFFENDER_INCOMPLETE_ASSESSMENTS","url":"Elite2Web/api/cmdaction/executeSelectQuery","queryId":0,"createDatetime":1690990892000,"modifyDatetime":1699603926000,"modifyUserId":"YOGENDRANATH","category":"PRODUCT"},{"quickAction":[{"queryId":333,"queryKey":"GET_TEAM_MAIL_ID","queryText":"select\n\tSTRING_AGG(at1.team_email, ',') as team_email\nfrom\n\tautomation_teams at1,\n\tteam_functions tf \nwhere\n\ttf.function_type = :function\n\tand at1.team_id = tf.team_id\n\tand at1.team_email is not null","queryDesc":"Get Team Mail Id","category":"CLIENT"}],"actionParams":[{"createUserId":"OMS_OWNER","parameterId":660,"queryKey":"GET_TEAM_MAIL_ID","parameterCode":"function","parameterDescription":"Function","parameterType":"String","createDatetime":1699603926555,"modifyDatetime":1699603926555}],"createUserId":"OMS_OWNER","apiId":"GET_TEAM_MAIL_ID","apiDescription":"Get Team Mail Id","queryKey":"GET_TEAM_MAIL_ID","url":"Elite2Web/api/cmdaction/executeSelectQuery","queryId":0,"createDatetime":1699334711000,"modifyDatetime":1699603926000,"modifyUserId":"YOGENDRANATH","category":"CLIENT"}]