[{"quickAction":[{"queryId":544,"queryKey":"GET_PRIMARY_OFFICER_MAIL_ID","queryText":"select\n\tSTRING_AGG(ia.internet_address, ',') AS internet_addresses\nfrom\n\tinternet_addresses ia\nwhere\n\tia.owner_class = 'STF'\n\tand ia.owner_id = (select\n\tcpsr.staff_id\nfrom\n\tcase_plans cp,\n\tcase_plan_staff_roles cpsr\nwhere \n\tcp.offender_book_id = :offenderBookId\n\tand cp.offender_book_id = cpsr.offender_book_id\n\tand cp.case_plan_status = 'ACTIVE'\n\tand cpsr.case_plan_id = cp.case_plan_id\n\tand cpsr.case_plan_role = 'CPLAN_PCO'\n\tand cpsr.cp_owner = 'Y')","queryDesc":"Get Primary Officer Mail Id","category":"CLIENT"}],"actionParams":[{"createUserId":"OMS_OWNER","parameterId":2005,"queryKey":"GET_PRIMARY_OFFICER_MAIL_ID","parameterCode":"offenderBookId","parameterDescription":"Offender Book Id","parameterType":"Number","createDatetime":1706608457217}],"createUserId":"OMS_OWNER","apiId":"GET_PRIMARY_OFFICER_MAIL_ID","apiDescription":"Get Primary Officer Mail Id","queryKey":"GET_PRIMARY_OFFICER_MAIL_ID","url":"Elite2Web/api/cmdaction/executeSelectQuery","queryId":0,"createDatetime":1706608511000,"category":"CLIENT"},{"quickAction":[{"queryId":187,"queryKey":"GET_OFFENDER_DETAILS","queryText":"select\n\tvo.offender_book_id,\n\tvo.offender_id,\n\tvo.offender_id_display,\n\tvo.first_name,\n\tvo.last_name,\n\tvo.middle_name,\n\tvo.birth_date,\n\to.second_middle_name,\n\tref_code.description sex_code,\n\tto_char(vo.birth_date, 'DD/MM/YYYY') as dob,\n\tvo.agy_loc_id,\n\t(select description from agency_locations al where agy_loc_id = vo.agy_loc_id ) as facility,\n\t(select description from agency_locations al where agy_loc_id = vhb.intake_agy_loc_id ) as comm_facility,\n\tcase when vo.agy_loc_id is null then (select description from agency_locations al where agy_loc_id = vhb.intake_agy_loc_id )\n\telse (select description from agency_locations al where agy_loc_id = vo.agy_loc_id) end location\nfrom\n\tv_offenders vo,\n\treference_codes ref_code,\n\tv_header_block vhb,\n\toffenders o\nwhere\n\tref_code.domain = 'SEX'\n\tand ref_code.code = vo.sex_code\n\tand o.offender_id = vo.offender_id\n\tand vhb.offender_book_id = vo.offender_book_id\n\tand vo.offender_book_id = :offenderBookId","queryDesc":"Get Offender Details","category":"CLIENT"}],"actionParams":[{"createUserId":"OMS_OWNER","parameterId":1982,"queryKey":"GET_OFFENDER_DETAILS","parameterCode":"offenderBookId","parameterDescription":"Offender Book Id","parameterType":"Number","createDatetime":1705543517491}],"createUserId":"OMS_OWNER","apiId":"GET_OFFENDER_DETAILS","apiDescription":"Get Offender Details","queryKey":"GET_OFFENDER_DETAILS","url":"Elite2Web/api/cmdaction/executeSelectQuery","queryId":0,"createDatetime":1661240747000,"modifyDatetime":1705543517000,"modifyUserId":"OMS_OWNER","category":"CLIENT"},{"quickAction":[{"queryId":442,"queryKey":"GET_COMM_PRIMARY_OFFICER_MAIL_ID","queryText":"SELECT\n  cp.offender_book_id,\n  cp.sac_staff_id, \n  (select first_name  from staff_members where staff_id = cp.sac_staff_id) as first_name,\n  (select last_name  from staff_members where staff_id = cp.sac_staff_id) as last_name, \n  STRING_AGG(ia.internet_address, ',') AS internet_addresses\nFROM\n  case_plans cp\nJOIN\n  internet_addresses ia\nON\n  ia.owner_id = cp.sac_staff_id\nWHERE\n  cp.offender_book_id = :offenderBookId\n  AND cp.case_plan_status = 'ACTIVE'\n  AND ia.owner_class = 'STF'\nGROUP BY\n  cp.offender_book_id, cp.sac_staff_id","queryDesc":"Get Comm Primary Officer Mail Id","category":"CLIENT"}],"actionParams":[{"createUserId":"OMS_OWNER","parameterId":1828,"queryKey":"GET_COMM_PRIMARY_OFFICER_MAIL_ID","parameterCode":"offenderBookId","parameterDescription":"Offender Book Id","parameterType":"Number","createDatetime":1703043843511,"modifyDatetime":1703043843511}],"createUserId":"AKHILINSIGHTS","apiId":"GET_COMM_PRIMARY_OFFICER_MAIL_ID","apiDescription":"Get Comm Primary Officer Mail Id","queryKey":"GET_COMM_PRIMARY_OFFICER_MAIL_ID","url":"Elite2Web/api/cmdaction/executeSelectQuery","queryId":0,"createDatetime":1691034388000,"modifyDatetime":1703043843000,"modifyUserId":"AKHILINSIGHTS","category":"CLIENT"}]