[{"quickAction":[{"queryId":42,"queryKey":"GET_OFFENDER_DETAILS","queryText":"select vo.offender_book_id, vo.offender_id, vo.offender_id_display, vo.first_name, vo.last_name, vo.middle_name, vo.birth_date, o.second_middle_name, ref_code.description sex_code, to_char(vo.birth_date, 'DD/MM/YYYY') as dob, vo.agy_loc_id, ( select description from agency_locations al where agy_loc_id = vo.agy_loc_id ) as facility, ( select description from agency_locations al where agy_loc_id = vhb.intake_agy_loc_id ) as comm_facility from v_offenders vo, reference_codes ref_code, v_header_block vhb, offenders o where ref_code.domain = 'SEX' and ref_code.code = vo.sex_code and o.offender_id = vo.offender_id and vhb.offender_book_id = vo.offender_book_id and vo.offender_book_id = :offenderBookId","queryDesc":"Get Offender Details","category":"CLIENT"}],"actionParams":[{"createUserId":"OMS_OWNER","parameterId":715,"queryKey":"GET_OFFENDER_DETAILS","parameterCode":"offenderBookId","parameterDescription":"Offender Book Id","parameterType":"Number","createDatetime":1702379627163,"modifyDatetime":1702379627163}],"createUserId":"OMS_OWNER","apiId":"GET_OFFENDER_DETAILS","apiDescription":"Get Offender Details","queryKey":"GET_OFFENDER_DETAILS","url":"Elite2Web/api/cmdaction/executeSelectQuery","queryId":0,"createDatetime":1662705289000,"modifyDatetime":1702376787000,"modifyUserId":"YOGENDRANATH","category":"CLIENT"},{"quickAction":[{"queryId":341,"queryKey":"GET_FORMATTED_DATE","queryText":"select TO_CHAR(:inputDate::timestamp, 'DD-MM-YYYY') as formatted_date;","queryDesc":"Get Formatted Date","category":"CLIENT"}],"actionParams":[{"createUserId":"OMS_OWNER","parameterId":682,"queryKey":"GET_FORMATTED_DATE","parameterCode":"inputDate","parameterDescription":"Input Date","parameterType":"String","createDatetime":1701241901146,"modifyDatetime":1701241901146}],"createUserId":"OMS_OWNER","apiId":"GET_FORMATTED_DATE","apiDescription":"Get Formatted Date","queryKey":"GET_FORMATTED_DATE","url":"Elite2Web/api/cmdaction/executeSelectQuery","queryId":0,"createDatetime":1701241992000,"modifyDatetime":1701241992000,"category":"CLIENT"},{"quickAction":[{"queryId":333,"queryKey":"GET_TEAM_MAIL_ID","queryText":"select\n\tSTRING_AGG(distinct (at1.team_email), ',') as team_email\nfrom\n\tautomation_teams at1,\n\tteam_functions tf\nwhere\n\ttf.function_type = :function\n\tand at1.team_id = tf.team_id\n\tand at1.team_email is not null","queryDesc":"Get Team Mail Id","category":"CLIENT"}],"actionParams":[{"createUserId":"OMS_OWNER","parameterId":666,"queryKey":"GET_TEAM_MAIL_ID","parameterCode":"function","parameterDescription":"Function","parameterType":"String","createDatetime":1700122143567,"modifyDatetime":1700122143567}],"createUserId":"OMS_OWNER","apiId":"GET_TEAM_MAIL_ID","apiDescription":"Get Team Mail Id","queryKey":"GET_TEAM_MAIL_ID","url":"Elite2Web/api/cmdaction/executeSelectQuery","queryId":0,"createDatetime":1699334711000,"modifyDatetime":1700122143000,"modifyUserId":"YOGENDRANATH","category":"CLIENT"}]