[{"quickAction":[{"queryId":359,"queryKey":"UPDATE_CHECK_THE_CN_OFFICER","queryText":"update\n\tcase_plan_staff_roles\nset\n\tcn_officer = 'Y',\n\tstart_date = current_timestamp \nwhere\n\toffender_book_id = :offenderBookId :: bigint\n\tand cp_owner = 'Y'\n\tand case_plan_id = (select case_plan_id from case_plans where offender_book_id = :offenderBookId :: bigint and case_plan_status = 'ACTIVE')","queryDesc":"Update Check the CN Officer","category":"CLIENT"}],"actionParams":[{"createUserId":"OMS_OWNER","parameterId":723,"queryKey":"UPDATE_CHECK_THE_CN_OFFICER","parameterCode":"offenderBookId","parameterDescription":"Offender Book Id","parameterType":"Number","createDatetime":1703045416459,"modifyDatetime":1703045416459}],"createUserId":"OMS_OWNER","apiId":"UPDATE_CHECK_THE_CN_OFFICER","apiDescription":"Update check the CN Officer","queryKey":"UPDATE_CHECK_THE_CN_OFFICER","url":"Elite2Web/api/cmdaction/executeUpdateQuery","queryId":0,"createDatetime":1703045456000,"modifyDatetime":1703045456000,"category":"CLIENT"},{"quickAction":[{"queryId":358,"queryKey":"UPDATE_UNCHECK_THE_CN_OFFICER","queryText":"update\n\tcase_plan_staff_roles\nset\n\tcn_officer = 'N',\n\tactive_flag = 'N',\n\tend_date = current_timestamp \nwhere\n\toffender_book_id = :offenderBookId :: bigint\n\tand cp_owner = 'N'\n\tand case_plan_id = (select case_plan_id from case_plans where offender_book_id = :offenderBookId :: bigint and case_plan_status = 'ACTIVE')","queryDesc":"Update Uncheck the CN Officer","category":"CLIENT"}],"actionParams":[{"createUserId":"OMS_OWNER","parameterId":722,"queryKey":"UPDATE_UNCHECK_THE_CN_OFFICER","parameterCode":"offenderBookId","parameterDescription":"Offender Book Id","parameterType":"Number","createDatetime":1703045239784,"modifyDatetime":1703045239784}],"createUserId":"OMS_OWNER","apiId":"UPDATE_UNCHECK_THE_CN_OFFICER","apiDescription":"Update Uncheck the CN Officer","queryKey":"UPDATE_UNCHECK_THE_CN_OFFICER","url":"Elite2Web/api/cmdaction/executeUpdateQuery","queryId":0,"createDatetime":1703045307000,"modifyDatetime":1703045307000,"category":"CLIENT"}]