[{"quickAction":[{"queryId":258,"queryKey":"GET_TEAM_CODE_BY_FUNCTIONTYPE_AGYLOC","queryText":"select (STRING_AGG(distinct(ATM.team_code), ',')) team_code  FROM team_staff_members TM , automation_teams ATM  where ATM.team_id = TM.team_id and TM.team_id in (SELECT team_id FROM team_functions where function_type  = :functionType )  \nand TM.team_id in (SELECT team_id FROM team_agency_loc where agy_loc_id  = :agyLoc)","queryDesc":"Get Team Code By Functiont Type Agency location","category":"PRODUCT"}],"actionParams":[{"createUserId":"OMS_OWNER","parameterId":446,"queryKey":"GET_TEAM_CODE_BY_FUNCTIONTYPE_AGYLOC","parameterCode":"agyLoc","parameterDescription":"Agency location","parameterType":"String","createDatetime":1689016860555},{"createUserId":"OMS_OWNER","parameterId":447,"queryKey":"GET_TEAM_CODE_BY_FUNCTIONTYPE_AGYLOC","parameterCode":"functionType","parameterDescription":"Function Type","parameterType":"String","createDatetime":1689016860555}],"createUserId":"SUDHA","apiId":"GET_TEAM_CODE_BY_FUNCTIONTYPE_AGYLOC","apiDescription":"Get Team Code By Functiont Type Agency location","queryKey":"GET_TEAM_CODE_BY_FUNCTIONTYPE_AGYLOC","url":"Elite2Web/api/cmdaction/executeSelectQuery","queryId":0,"createDatetime":1689003796000,"category":"PRODUCT"},{"quickAction":[{"queryId":259,"queryKey":"GET_TEAM_MEMBERS_BY_FUCTION_AND_AGY_LOC","queryText":"SELECT \t(STRING_AGG(distinct(SM.mail_id), ',')) mail_id FROM team_staff_members TM ,staff_members SM  where SM.user_id in(select distinct(user_id) where TM.staff_id=SM.staff_id)\nand TM.team_id in (SELECT team_id FROM team_functions where function_type  = :functionType )  and TM.team_id in (SELECT team_id FROM team_agency_loc where agy_loc_id  = :agyLoc)\nand SM.mail_id != ''and SM.mail_id is not null","queryDesc":"Get Team Members By Fuction And Agency Location","category":"PRODUCT"}],"actionParams":[{"createUserId":"OMS_OWNER","parameterId":448,"queryKey":"GET_TEAM_MEMBERS_BY_FUCTION_AND_AGY_LOC","parameterCode":"agyLoc","parameterDescription":"Agency Location","parameterType":"String","createDatetime":1689016936044},{"createUserId":"OMS_OWNER","parameterId":449,"queryKey":"GET_TEAM_MEMBERS_BY_FUCTION_AND_AGY_LOC","parameterCode":"functionType","parameterDescription":"Function Type","parameterType":"String","createDatetime":1689016936044}],"createUserId":"SUDHA","apiId":"GET_TEAM_MEMBERS_BY_FUCTION_AND_AGY_LOC","apiDescription":"Get Team Members By Fuction And Agency Location","queryKey":"GET_TEAM_MEMBERS_BY_FUCTION_AND_AGY_LOC","url":"Elite2Web/api/cmdaction/executeSelectQuery","queryId":0,"createDatetime":1689003759000,"category":"PRODUCT"},{"quickAction":[{"queryId":254,"queryKey":"GET_AGENCY_INCIDENTS_REPORTING_DETAILS","queryText":"SELECT AI.AGENCY_INCIDENT_ID,AI.INTERNAL_LOCATION_ID,AI.INCIDENT_STATUS,AI.AGY_LOC_ID ,AI.INCIDENT_DATE FROM AGENCY_INCIDENTS AI  where ai.agency_incident_id = :agencyIncidentId ","queryDesc":"Get Agency Incidents Reporting Details","category":"PRODUCT"}],"actionParams":[{"createUserId":"OMS_OWNER","parameterId":432,"queryKey":"GET_AGENCY_INCIDENTS_REPORTING_DETAILS","parameterCode":"agencyIncidentId","parameterDescription":"Agency Incident Id","parameterType":"Number","createDatetime":1688628548136,"modifyDatetime":1688628548136}],"createUserId":"OMS_OWNER","apiId":"GET_AGENCY_INCIDENTS_REPORTING_DETAILS","apiDescription":"Get Agency Incidents Reporting Details","queryKey":"GET_AGENCY_INCIDENTS_REPORTING_DETAILS","url":"Elite2Web/api/cmdaction/executeSelectQuery","queryId":0,"createDatetime":1688634558000,"modifyDatetime":1688634558000,"category":"PRODUCT"}]