[{"quickAction":[{"queryId":239,"queryKey":"GET_PRISONER_PAYTEAM_STAFF_DATA","queryText":"SELECT SM.mail_id ,sm.first_name ||' '||sm.last_name as staffName FROM TEAM_STAFF_MEMBERS TM ,staff_members SM  where  TM.staff_id=SM.staff_id \n \t AND TM.TEAM_ID =(SELECT TEAM_ID FROM automation_teams where team_code = 'PRISONER PAY TEAM')","queryDesc":"Get Prisoner Pay Team Staff Data","category":"PRODUCT"}],"actionParams":[],"createUserId":"OMS_OWNER","apiId":"GET_PRISONER_PAYTEAM_STAFF_DATA","apiDescription":"Get Prisoner Pay Team Staff Data","queryKey":"GET_PRISONER_PAYTEAM_STAFF_DATA","url":"Elite2Web/api/cmdaction/executeSelectQuery","queryId":0,"createDatetime":1685181857000,"modifyDatetime":1685181857000,"category":"PRODUCT"},{"quickAction":[{"queryId":224,"queryKey":"GET_IEP_SEGRIGATION_LEVEL_CODE","queryText":"select * from programs_pay_settings","queryDesc":"IEP Segregation level","category":"PRODUCT"}],"actionParams":[],"createUserId":"OMS_OWNER","apiId":"GET_IEP_SEGRIGATION_LEVEL_CODE","apiDescription":"IEP Segregation Level Code","queryKey":"GET_IEP_SEGRIGATION_LEVEL_CODE","url":"Elite2Web/api/cmdaction/executeSelectQuery","queryId":0,"createDatetime":1684507490000,"modifyDatetime":1684507490000,"category":"PRODUCT"}]