[{"quickAction":[{"queryId":338,"queryKey":"GET_OFFENDER_CUSTODY_STATUS","queryText":"select * from offender_custody_status ocsl where offender_book_id = :offenderBookId::bigint","queryDesc":"Get Offender Custody Status","category":"CLIENT"}],"actionParams":[{"createUserId":"YOGENDRANATH","parameterId":673,"queryKey":"GET_OFFENDER_CUSTODY_STATUS","parameterCode":"offenderBookId","parameterDescription":"Offender Book Id","parameterType":"String","createDatetime":1700637492707,"modifyDatetime":1700637492707}],"createUserId":"YOGENDRANATH","apiId":"GET_OFFENDER_CUSTODY_STATUS","apiDescription":"Get Offender Custody Status","queryKey":"GET_OFFENDER_CUSTODY_STATUS","url":"Elite2Web/api/cmdaction/executeSelectQuery","queryId":0,"createDatetime":1700740078000,"modifyDatetime":1700740078000,"category":"CLIENT"},{"quickAction":[{"queryId":42,"queryKey":"GET_OFFENDER_DETAILS","queryText":"SELECT \n    vo.offender_book_id,\n    vo.offender_id,\n    vo.offender_id_display,\n    vo.first_name,\n    vo.last_name,\n    vo.middle_name,\n    vo.birth_date,\n    o.second_middle_name, \n    ref_code.description sex_code,\n   to_char(vo.birth_date,'DD/MM/YYYY') as dob,\n   vo.agy_loc_id,\n  (select description from agency_locations al where agy_loc_id= vo.agy_loc_id ) as facility\nFROM \n    v_offenders vo,\n    reference_codes ref_code,\n    offenders o\nwhere\n    ref_code.domain = 'SEX' and \n \tref_code.code= vo.sex_code and\n \to.offender_id = vo.offender_id and\n    vo.offender_book_id = :offenderBookId","queryDesc":"Get Offender Details","category":"CLIENT"}],"actionParams":[{"createUserId":"OMS_OWNER","parameterId":537,"queryKey":"GET_OFFENDER_DETAILS","parameterCode":"offenderBookId","parameterDescription":"Offender Book Id","parameterType":"Number","createDatetime":1693215451360,"modifyDatetime":1693215451360}],"createUserId":"OMS_OWNER","apiId":"GET_OFFENDER_DETAILS","apiDescription":"Get Offender Details","queryKey":"GET_OFFENDER_DETAILS","url":"Elite2Web/api/cmdaction/executeSelectQuery","queryId":0,"createDatetime":1662705289000,"modifyDatetime":1693215451000,"modifyUserId":"YOGENDRANATH","category":"CLIENT"}]