[{"quickAction":[{"queryId":150,"queryKey":"GET_SYSTEM_USER_ID","queryText":"select encode(setting_value, 'escape') userIdResp  from system_settings ss where setting_type = 'serverConfig' and setting_provider_code = 'AUTOMATION_USER'","queryDesc":"Get System User Id","category":"PRODUCT"}],"actionParams":[],"createUserId":"OMS_OWNER","apiId":"GET_SYSTEM_USER_ID","apiDescription":"Get System User Id","queryKey":"GET_SYSTEM_USER_ID","url":"Elite2Web/api/cmdaction/executeSelectQuery","queryId":0,"createDatetime":1667789555000,"modifyDatetime":1667789555000},{"quickAction":[{"queryId":143,"queryKey":"NOTIFY_SERVICE_BUS","queryText":"select 1 from dual","queryDesc":"Notify Service Bus","category":"CLIENT"}],"actionParams":[{"createUserId":"OMS_OWNER","parameterId":190,"queryKey":"NOTIFY_SERVICE_BUS","parameterCode":"OffenderDetails","parameterDescription":"Offender Details","parameterType":"String","createDatetime":1667777004424,"modifyDatetime":1667777004424}],"createUserId":"OMS_OWNER","apiId":"NOTIFY_SERVICE_BUS","apiDescription":"Notify Service Bus","queryKey":"NOTIFY_SERVICE_BUS","url":"Elite2Web/api/externalsystem/connectExternalSystem","queryId":0,"createDatetime":1667777004000,"modifyDatetime":1667777004000},{"quickAction":[{"queryId":141,"queryKey":"FORMAT_LEARNING_SYSTEM_ACTION_RESPONSE","queryText":"Select 1 from dual","queryDesc":"Format Learning System Action Response","category":"CLIENT"}],"actionParams":[{"createUserId":"OMS_OWNER","parameterId":185,"queryKey":"FORMAT_LEARNING_SYSTEM_ACTION_RESPONSE","parameterCode":"staffDetails","parameterDescription":"Staff Details","parameterType":"String","createDatetime":1667601629189,"modifyDatetime":1667601629189},{"createUserId":"OMS_OWNER","parameterId":186,"queryKey":"FORMAT_LEARNING_SYSTEM_ACTION_RESPONSE","parameterCode":"offenderDetails","parameterDescription":"Offender Details","parameterType":"String","createDatetime":1667601658778,"modifyDatetime":1667601658778},{"createUserId":"OMS_OWNER","parameterId":187,"queryKey":"FORMAT_LEARNING_SYSTEM_ACTION_RESPONSE","parameterCode":"offenderBookingDetails","parameterDescription":"Offender Booking Details","parameterType":"String","createDatetime":1667601658778,"modifyDatetime":1667601658778},{"createUserId":"OMS_OWNER","parameterId":188,"queryKey":"FORMAT_LEARNING_SYSTEM_ACTION_RESPONSE","parameterCode":"specificationKey","parameterDescription":"Specification Key","parameterType":"String","createDatetime":1667601703496,"modifyDatetime":1667601703496}],"createUserId":"OMS_OWNER","apiId":"FORMAT_LEARNING_SYSTEM_ACTION_RESPONSE","apiDescription":"Format Learning System Action Response","queryKey":"FORMAT_LEARNING_SYSTEM_ACTION_RESPONSE","url":"Elite2Web/api/serviceBusController/convertJson","queryId":0,"createDatetime":1667601733000,"modifyDatetime":1667601733000},{"quickAction":[{"queryId":128,"queryKey":"GET_BULK_OFFENDER_BOOKINGS","queryText":"SELECT \n    ob.booking_no,\n    ob.booking_begin_date,\n    ob.booking_status,\n    ob.agy_loc_id,\n    ob.living_unit_id\nFROM \n    offender_bookings ob\nwhere\n    ob.offender_book_id in (:offenderBookIds) order by ob.offender_book_id","queryDesc":"Get Bulk Offender Bookings","category":"CLIENT"}],"actionParams":[{"createUserId":"OMS_OWNER","parameterId":163,"queryKey":"GET_BULK_OFFENDER_BOOKINGS","parameterCode":"offenderBookIds","parameterDescription":"offender Book Ids","parameterType":"List","createDatetime":1667548695658,"modifyDatetime":1667549187091,"modifyUserId":"OMS_OWNER"}],"createUserId":"OMS_OWNER","apiId":"GET_BULK_OFFENDER_BOOKINGS","apiDescription":"Get Bulk Offender Bookings","queryKey":"GET_BULK_OFFENDER_BOOKINGS","url":"Elite2Web/api/cmdaction/executeSelectQuery","queryId":0,"createDatetime":1667548726000,"modifyDatetime":1667548726000},{"quickAction":[{"queryId":127,"queryKey":"GET_BULK_OFFENDER_DETAILS","queryText":"SELECT \n    vo.offender_book_id,\n    vo.offender_id,\n    vo.offender_id_display,\n    vo.first_name,\n    vo.last_name,\n    vo.middle_name,\n    vo.birth_date,\n    vo.sex_code\nFROM \n    v_offenders vo\nwhere\n    vo.offender_book_id in (:offenderBookIds) order by vo.offender_book_id","queryDesc":"Get Bulk Offender Details","category":"CLIENT"}],"actionParams":[{"createUserId":"OMS_OWNER","parameterId":162,"queryKey":"GET_BULK_OFFENDER_DETAILS","parameterCode":"offenderBookIds","parameterDescription":"offender Book Ids","parameterType":"List","createDatetime":1667548534813,"modifyDatetime":1667548534813}],"createUserId":"OMS_OWNER","apiId":"GET_BULK_OFFENDER_DETAILS","apiDescription":"Get Bulk Offender Details","queryKey":"GET_BULK_OFFENDER_DETAILS","url":"Elite2Web/api/cmdaction/executeSelectQuery","queryId":0,"createDatetime":1667548575000,"modifyDatetime":1667548575000},{"quickAction":[{"queryId":125,"queryKey":"GET_ACTIVE_OFFENDERS","queryText":"select \n    vo.offender_book_id\nfrom \n    v_offenders vo,\n    offender_escapes oe\nwhere \n    vo.active_flag = 'Y' and\n    vo.offender_book_id = oe.offender_book_id and\n    oe.recapture_date is not null\nunion    \nselect  \n    vo.offender_book_id\nfrom \n    v_offenders vo\nwhere \n    vo.active_flag = 'Y' and\n    vo.offender_book_id not in (select oe.offender_book_id from offender_escapes oe)","queryDesc":"Get Active Offenders","category":"CLIENT"}],"actionParams":[],"createUserId":"OMS_OWNER","apiId":"GET_ACTIVE_OFFENDERS","apiDescription":"Get Active Offenders","queryKey":"GET_ACTIVE_OFFENDERS","url":"Elite2Web/api/cmdaction/executeSelectQuery","queryId":0,"createDatetime":1667548058000,"modifyDatetime":1667548058000}]