[{"quickAction":[{"queryId":334,"queryKey":"GET_DATE","queryText":"select case when :inputDate = '' then TO_CHAR( current_timestamp, 'dd-mm-yyyy') else TO_CHAR(to_timestamp(:inputDate, 'YYYY-MM-DD HH24:MI:SS'), 'dd-mm-yyyy') end as input_date ","queryDesc":"Get Date","category":"CLIENT"}],"actionParams":[{"createUserId":"YOGENDRANATH","parameterId":665,"queryKey":"GET_DATE","parameterCode":"inputDate","parameterDescription":"Date Input","parameterType":"String","createDatetime":1700122143567,"modifyDatetime":1700122143567,"modifyUserId":"YOGENDRANATH"}],"createUserId":"YOGENDRANATH","apiId":"GET_DATE","apiDescription":"Get Date","queryKey":"GET_DATE","url":"Elite2Web/api/cmdaction/executeSelectQuery","queryId":0,"createDatetime":1700115595000,"modifyDatetime":1700122143000,"modifyUserId":"YOGENDRANATH","category":"CLIENT"},{"quickAction":[{"queryId":333,"queryKey":"GET_TEAM_MAIL_ID","queryText":"select\n\tSTRING_AGG(distinct (at1.team_email), ',') as team_email\nfrom\n\tautomation_teams at1,\n\tteam_functions tf\nwhere\n\ttf.function_type = :function\n\tand at1.team_id = tf.team_id\n\tand at1.team_email is not null","queryDesc":"Get Team Mail Id","category":"CLIENT"}],"actionParams":[{"createUserId":"OMS_OWNER","parameterId":666,"queryKey":"GET_TEAM_MAIL_ID","parameterCode":"function","parameterDescription":"Function","parameterType":"String","createDatetime":1700122143567,"modifyDatetime":1700122143567}],"createUserId":"OMS_OWNER","apiId":"GET_TEAM_MAIL_ID","apiDescription":"Get Team Mail Id","queryKey":"GET_TEAM_MAIL_ID","url":"Elite2Web/api/cmdaction/executeSelectQuery","queryId":0,"createDatetime":1699334711000,"modifyDatetime":1700122143000,"modifyUserId":"YOGENDRANATH","category":"CLIENT"}]