[{"quickAction":[{"queryId":159,"queryKey":"GET_TEAM_MEMBER_DETAILS","queryText":"select distinct*\nfrom\n\tstaff_members sm,\n\tteam_staff_members tm\nwhere\n\ttm.staff_id = sm.staff_id\n    and tm.team_member_id =:teamMemberId and sm.mail_id  is not null","queryDesc":"Get Team member Details","category":"PRODUCT"}],"actionParams":[{"createUserId":"OMS_OWNER","parameterId":216,"queryKey":"GET_TEAM_MEMBER_DETAILS","parameterCode":"teamMemberId","parameterDescription":"teamMemberId","parameterType":"Number","createDatetime":1668767737568,"modifyDatetime":1668767737568}],"createUserId":"OMS_OWNER","apiId":"GET_TEAM_MEMBER_DETAILS","apiDescription":"Get Team member Details","queryKey":"GET_TEAM_MEMBER_DETAILS","url":"Elite2Web/api/cmdaction/executeSelectQuery","queryId":0,"createDatetime":1668781928000,"modifyDatetime":1668781928000,"category":"PRODUCT"},{"quickAction":[{"queryId":156,"queryKey":"GET_STAFF_DATA","queryText":"select distinct* from staff_members where staff_id =(:staffId)::bigint","queryDesc":"Get Staff Data","category":"PRODUCT"}],"actionParams":[{"createUserId":"OMS_OWNER","parameterId":213,"queryKey":"GET_STAFF_DATA","parameterCode":"staffId","parameterDescription":"staffId","parameterType":"Number","createDatetime":1668511904547,"modifyDatetime":1668511904547}],"createUserId":"OMS_OWNER","apiId":"GET_STAFF_DATA","apiDescription":"Get Staff Data","queryKey":"GET_STAFF_DATA","url":"Elite2Web/api/cmdaction/executeSelectQuery","queryId":0,"createDatetime":1668524587000,"modifyDatetime":1668524587000,"category":"PRODUCT"},{"quickAction":[{"queryId":154,"queryKey":"GET_TEAM_CODE","queryText":"select team_code from automation_teams a where team_id =(:teamId)::bigint\n","queryDesc":"Get Team Code","category":"PRODUCT"}],"actionParams":[{"createUserId":"OMS_OWNER","parameterId":211,"queryKey":"GET_TEAM_CODE","parameterCode":"teamId","parameterDescription":"teamId","parameterType":"Number","createDatetime":1668071240176,"modifyDatetime":1668071240176}],"createUserId":"OMS_OWNER","apiId":"GET_TEAM_CODE","apiDescription":"Get Team Code","queryKey":"GET_TEAM_CODE","url":"Elite2Web/api/cmdaction/executeSelectQuery","queryId":0,"createDatetime":1668083861000,"modifyDatetime":1668083861000,"category":"PRODUCT"}]