[{"quickAction":[{"queryId":433,"queryKey":"GET_TEAM_MEMBERS_BY_FUCTION_AND_AGY_LOC","queryText":"select\n(STRING_AGG(distinct(ia.internet_address), ',')) mail_id\nfrom\n\tteam_staff_members TM ,\n\tstaff_members SM,\n\tinternet_addresses ia \nwhere\n     ia.owner_class ='STF'\n     and ia.owner_id = SM.staff_id  and \n\tSM.user_id in(\n\tselect\n\t\tdistinct(user_id)\n\twhere\n\t\tTM.staff_id = SM.staff_id)\n\tand TM.team_id in (\n\tselect\n\t\tteam_id\n\tfrom\n\t\tteam_functions\n\twhere\n\t\tfunction_type = :functionType )\n\tand TM.team_id in (\n\tselect\n\t\tteam_id\n\tfrom\n\t\tteam_agency_loc\n\twhere\n\t\tagy_loc_id = :agyLoc)\n\tand SM.mail_id != ''\n\tand SM.mail_id is not null","queryDesc":"Get Team Members By Fuction And Agency Location","category":"PRODUCT"}],"actionParams":[{"createUserId":"OMS_OWNER","parameterId":1086,"queryKey":"GET_TEAM_MEMBERS_BY_FUCTION_AND_AGY_LOC","parameterCode":"agyLoc","parameterDescription":"Agency Location","parameterType":"String","createDatetime":1689074710941,"modifyDatetime":1689074710941},{"createUserId":"OMS_OWNER","parameterId":1087,"queryKey":"GET_TEAM_MEMBERS_BY_FUCTION_AND_AGY_LOC","parameterCode":"functionType","parameterDescription":"Function Type","parameterType":"String","createDatetime":1689074710941,"modifyDatetime":1689074710941}],"createUserId":"OMS_OWNER","apiId":"GET_TEAM_MEMBERS_BY_FUCTION_AND_AGY_LOC","apiDescription":"Get Team Members By Fuction And Agency Location","queryKey":"GET_TEAM_MEMBERS_BY_FUCTION_AND_AGY_LOC","url":"Elite2Web/api/cmdaction/executeSelectQuery","queryId":0,"createDatetime":1689074710000,"modifyDatetime":1689074710000,"category":"PRODUCT"},{"quickAction":[{"queryId":430,"queryKey":"GET_PERFORM_COMPLIANCE_MAIL_ID","queryText":"select STRING_AGG(distinct(SM.internet_address), ',') as MAIL_ID from TEAM_STAFF_MEMBERS TSM, INTERNET_ADDRESSES SM where TSM.STAFF_ID = SM.OWNER_ID and SM.OWNER_CLASS = 'STF' and TSM.TEAM_ID in ( select at2.team_id from automation_teams at2, team_functions tf where at2.team_id = tf.team_id and tf.function_type = 'PER_COM') and sm.internet_address is not null","queryDesc":"Get Performance Compliance Notify Mail Id","category":"PRODUCT"}],"actionParams":[],"createUserId":"OMS_OWNER","apiId":"GET_PERFORM_COMPLIANCE_MAIL_ID","apiDescription":"Get Performance Compliance Notify Mail Id","queryKey":"GET_PERFORM_COMPLIANCE_MAIL_ID","url":"Elite2Web/api/cmdaction/executeSelectQuery","queryId":0,"createDatetime":1689066417000,"modifyDatetime":1689066417000,"category":"PRODUCT"},{"quickAction":[{"queryId":219,"queryKey":"GET_OFFICERS_MAIL_ID","queryText":"select\n\t\tSTRING_AGG(ia.internet_address, ',') AS mail_id,\n\t\tvo.offender_book_id,\n\t\tvo.offender_id_display,\n\t\tvo.first_name,\n\t\tvo.last_name\n\tfrom\n\t\tinternet_addresses ia, \n\t\tcase_plans cp,\n\t\t(\n\t\tselect\n\t\t\tvo.offender_book_id,\n\t\t\tvo.offender_id_display,\n\t\t\tvo.first_name,\n\t\t\tvo.last_name\n\t\tfrom\n\t\t\tv_offenders vo\n\t\twhere\n\t\t\tnot exists (\n\t\t\tselect\n\t\t\t\t*\n\t\t\tfrom\n\t\t\t\toffender_case_notes ocn\n\t\t\twhere\n\t\t\t\tvo.offender_book_id = ocn.offender_book_id)\n\t\t\tand active_flag = 'Y'\n\tunion\n\t\tselect\n\t\t\tvo.offender_book_id,\n\t\t\tvo.offender_id_display,\n\t\t\tvo.first_name,\n\t\t\tvo.last_name\n\t\tfrom\n\t\t\tv_offenders vo,\n\t\t\toffender_case_notes ocn\n\t\twhere\n\t\t\tvo.offender_book_id = ocn.offender_book_id\n\t\t\tand active_flag = 'Y'\n\t\t\tand (sysdate()::date - create_datetime::date)>7) vo\n\twhere\n\t\tia.owner_id = cp.sac_staff_id \n\t\tand ia.owner_class = 'STF'\n\t\tand cp.case_plan_status = 'ACTIVE'\n\t\tand cp.offender_book_id = vo.offender_book_id\n\tgroup by vo.offender_book_id, vo.offender_id_display, vo.first_name, vo.last_name","queryDesc":"Get Officers Mail Id","category":"CLIENT"}],"actionParams":[],"createUserId":"OMS_OWNER","apiId":"GET_OFFICERS_MAIL_ID","apiDescription":"Get officers mail Id","queryKey":"GET_OFFICERS_MAIL_ID","url":"Elite2Web/api/cmdaction/executeSelectQuery","queryId":0,"createDatetime":1662975775000,"modifyDatetime":1689054788000,"modifyUserId":"OMS_OWNER","category":"CLIENT"},{"quickAction":[{"queryId":429,"queryKey":"GET_ASSESSMENT_NOTIFY_MAIL_ID","queryText":"select STRING_AGG(distinct(SM.internet_address), ',') as MAIL_ID from TEAM_STAFF_MEMBERS TSM, internet_addresses SM, V_HEADER_BLOCK HB where HB.offender_book_id = :offenderBookId and SM.OWNER_CLASS = 'STF' and TSM.STAFF_ID = SM.owner_id and TSM.TEAM_ID in ( select at2.team_id from team_agency_loc tal, automation_teams at2, team_functions tf where HB.intake_agy_loc_id = tal.agy_loc_id and at2.team_id = tal.team_id and at2.team_id = tf.team_id and tf.function_type = 'ASS_APR') ","queryDesc":"Get Assessment Notify Mail Id","category":"PRODUCT"}],"actionParams":[{"createUserId":"YOGENDRANATH","parameterId":1082,"queryKey":"GET_ASSESSMENT_NOTIFY_MAIL_ID","parameterCode":"offenderBookId","parameterDescription":"Offender Book Id","parameterType":"Number","createDatetime":1688787298679,"modifyDatetime":1688787298679}],"createUserId":"YOGENDRAM","apiId":"GET_ASSESSMENT_NOTIFY_MAIL_ID","apiDescription":"Get Assessment Notify Mail Id","queryKey":"GET_ASSESSMENT_NOTIFY_MAIL_ID","url":"Elite2Web/api/cmdaction/executeSelectQuery","queryId":0,"createDatetime":1688737826000,"modifyDatetime":1688787298000,"modifyUserId":"OMS_OWNER","category":"PRODUCT"},{"quickAction":[{"queryId":426,"queryKey":"GET_CASE_PLAN_VERIFICATION_TEAM_MEMBERS_DETAILS","queryText":"select distinct(ia.internet_address) mail_id , sm.first_name || ' ' || sm.last_name as staffName from team_staff_members TM , staff_members SM , internet_addresses IA where TM.staff_id = SM.staff_id and TM.team_id in ( select team_id from team_functions where function_type = 'CPLAN_VERIFY') and TM.team_id in ( select team_id from team_agency_loc where agy_loc_id = :agyLocId) and IA.owner_id = SM.staff_id and ia.owner_class ='STF' and ia.internet_address != '' and ia.internet_address is not null","queryDesc":"Get Case Plan Verification Team Members Details","category":"PRODUCT"}],"actionParams":[{"createUserId":"SUDHA","parameterId":1068,"queryKey":"GET_CASE_PLAN_VERIFICATION_TEAM_MEMBERS_DETAILS","parameterCode":"agyLocId","parameterDescription":"agy Loc Id","parameterType":"String","createDatetime":1688536261284,"modifyDatetime":1688536261284}],"createUserId":"OMS_OWNER","apiId":"GET_CASE_PLAN_VERIFICATION_TEAM_MEMBERS_DETAILS","apiDescription":"Get Case Plan Verification Team Members Details","queryKey":"GET_CASE_PLAN_VERIFICATION_TEAM_MEMBERS_DETAILS","url":"Elite2Web/api/cmdaction/executeSelectQuery","queryId":0,"createDatetime":1688536261000,"modifyDatetime":1688536261000,"category":"PRODUCT"},{"quickAction":[{"queryId":427,"queryKey":"GET_CASE_PLAN_REVIEW_TEAM_MEMBERS_DETAILS","queryText":"select distinct(ia.internet_address) mail_id, sm.first_name || ' ' || sm.last_name as staffName from team_staff_members TM , staff_members SM , internet_addresses IA where TM.staff_id = SM.staff_id and TM.team_id in ( select team_id from team_functions where function_type = 'CPLAN_REVIEW') and TM.team_id in ( select team_id from team_agency_loc where agy_loc_id = :agyLocId) and IA.owner_id = SM.staff_id and ia.owner_class ='STF' and ia.internet_address != '' and ia.internet_address is not null","queryDesc":"Get Case Plan Review Team Members Details","category":"PRODUCT"}],"actionParams":[{"createUserId":"SUDHA","parameterId":1069,"queryKey":"GET_CASE_PLAN_REVIEW_TEAM_MEMBERS_DETAILS","parameterCode":"agyLocId","parameterDescription":"agy loc id","parameterType":"String","createDatetime":1688536261284,"modifyDatetime":1688536261284}],"createUserId":"OMS_OWNER","apiId":"GET_CASE_PLAN_REVIEW_TEAM_MEMBERS_DETAILS","apiDescription":"Get Case Plan Review Team Members Details","queryKey":"GET_CASE_PLAN_REVIEW_TEAM_MEMBERS_DETAILS","url":"Elite2Web/api/cmdaction/executeSelectQuery","queryId":0,"createDatetime":1688536261000,"modifyDatetime":1688536261000,"category":"PRODUCT"},{"quickAction":[{"queryId":402,"queryKey":"GET_PRISONER_PAYTEAM_STAFF_DATA","queryText":"select\n\tSTRING_AGG(distinct(ia.internet_address), ',') as mail_id,\n\tsm.first_name || ' ' || sm.last_name as staffName\nfrom\n\tTEAM_STAFF_MEMBERS TM ,\n\tstaff_members SM,\n\tinternet_addresses ia\nwhere\n\tTM.staff_id = SM.staff_id\n\tand  ia.owner_class = 'STF' and \n\t ia.owner_id = SM.staff_id \n\tand TM.TEAM_ID in (\n\tselect\n\t\tTEAM_ID\n\tfrom\n\t\tteam_functions\n\twhere\n\t\tfunction_type = 'PRISONER_PAY') \n\t\tgroup by sm.first_name,sm.last_name","queryDesc":"Get Prisoner Pay Team Staff Data","category":"PRODUCT"}],"actionParams":[],"createUserId":"OMS_OWNER","apiId":"GET_PRISONER_PAYTEAM_STAFF_DATA","apiDescription":"Get Prisoner Pay Team Staff Data","queryKey":"GET_PRISONER_PAYTEAM_STAFF_DATA","url":"Elite2Web/api/cmdaction/executeSelectQuery","queryId":0,"createDatetime":1686290651000,"modifyDatetime":1687312628000,"modifyUserId":"OMS_OWNER","category":"PRODUCT"},{"quickAction":[{"queryId":397,"queryKey":"GET_COMM_CASE_OFFICER_MAIL","queryText":"select\n    sm.first_name,\n    sm.last_name,\n    STRING_AGG(ia.internet_address, ',') AS mail_id\nfrom \n\tcase_plans cp,\n\tstaff_members sm,\n\tinternet_addresses ia \nwhere \n\tcp.offender_book_id = :offenderBookId\n\tand cp.sac_staff_id = sm.staff_id\n\tand ia.owner_id = cp.sac_staff_id \n\tand ia.owner_class = 'STF'","queryDesc":"Get Comm Case Officer Email","category":"CLIENT"}],"actionParams":[{"createUserId":"OMS_OWNER","parameterId":926,"queryKey":"GET_COMM_CASE_OFFICER_MAIL","parameterCode":"offenderBookId","parameterDescription":"Offender Book Id","parameterType":"Number","createDatetime":1685420753086,"modifyDatetime":1685420753086}],"createUserId":"OMS_OWNER","apiId":"GET_COMM_CASE_OFFICER_MAIL","apiDescription":"Get Comm Case Officer Mail","queryKey":"GET_COMM_CASE_OFFICER_MAIL","url":"Elite2Web/api/cmdaction/executeSelectQuery","queryId":0,"createDatetime":1684933723000,"modifyDatetime":1685420753000,"modifyUserId":"OMS_OWNER","category":"CLIENT"}]