[{"quickAction":[{"queryId":147,"queryKey":"GET_OFFENDER_ADDRESS_DETAILS","queryText":"select\n    case  when ad.city_name is not null then ad.city_name else ad.city_code end as city,\n    ad.country country,\n    ad.zip_postal_code postal, \n    case  when ad.prov_state_desc is not null then ad.prov_state_desc else ad.prov_state_code end as state,\n    ad.address_line1  streetname,\n    ad.suite_number streetnumber,\n    CONCAT(\n        COALESCE(ad.suite_number, ''), \n        CASE WHEN ad.suite_number IS NOT NULL and COALESCE(ad.suite_number, '') != '' THEN ', ' ELSE '' END,\n        COALESCE(ad.address_line1, ''),\n        CASE WHEN ad.address_line1 IS NOT NULL THEN ', ' ELSE '' END,\n        COALESCE(ad.city_name, ad.city_code||', '),\n   \t\tCASE WHEN ad.city_name IS NOT NULL THEN ', ' ELSE '' END,\n        COALESCE(ad.prov_state_desc, ad.prov_state_code|| ', '),\n        CASE WHEN ad.prov_state_desc IS NOT NULL THEN ', ' ELSE '' END,\n        COALESCE(ad.country, ''),\n        CASE WHEN ad.country IS NOT NULL THEN ', ' ELSE '' END,\n        COALESCE(ad.zip_postal_code, '')\n    ) AS address,\n    a.create_datetime recordeddate\nFROM\n    v_addresses ad,\n    addresses a,\n    offender_bookings ob\nWHERE\n    ad.owner_id = ob.root_offender_id\n    and a.address_id = ad.address_id \n  \tand a.address_id = (select max(address_id ) from addresses where owner_id = ob.root_offender_id)\n    and  ob.offender_book_id=:offenderBookId","queryDesc":"Get Offender Address Details","category":"CLIENT"}],"actionParams":[{"createUserId":"OMS_OWNER","parameterId":413,"queryKey":"GET_OFFENDER_ADDRESS_DETAILS","parameterCode":"offenderBookId","parameterDescription":"Offender Book Id","parameterType":"Number","createDatetime":1687924772876,"modifyDatetime":1687924772876}],"createUserId":"OMS_OWNER","apiId":"GET_OFFENDER_ADDRESS_DETAILS","apiDescription":"Get Offender Address Details","queryKey":"GET_OFFENDER_ADDRESS_DETAILS","url":"Elite2Web/api/cmdaction/executeSelectQuery","queryId":0,"createDatetime":1667777004000,"modifyDatetime":1687924772000,"modifyUserId":"OMS_OWNER","category":"CLIENT"}]