[{"quickAction":[{"queryId":125,"queryKey":"GET_ACTIVE_OFFENDERS","queryText":"select\n\tvo.offender_book_id ,\n\tvo.agy_loc_id as agyid,\n\tcase\n\t\twhen vo.active_flag = 'N'\n\t\tand vo.in_out_status = 'TRN' then (\n\t\tselect\n\t\t\tfrom_agy_loc_id\n\t\tfrom\n\t\t\toffender_external_movements oem\n\t\twhere\n\t\t\toffender_book_id = vo.offender_book_id\n\t\torder by\n\t\t\tmovement_seq desc\n\t\tlimit 1)\n\t\telse vo.agy_loc_id\n\tend agy_loc_id\nfrom\n\tv_offenders vo\nwhere\n\t(active_flag = 'Y'\n\t\tor (active_flag = 'N'\n\t\t\tand in_out_status = 'TRN')) order by offender_book_id","queryDesc":"Get Active Offenders","category":"CLIENT"}],"actionParams":[],"createUserId":"OMS_OWNER","apiId":"GET_ACTIVE_OFFENDERS","apiDescription":"Get Active Offenders","queryKey":"GET_ACTIVE_OFFENDERS","url":"Elite2Web/api/cmdaction/executeSelectQuery","queryId":0,"createDatetime":1667548058000,"modifyDatetime":1675119009000,"modifyUserId":"OMS_OWNER","category":"CLIENT"},{"quickAction":[{"queryId":141,"queryKey":"FORMAT_LEARNING_SYSTEM_ACTION_RESPONSE","queryText":"Select 1 from dual","queryDesc":"Format Learning System Action Response","category":"CLIENT"}],"actionParams":[{"createUserId":"OMS_OWNER","parameterId":185,"queryKey":"FORMAT_LEARNING_SYSTEM_ACTION_RESPONSE","parameterCode":"staffDetails","parameterDescription":"Staff Details","parameterType":"String","createDatetime":1667601629189,"modifyDatetime":1667601629189},{"createUserId":"OMS_OWNER","parameterId":186,"queryKey":"FORMAT_LEARNING_SYSTEM_ACTION_RESPONSE","parameterCode":"offenderDetails","parameterDescription":"Offender Details","parameterType":"String","createDatetime":1667601658778,"modifyDatetime":1667601658778},{"createUserId":"OMS_OWNER","parameterId":188,"queryKey":"FORMAT_LEARNING_SYSTEM_ACTION_RESPONSE","parameterCode":"specificationKey","parameterDescription":"Specification Key","parameterType":"String","createDatetime":1667601703496,"modifyDatetime":1667601703496},{"createUserId":"OMS_OWNER","parameterId":229,"queryKey":"FORMAT_LEARNING_SYSTEM_ACTION_RESPONSE","parameterCode":"computerAccessFlag","parameterDescription":"Computer Access Flag","parameterType":"String","createDatetime":1670992216548,"modifyDatetime":1670992216548},{"createUserId":"OMS_OWNER","parameterId":187,"queryKey":"FORMAT_LEARNING_SYSTEM_ACTION_RESPONSE","parameterCode":"activePrisoners","parameterDescription":"Active Prisoners","parameterType":"String","createDatetime":1667601658778,"modifyDatetime":1702025137894,"modifyUserId":"OMS_OWNER"}],"createUserId":"OMS_OWNER","apiId":"FORMAT_LEARNING_SYSTEM_ACTION_RESPONSE","apiDescription":"Format Learning System Action Response","queryKey":"FORMAT_LEARNING_SYSTEM_ACTION_RESPONSE","url":"Elite2Web/api/serviceBusController/convertJson","queryId":0,"createDatetime":1667601733000,"modifyDatetime":1667601733000,"category":"CLIENT"}]