[{"quickAction":[{"queryId":348,"queryKey":"GET_OFFENDER_BOOKING_DETAILS","queryText":"select\n\t*\nfrom\n\t(\nSELECT \n\tob.offender_book_id,\n    ob.booking_no,\n \t(select\n\t case\n\t\twhen profile_value = 'N'\n\t\tor profile_value = '' then LTRIM(ob.booking_no,'0')\n\t\telse LPAD(ob.booking_no,10,'0')\n\t end as intake_number\n\tfrom (select sypr.profile_value from system_profiles sypr where sypr.profile_type = 'CLIENT' and sypr.profile_code = 'BOOK_ID_OUTB')a),\n    ob.booking_begin_date,\n    ois.imprisonment_status booking_status,\n    ois.dateOfDeath,\n   CASE\n        WHEN ob.agy_loc_id IS NOT NULL THEN ob.agy_loc_id\n         ELSE ob.intake_agy_loc_id\n    END AS agy_loc_id,\n    CASE\n        WHEN ob.agy_loc_id IS NOT NULL THEN al.description\n        ELSE (SELECT al.description FROM agency_locations al WHERE al.agy_loc_id = ob.intake_agy_loc_id)\n    END AS agy_loc_id_desc,\n    ob.living_unit_id,\n    (select status_description  from legal_custody_statuses where status_code = (select custody_status from offender_custody_status where offender_book_id = :offenderBookId)) as custody_status\nFROM \n    offender_bookings ob\nLEFT JOIN\n    agency_locations al ON ob.agy_loc_id = al.agy_loc_id\nleft join \n\t(select\n\t\t\tA.offender_book_id,\n\t\t\tA.imprisonment_status,\n\t\t\tCASE\n        \t\tWHEN A.imprisonment_status = 'DT' THEN A.effective_date\n        \t\tELSE null\n    \t\tEND AS dateOfDeath \n\t\tfrom\n\t\t\t(\n\t\t\tselect\n\t\t\t\tmax(imprison_status_seq)max_iss_seq,\n\t\t\t\toffender_book_id\n\t\t\tfrom\n\t\t\t\toffender_imprison_statuses ois\n\t\t\tgroup by\n\t\t\t\toffender_book_id)B,\n\t\t\toffender_imprison_statuses A\n\t\twhere\n\t\t\tA.imprison_status_seq = B.max_iss_seq\n\t\t\tand A.offender_book_id = B.offender_book_id)ois on ois.offender_book_id = ob.offender_book_id) A\nWHERE\n    offender_book_id = :offenderBookId","queryDesc":"Get Offender Booking Details","category":"CLIENT"}],"actionParams":[{"createUserId":"OMS_OWNER","parameterId":2034,"queryKey":"GET_OFFENDER_BOOKING_DETAILS","parameterCode":"offenderBookId","parameterDescription":"Offender Book Id","parameterType":"Number","createDatetime":1706850316857}],"createUserId":"OMS_OWNER","apiId":"GET_OFFENDER_BOOKING_DETAILS","apiDescription":"Get Offender Booking Details","queryKey":"GET_OFFENDER_BOOKING_DETAILS","url":"Elite2Web/api/cmdaction/executeSelectQuery","queryId":0,"createDatetime":1667813771000,"modifyDatetime":1706850316000,"modifyUserId":"OMS_OWNER","category":"CLIENT"},{"quickAction":[{"queryId":375,"queryKey":"GET_OFFENDER_PROFILE_DETAILS","queryText":"select\n\t(\n\tselect \n\t\tdescription \n\tfrom \n\t\tprofile_codes pc \n\twhere \n\t\tprofile_code = (select profile_code from OFFENDER_PROFILE_DETAILS where profile_type = 'HAIR'and offender_book_id = :offenderBookId)\n\t\tand profile_type = 'HAIR') as hair,\n\t(\n\tselect \n\t\tdescription \n\tfrom \n\t\tprofile_codes pc \n\twhere \n\t\tprofile_code = (select profile_code from OFFENDER_PROFILE_DETAILS where profile_type = 'EYE'and offender_book_id = :offenderBookId)\n\t\tand profile_type = 'EYE') as eye,\n\t(\n\tselect \n\t\tdescription \n\tfrom \n\t\tprofile_codes pc \n\twhere \n\t\tprofile_code = (select profile_code from OFFENDER_PROFILE_DETAILS where profile_type = 'BUILD'and offender_book_id = :offenderBookId)\n\t\tand profile_type = 'BUILD') as build,\n\t(\n\tselect \n\t\tdescription \n\tfrom \n\t\tprofile_codes pc \n\twhere \n\t\tprofile_code = (select profile_code from OFFENDER_PROFILE_DETAILS where profile_type = 'CCIT'and offender_book_id = :offenderBookId)\n\t\tand profile_type = 'CCIT') as nationality,\n\t(\n\tselect \n\t\tdescription \n\tfrom \n\t\tprofile_codes pc \n\twhere \n\t\tprofile_code = (select profile_code from OFFENDER_PROFILE_DETAILS where profile_type = 'CUGR'and offender_book_id = :offenderBookId)\n\t\tand profile_type = 'CUGR') as ethnicity,\n\t(\n\tselect \n\t\tdescription \n\tfrom \n\t\tprofile_codes pc \n\twhere \n\t\tprofile_code = (select profile_code from OFFENDER_PROFILE_DETAILS where profile_type = 'RELIGION'and offender_book_id = :offenderBookId)\n\t\tand profile_type = 'RELIGION') as religion,\n\t'TBD' descriptionDate","queryDesc":"Get Offender Profile Details","category":"CLIENT"}],"actionParams":[{"createUserId":"KARTHI","parameterId":1931,"queryKey":"GET_OFFENDER_PROFILE_DETAILS","parameterCode":"offenderBookId","parameterDescription":"Offender Book Id","parameterType":"Number","createDatetime":1704952732297}],"createUserId":"OMS_OWNER","apiId":"GET_OFFENDER_PROFILE_DETAILS","apiDescription":"Get Offender Profile Details","queryKey":"GET_OFFENDER_PROFILE_DETAILS","url":"Elite2Web/api/cmdaction/executeSelectQuery","queryId":0,"createDatetime":1676439900000,"modifyDatetime":1704952732000,"modifyUserId":"OMS_OWNER","category":"CLIENT"}]