[{"quickAction":[{"queryId":284,"queryKey":"GET_OFFENDER_COMMUNITY_CON_HOURS","queryText":"select SUM(coalesce(CREDIT_WORK_HOURS, 0)) CREDIT_WORK_HOURS, max(length) as LENGTH from ( select Max(OFFENDER_SENT_CONDITION_ID) as OFFENDER_SENT_CONDITION_ID, SUM(coalesce(CREDIT_WORK_HOURS, 0)) CREDIT_WORK_HOURS from OFFENDER_PROGRAM_PROFILES where OFFENDER_BOOK_ID = :offenderbookid and OFFENDER_SENT_CONDITION_ID = :offendersentcondid and SENTENCE_SEQ = :seq union all select Max(OFFENDER_SENT_CONDITION_ID) as OFFENDER_SENT_CONDITION_ID, SUM(coalesce(case ADJUSTMENT_TYPE when 'C' then ADJUSTMENT_MINUTES::DECIMAL / 60 when 'D' then -1 * ADJUSTMENT_MINUTES::DECIMAL / 60 else 0 end, 0)) CREDIT_WORK_HOURS from OFFENDER_UNPAID_WORK_ADJ where OFFENDER_BOOK_ID = :offenderbookid and SENTENCE_SEQ = :seq and OFFENDER_SENT_CONDITION_ID = :offendersentcondid) as a full outer join ( select Max(OFFENDER_SENT_CONDITION_ID) as OFFENDER_SENT_CONDITION_ID, Max(length) as length from offender_sent_conditions where OFFENDER_SENT_CONDITION_ID = :offendersentcondid group by offender_sent_condition_id,length) as b on b.offender_sent_condition_id = a.offender_sent_condition_id","queryDesc":"Get Offender Community Con Hours","category":"CLIENT"}],"actionParams":[{"createUserId":"YOGENDRANATH","parameterId":500,"queryKey":"GET_OFFENDER_COMMUNITY_CON_HOURS","parameterCode":"offenderbookid","parameterDescription":"Offender Book Id","parameterType":"Number","createDatetime":1690972374748,"modifyDatetime":1690972374748},{"createUserId":"YOGENDRANATH","parameterId":499,"queryKey":"GET_OFFENDER_COMMUNITY_CON_HOURS","parameterCode":"offendersentcondid","parameterDescription":"Offender Sent Condition Id","parameterType":"Number","createDatetime":1690972374748,"modifyDatetime":1690972374748},{"createUserId":"YOGENDRANATH","parameterId":501,"queryKey":"GET_OFFENDER_COMMUNITY_CON_HOURS","parameterCode":"seq","parameterDescription":"Sentence Order No","parameterType":"Number","createDatetime":1690972374748,"modifyDatetime":1690972374748}],"createUserId":"YOGENDRANATH","apiId":"GET_OFFENDER_COMMUNITY_CON_HOURS","apiDescription":"Get Offender Community Con Hours","queryKey":"GET_OFFENDER_COMMUNITY_CON_HOURS","url":"Elite2Web/api/cmdaction/executeSelectQuery","queryId":0,"createDatetime":1690972472000,"modifyDatetime":1691133000000,"modifyUserId":"YOGENDRANATH","category":"CLIENT"}]