[{"quickAction":[{"queryId":222,"queryKey":"GET_STAFF_NAME","queryText":"select  sm.last_name ||' ' || sm.first_name staffName  from staff_members sm where user_id = :userId ","queryDesc":"GetStaffName"}],"actionParams":[{"createUserId":"DOJUSER4","parameterId":245,"queryKey":"GET_STAFF_NAME","parameterCode":"userId","parameterDescription":"userId","parameterType":"String","createDatetime":1663244487976,"modifyDatetime":1663244487976}],"createUserId":"DOJUSER4","apiId":"GET_STAFF_NAME","apiDescription":"GetStaffName","queryKey":"GET_STAFF_NAME","url":"Elite2Web/api/cmdaction/executeSelectQuery","queryId":0,"createDatetime":1663244508000,"modifyDatetime":1663244508000}]