[{"quickAction":[{"queryId":248,"queryKey":"GET_CASE_PLAN_VERIFICATION_TEAM_MEMBERS_DETAILS","queryText":"select\n\tdistinct(ia.internet_address) mail_id,\n\tsm.first_name || ' ' || sm.last_name as staffName,\n\tATM.team_code \nfrom\n\tteam_staff_members TM ,\n\tstaff_members SM ,\n\tinternet_addresses IA,\n\tautomation_teams ATM\nwhere\n\tTM.staff_id = SM.staff_id\n\tand  ATM.team_id = TM.team_id \n\tand TM.team_id in (\n\tselect\n\t\tteam_id\n\tfrom\n\t\tteam_functions\n\twhere\n\t\tfunction_type = 'CPLAN_VERIFY')\n\tand TM.team_id in (\n\tselect\n\t\tteam_id\n\tfrom\n\t\tteam_agency_loc\n\twhere\n\t\tagy_loc_id = :agyLocId)\n\tand IA.owner_id = SM.staff_id\n\tand ia.owner_class = 'STF'\n\tand ia.internet_address != ''\n\tand ia.internet_address is not null","queryDesc":"Get Case Plan Verification Team Members Details","category":"PRODUCT"}],"actionParams":[{"createUserId":"SUDHA","parameterId":411,"queryKey":"GET_CASE_PLAN_VERIFICATION_TEAM_MEMBERS_DETAILS","parameterCode":"agyLocId","parameterDescription":"agy Loc Id","parameterType":"String","createDatetime":1687432760303,"modifyDatetime":1687432760303}],"createUserId":"SUDHA","apiId":"GET_CASE_PLAN_VERIFICATION_TEAM_MEMBERS_DETAILS","apiDescription":"Get Case Plan Verification Team Members Details","queryKey":"GET_CASE_PLAN_VERIFICATION_TEAM_MEMBERS_DETAILS","url":"Elite2Web/api/cmdaction/executeSelectQuery","queryId":0,"createDatetime":1687432865000,"modifyDatetime":1687432865000,"category":"PRODUCT"},{"quickAction":[{"queryId":246,"queryKey":"GET_CASE_PLAN_REVIEW_TEAM_MEMBERS_DETAILS","queryText":"select\n\tdistinct(ia.internet_address) mail_id,\n\tsm.first_name || ' ' || sm.last_name as staffName,\n\tATM.team_code \nfrom\n\tteam_staff_members TM ,\n\tstaff_members SM ,\n\tinternet_addresses IA,\n\tautomation_teams ATM\nwhere\n\tTM.staff_id = SM.staff_id\n\tand  ATM.team_id = TM.team_id \n\tand TM.team_id in (\n\tselect\n\t\tteam_id\n\tfrom\n\t\tteam_functions\n\twhere\n\t\tfunction_type = 'CPLAN_REVIEW')\n\tand TM.team_id in (\n\tselect\n\t\tteam_id\n\tfrom\n\t\tteam_agency_loc\n\twhere\n\t\tagy_loc_id = :agyLocId)\n\tand IA.owner_id = SM.staff_id\n\tand ia.owner_class = 'STF'\n\tand ia.internet_address != ''\n\tand ia.internet_address is not null","queryDesc":"Get Case Plan Review Team Members Details","category":"PRODUCT"}],"actionParams":[{"createUserId":"SUDHA","parameterId":410,"queryKey":"GET_CASE_PLAN_REVIEW_TEAM_MEMBERS_DETAILS","parameterCode":"agyLocId","parameterDescription":"agy loc id","parameterType":"String","createDatetime":1687374018683,"modifyDatetime":1687374018683}],"createUserId":"SUDHA","apiId":"GET_CASE_PLAN_REVIEW_TEAM_MEMBERS_DETAILS","apiDescription":"Get Case Plan Review Team Members Details","queryKey":"GET_CASE_PLAN_REVIEW_TEAM_MEMBERS_DETAILS","url":"Elite2Web/api/cmdaction/executeSelectQuery","queryId":0,"createDatetime":1687432174000,"modifyDatetime":1687432174000,"category":"PRODUCT"},{"quickAction":[{"queryId":42,"queryKey":"GET_OFFENDER_DETAILS","queryText":"SELECT \n    vo.offender_book_id,\n    vo.offender_id,\n    vo.offender_id_display,\n    vo.first_name,\n    vo.last_name,\n    vo.middle_name,\n    vo.birth_date,\n    ref_code.description sex_code,\n   to_char(vo.birth_date,'DD/MM/YYYYY') as dob,\n  (select description from agency_locations al where agy_loc_id= vo.agy_loc_id ) as facility\nFROM \n    v_offenders vo,\n    reference_codes ref_code\nwhere\n    ref_code.domain = 'SEX' and \n \tref_code.code= vo.sex_code and\n    vo.offender_book_id = :offenderBookId","queryDesc":"Get Offender Details","category":"CLIENT"}],"actionParams":[{"createUserId":"OMS_OWNER","parameterId":46,"queryKey":"GET_OFFENDER_DETAILS","parameterCode":"offenderBookId","parameterDescription":"Offender Book Id","parameterType":"Number","createDatetime":1662725029751,"modifyDatetime":1662725029751}],"createUserId":"OMS_OWNER","apiId":"GET_OFFENDER_DETAILS","apiDescription":"Get Offender Details","queryKey":"GET_OFFENDER_DETAILS","url":"Elite2Web/api/cmdaction/executeSelectQuery","queryId":0,"createDatetime":1662725089000,"modifyDatetime":1662725089000,"category":"CLIENT"}]