[{"quickAction":[{"queryId":279,"queryKey":"GET_OFFENDER_COMMUNITY_SERVICE_SCHEDULES","queryText":"select (case when R.event_id is null then R.reference_id else R.event_id end ) as event_id , (case when R.event_id is null then 'W' else 'D' end ) as scheduleType,\nR.offender_book_id, R.event_date, R.event_date::date as CrsEventDate, R.start_time, to_char(R.start_time, 'HH24:MI') as CrsstartTime, R.email_sch_enable,\nR.sms_sch_enable, R.first_name as offender_first_name, R.reference_id, R.crs_acty_id, R.off_prgref_id, \n(select description from course_activities ca where ca.crs_acty_id =R.crs_acty_id) as CrsProjDesc from \n( select event_id, offender_book_id, event_date, start_time, email_sch_enable, sms_sch_enable, first_name, reference_id, crs_acty_id, off_prgref_id from\n( select A.EVENT_ID, A.OFFENDER_BOOK_ID, A.EVENT_DATE, A.START_TIME, A.first_name, A.reference_id, A.crs_acty_id, A.off_prgref_id, \n( case when A.SCHEDULED_EMAIL_HOUR is null then 'N' else ( case when A.event_id is not null then (case when (( select count(*) from sms_email_sent_notifications where event_id = A.event_id)= 2 ) then 'N' when A.SCHEDULED_EMAIL_HOUR <= SYSDATE() and sesn.notification_type = 'MAIL' then 'N' when A.SCHEDULED_EMAIL_HOUR <= SYSDATE() then 'Y' else 'N' end) else (case when (( select count(*) from sms_email_sent_notifications where reference_id = A.reference_id)= 2 ) then 'N' when A.SCHEDULED_EMAIL_HOUR <= SYSDATE() and sesn.notification_type = 'MAIL' then 'N' when A.SCHEDULED_EMAIL_HOUR <= SYSDATE() then 'Y' else 'N' end) end ) end ) as EMAIL_SCH_ENABLE, ( case when A.SCHEDULED_SMS_HOUR is null then 'N' else ( case when A.event_id is not null then (case when (( select count(*) from sms_email_sent_notifications where event_id = A.event_id)= 2 ) then 'N' when A.SCHEDULED_SMS_HOUR <= SYSDATE() and sesn.notification_type = 'SMS' then 'N' when A.SCHEDULED_SMS_HOUR <= SYSDATE() then 'Y' else 'N' end) else (case when (( select count(*) from sms_email_sent_notifications where reference_id = A.reference_id)= 2 ) then 'N' when A.SCHEDULED_SMS_HOUR <= SYSDATE() and sesn.notification_type = 'SMS' then 'N' when A.SCHEDULED_SMS_HOUR <= SYSDATE() then 'Y' else 'N' end) end ) end ) as SMS_SCH_ENABLE from ( select ( case when B.EMAIL_FLAG = 'Y' then ( select ( B.START_TIME - (B.EMAIL_SCHEDULE_HOURS_BEFORE || ' HOURS')::interval ) from DUAL ) else null end ) as SCHEDULED_EMAIL_HOUR, ( case when B.SMS_FLAG = 'Y' then ( select ( B.START_TIME - (B.SMS_SCHEDULE_HOURS_BEFORE || ' HOURS')::interval ) from DUAL ) else null end ) as SCHEDULED_SMS_HOUR, B.* from ( select voce.event_id , voce.offender_book_id, voce.event_type , voce.event_sub_type , voce.off_prgref_id , voce.reference_id , voce.crs_acty_id , voce.event_date , voce.start_time, voce.end_time , opp.email_flag , opp.sms_flag , opp.email_schedule_hours_before , opp.sms_schedule_hours_before , o.first_name from v_offender_course_events voce\ninner join offender_program_profiles opp on (voce.off_prgref_id = opp.off_prgref_id) inner join offender_bookings ob on \n(opp.offender_book_id = ob.offender_book_id ) inner join offenders o on (ob.offender_id = o.offender_id) \nwhere voce.event_type = 'UW' and voce.event_status = 'SCH' and (opp.email_flag = 'Y' or opp.sms_flag = 'Y') and \nTO_CHAR(voce.EVENT_DATE, 'YYYY-MM-DD 00:00:00.000')::DATE >= TO_CHAR(SYSDATE(), 'YYYY-MM-DD 00:00:00.000')::DATE and \nTO_CHAR(voce.START_TIME, 'HH24:MI:SS') > TO_CHAR(SYSDATE(), 'HH24:MI:SS')) B ) A left join sms_email_sent_notifications sesn on \n(A.event_id = sesn.event_id or A.reference_id = sesn.reference_id and sesn.event_sch_type = 'COMM_SRV') where \n( A.SCHEDULED_EMAIL_HOUR is not null and A.SCHEDULED_EMAIL_HOUR <= SYSDATE() ) or \n(A.SCHEDULED_SMS_HOUR is not null and A.SCHEDULED_SMS_HOUR <= SYSDATE() ) ) as \nH where (email_sch_enable = 'Y' or sms_sch_enable = 'Y')) R;","queryDesc":"Get Offender Community Service Schedule","category":"PRODUCT"}],"actionParams":[],"createUserId":"OMS_OWNER","apiId":"GET_OFFENDER_COMMUNITY_SERVICE_SCHEDULES","apiDescription":"Get Offender Community Service Schedule ","queryKey":"GET_OFFENDER_COMMUNITY_SERVICE_SCHEDULES","url":"Elite2Web/api/cmdaction/executeSelectQuery","queryId":0,"createDatetime":1692076756000,"category":"PRODUCT"},{"quickAction":[{"queryId":281,"queryKey":"INSERT_COMM_SER_DAILY","queryText":"insert\n\tinto\n\tsms_email_sent_notifications \n(\noffender_book_id,\nnotification_sent_datetime,\ncase_note_id,\nnotification_type,\nevent_sch_type,\nevent_date,\ncreate_datetime,\ncreate_user_id ,\nevent_id,\noff_prgref_id ,\ncrs_acty_id\n\n)\nvalues (\n:offenderBookId::bigInt,\ncurrent_timeStamp,\n:caseNoteId::bigInt,\n:notificationType,\n'COMM_SRV',\n:eventDate::timestamp(6),\ncurrent_timeStamp,\n:createUserId,\n:eventId::bigint,\n:offPrgrefId::bigint,\n:crsActyId::bigint\n);\n","queryDesc":"Insert Comm Ser Daily","category":"PRODUCT"}],"actionParams":[{"createUserId":"OMS_OWNER","parameterId":539,"queryKey":"INSERT_COMM_SER_DAILY","parameterCode":"caseNoteId","parameterDescription":"caseNoteId","parameterType":"Number","createDatetime":1692202674077},{"createUserId":"OMS_OWNER","parameterId":540,"queryKey":"INSERT_COMM_SER_DAILY","parameterCode":"createUserId","parameterDescription":"createUserId","parameterType":"String","createDatetime":1692202674077},{"createUserId":"OMS_OWNER","parameterId":541,"queryKey":"INSERT_COMM_SER_DAILY","parameterCode":"eventDate","parameterDescription":"eventDate","parameterType":"Date","createDatetime":1692202674077},{"createUserId":"OMS_OWNER","parameterId":542,"queryKey":"INSERT_COMM_SER_DAILY","parameterCode":"notificationType","parameterDescription":"notificationType","parameterType":"String","createDatetime":1692202674077},{"createUserId":"OMS_OWNER","parameterId":543,"queryKey":"INSERT_COMM_SER_DAILY","parameterCode":"offenderBookId","parameterDescription":"offenderBookId","parameterType":"Number","createDatetime":1692202674077},{"createUserId":"OMS_OWNER","parameterId":544,"queryKey":"INSERT_COMM_SER_DAILY","parameterCode":"eventId","parameterDescription":"eventId","parameterType":"Number","createDatetime":1692202674077},{"createUserId":"OMS_OWNER","parameterId":545,"queryKey":"INSERT_COMM_SER_DAILY","parameterCode":"offPrgrefId","parameterDescription":"offPrgrefId","parameterType":"Number","createDatetime":1692260779994},{"createUserId":"OMS_OWNER","parameterId":546,"queryKey":"INSERT_COMM_SER_DAILY","parameterCode":"crsActyId","parameterDescription":"crsActyId","parameterType":"Number","createDatetime":1692260779994}],"createUserId":"OMS_OWNER","apiId":"INSERT_COMM_SER_DAILY","apiDescription":"Save Daily COMM_SRV Reminder","queryKey":"INSERT_COMM_SER_DAILY","url":"Elite2Web/api/cmdaction/executeUpdateQuery","queryId":0,"createDatetime":1692183318000,"category":"PRODUCT"},{"quickAction":[{"queryId":280,"queryKey":"INSERT_INTO_COMM_SRV_SCH","queryText":"insert\n\tinto\n\tsms_email_sent_notifications \n(\noffender_book_id,\nnotification_sent_datetime,\ncase_note_id,\nnotification_type,\nevent_sch_type,\nevent_date,\ncreate_datetime,\ncreate_user_id ,\nreference_id,\noff_prgref_id ,\ncrs_acty_id\n\n)\nvalues (\n:offenderBookId::bigInt,\ncurrent_timeStamp,\n:caseNoteId::bigInt,\n:notificationType,\n'COMM_SRV',\n:eventDate::timestamp(6),\ncurrent_timeStamp,\n:createUserId,\n:referenceid::bigint,\n:offPrgrefId::bigint,\n:crsActyId::bigint\n);","queryDesc":"Insert For Community Service","category":"PRODUCT"}],"actionParams":[{"createUserId":"OMS_OWNER","parameterId":532,"queryKey":"INSERT_INTO_COMM_SRV_SCH","parameterCode":"caseNoteId","parameterDescription":"caseNoteId","parameterType":"Number","createDatetime":1692190171803},{"createUserId":"OMS_OWNER","parameterId":533,"queryKey":"INSERT_INTO_COMM_SRV_SCH","parameterCode":"createUserId","parameterDescription":"createUserId","parameterType":"String","createDatetime":1692190171803},{"createUserId":"OMS_OWNER","parameterId":534,"queryKey":"INSERT_INTO_COMM_SRV_SCH","parameterCode":"eventDate","parameterDescription":"eventDate","parameterType":"Date","createDatetime":1692190171803},{"createUserId":"OMS_OWNER","parameterId":536,"queryKey":"INSERT_INTO_COMM_SRV_SCH","parameterCode":"notificationType","parameterDescription":"notificationType","parameterType":"String","createDatetime":1692190171803},{"createUserId":"OMS_OWNER","parameterId":537,"queryKey":"INSERT_INTO_COMM_SRV_SCH","parameterCode":"offenderBookId","parameterDescription":"offenderBookId","parameterType":"Number","createDatetime":1692190171803},{"createUserId":"OMS_OWNER","parameterId":538,"queryKey":"INSERT_INTO_COMM_SRV_SCH","parameterCode":"referenceid","parameterDescription":"referenceid","parameterType":"Number","createDatetime":1692190171803},{"createUserId":"OMS_OWNER","parameterId":547,"queryKey":"INSERT_INTO_COMM_SRV_SCH","parameterCode":"crsActyId","parameterDescription":"crsActyId","parameterType":"Number","createDatetime":1692260807614},{"createUserId":"OMS_OWNER","parameterId":548,"queryKey":"INSERT_INTO_COMM_SRV_SCH","parameterCode":"offPrgrefId","parameterDescription":"offPrgrefId","parameterType":"Number","createDatetime":1692260807614}],"createUserId":"OMS_OWNER","apiId":"INSERT_INTO_COMM_SRV_SCH","apiDescription":"Save Email SMS Sent For COMM_SRV","queryKey":"INSERT_INTO_COMM_SRV_SCH","url":"Elite2Web/api/cmdaction/executeUpdateQuery","queryId":0,"createDatetime":1692189851000,"category":"PRODUCT"},{"quickAction":[{"queryId":274,"queryKey":"INSERT_CASE_NOTE","queryText":"insert into OFFENDER_CASE_NOTES(OFFENDER_BOOK_ID , CONTACT_DATE , CONTACT_TIME , CASE_NOTE_TYPE , CASE_NOTE_SUB_TYPE , STAFF_ID , CASE_NOTE_TEXT , EVENT_ID , CASE_NOTE_ID ,CREATE_DATETIME,note_source_code ) \nvalues(:offenderBookId::bigInt , current_timestamp , current_timestamp , :caseNoteType , :caseNoteSubType , tag_utils_get_staff_id(:createUserId) , :caseNoteText , :eventId::bigInt , :caseNoteId ::bigInt,CURRENT_TIMESTAMP,'AUTO');","queryDesc":"Insert Case Note","category":"PRODUCT"}],"actionParams":[{"createUserId":"TARAK","parameterId":487,"queryKey":"INSERT_CASE_NOTE","parameterCode":"offenderBookId","parameterDescription":"offenderBookId","parameterType":"Number","createDatetime":1691368810895},{"createUserId":"TARAK","parameterId":489,"queryKey":"INSERT_CASE_NOTE","parameterCode":"caseNoteSubType","parameterDescription":"caseNoteSubType","parameterType":"String","createDatetime":1691368928688},{"createUserId":"TARAK","parameterId":488,"queryKey":"INSERT_CASE_NOTE","parameterCode":"caseNoteType","parameterDescription":"caseNoteType","parameterType":"String","createDatetime":1691368928688},{"createUserId":"TARAK","parameterId":490,"queryKey":"INSERT_CASE_NOTE","parameterCode":"caseNoteText","parameterDescription":"caseNoteText","parameterType":"String","createDatetime":1691368928688},{"createUserId":"TARAK","parameterId":491,"queryKey":"INSERT_CASE_NOTE","parameterCode":"eventId","parameterDescription":"eventId","parameterType":"Number","createDatetime":1691368928688},{"createUserId":"TARAK","parameterId":492,"queryKey":"INSERT_CASE_NOTE","parameterCode":"caseNoteId","parameterDescription":"caseNoteId","parameterType":"Number","createDatetime":1691368928688}],"createUserId":"OMS_OWNER","apiId":"INSERT_CASE_NOTE","apiDescription":"Insert Case Note","queryKey":"INSERT_CASE_NOTE","url":"Elite2Web/api/cmdaction/executeUpdateQuery","queryId":0,"createDatetime":1691128878000,"modifyDatetime":1691388205000,"modifyUserId":"OMS_OWNER","category":"PRODUCT"},{"quickAction":[{"queryId":273,"queryKey":"GET_CASE_NOTE_ID","queryText":"select nextval('case_note_id') caseNoteId from dual ;\n","queryDesc":"Get Case Note Id","category":"PRODUCT"}],"actionParams":[],"createUserId":"OMS_OWNER","apiId":"GET_CASE_NOTE_ID","apiDescription":"Get Case Note Id","queryKey":"GET_CASE_NOTE_ID","url":"Elite2Web/api/cmdaction/executeSelectQuery","queryId":0,"createDatetime":1691138138000,"modifyDatetime":1691138262000,"modifyUserId":"OMS_OWNER","category":"PRODUCT"},{"quickAction":[{"queryId":187,"queryKey":"JHUB_SMS","queryText":"select  :sendTo send_to, :message message, :sourceSystem source_system,  to_char(TIMEZONE(('UTC'), current_timestamp::TIMESTAMPTZ), 'YYYY-MM-DD\"T\"HH24:MI:SS\"Z\"') as date_time, nextval('EXTERNAL_MESSAGE_ID')::text message_id from dual","queryDesc":"JHUB Sms","category":"SYSTEM"}],"actionParams":[{"createUserId":"OMS_OWNER","parameterId":308,"queryKey":"JHUB_SMS","parameterCode":"sendTo","parameterDescription":"Send To","parameterType":"String","createDatetime":1675899570245,"modifyDatetime":1675899570245},{"createUserId":"OMS_OWNER","parameterId":309,"queryKey":"JHUB_SMS","parameterCode":"message","parameterDescription":"Message","parameterType":"String","createDatetime":1675899570245,"modifyDatetime":1675899570245},{"createUserId":"OMS_OWNER","parameterId":310,"queryKey":"JHUB_SMS","parameterCode":"sourceSystem","parameterDescription":"Source System","parameterType":"String","createDatetime":1675899570245,"modifyDatetime":1675900333396,"modifyUserId":"OMS_OWNER"}],"createUserId":"OMS_OWNER","apiId":"JHUB_SMS","apiDescription":"JHUB Sms","queryKey":"JHUB_SMS","url":"Elite2Web/api/cmdaction/executeSelectQuery","queryId":0,"createDatetime":1675900243000,"modifyDatetime":1675900243000,"category":"SYSTEM"},{"quickAction":[{"queryId":18,"queryKey":"GET_OFFENDER_PHONE_NUM","queryText":"select STRING_AGG(TO_CHAR(phone_no), ','ORDER BY phone_id) as phone_no from PHONES where owner_id = ( select ROOT_OFFENDER_ID from v_header_block where offender_book_id = :offenderBookId)","queryDesc":"Get Offender Phone NUmbers","category":"PRODUCT"}],"actionParams":[{"createUserId":"OMS_OWNER","parameterId":26,"queryKey":"GET_OFFENDER_PHONE_NUM","parameterCode":"offenderBookId","parameterDescription":"Offender Book Id","parameterType":"Number","createDatetime":1658421921000}],"createUserId":"OMS_OWNER","apiId":"GET_OFFENDER_PHONE_NUM","apiDescription":"Offender Phone Numbers","queryKey":"GET_OFFENDER_PHONE_NUM","url":"Elite2Web/api/cmdaction/executeSelectQuery","queryId":0,"createDatetime":1658494546000,"modifyDatetime":1658494546000,"category":"PRODUCT"},{"quickAction":[{"queryId":17,"queryKey":"GET_OFFENDER_EMAILS","queryText":"select STRING_AGG (internet_address, ',' ORDER BY internet_address_id) as internet_address from internet_addresses where owner_id = ( select root_offender_id from v_header_block where v_header_block.offender_book_id = :offenderBookId)","queryDesc":"Get Offender Emails","category":"PRODUCT"}],"actionParams":[{"createUserId":"OMS_OWNER","parameterId":25,"queryKey":"GET_OFFENDER_EMAILS","parameterCode":"offenderBookId","parameterDescription":"Offender Book Id","parameterType":"Number","createDatetime":1658413941000}],"createUserId":"OMS_OWNER","apiId":"GET_OFFENDER_EMAILS","apiDescription":"Get Offender Emails","queryKey":"GET_OFFENDER_EMAILS","url":"Elite2Web/api/cmdaction/executeSelectQuery","queryId":0,"createDatetime":1658494523000,"modifyDatetime":1658494523000,"category":"PRODUCT"},{"quickAction":[{"queryId":15,"queryKey":"GET__EMAIL_TEMPLATE","queryText":"select template_body  from iwp_templates where template_name = :templateName","queryDesc":"Get Email Template","category":"PRODUCT"}],"actionParams":[{"createUserId":"OMS_OWNER","parameterId":23,"queryKey":"GET__EMAIL_TEMPLATE","parameterCode":"templateName","parameterDescription":"templateName","parameterType":"String","createDatetime":1658411077000}],"createUserId":"OMS_OWNER","apiId":"GET__EMAIL_TEMPLATE","apiDescription":"Get Email Template","queryKey":"GET__EMAIL_TEMPLATE","url":"Elite2Web/api/cmdaction/templateText","queryId":0,"createDatetime":1658494467000,"modifyDatetime":1658494467000,"category":"PRODUCT"}]