[{"quickAction":[{"queryId":357,"queryKey":"FORMAT_LEARNING_SYSTEM_ACTION_RESPONSE","queryText":"Select 1 from dual","queryDesc":"Format Learning System Action Response","category":"CLIENT"}],"actionParams":[{"createUserId":"OMS_OWNER","parameterId":1806,"queryKey":"FORMAT_LEARNING_SYSTEM_ACTION_RESPONSE","parameterCode":"staffDetails","parameterDescription":"Staff Details","parameterType":"String","createDatetime":1702264756483,"modifyDatetime":1702264756483},{"createUserId":"OMS_OWNER","parameterId":1807,"queryKey":"FORMAT_LEARNING_SYSTEM_ACTION_RESPONSE","parameterCode":"offenderDetails","parameterDescription":"Offender Details","parameterType":"String","createDatetime":1702264756483,"modifyDatetime":1702264756483},{"createUserId":"OMS_OWNER","parameterId":1808,"queryKey":"FORMAT_LEARNING_SYSTEM_ACTION_RESPONSE","parameterCode":"specificationKey","parameterDescription":"Specification Key","parameterType":"String","createDatetime":1702264756483,"modifyDatetime":1702264756483},{"createUserId":"OMS_OWNER","parameterId":1809,"queryKey":"FORMAT_LEARNING_SYSTEM_ACTION_RESPONSE","parameterCode":"computerAccessFlag","parameterDescription":"Computer Access Flag","parameterType":"String","createDatetime":1702264756483,"modifyDatetime":1702264756483},{"createUserId":"OMS_OWNER","parameterId":1810,"queryKey":"FORMAT_LEARNING_SYSTEM_ACTION_RESPONSE","parameterCode":"activePrisoners","parameterDescription":"Active Prisoners","parameterType":"String","createDatetime":1702264756483,"modifyDatetime":1702264756483,"modifyUserId":"OMS_OWNER"},{"createUserId":"OMS_OWNER","parameterId":2114,"queryKey":"FORMAT_LEARNING_SYSTEM_ACTION_RESPONSE","parameterCode":"offenderBookingDetails","parameterDescription":"Offender Booking Details","parameterType":"String","createDatetime":1710200917190}],"createUserId":"OMS_OWNER","apiId":"FORMAT_LEARNING_SYSTEM_ACTION_RESPONSE","apiDescription":"Format Learning System Action Response","queryKey":"FORMAT_LEARNING_SYSTEM_ACTION_RESPONSE","url":"Elite2Web/api/serviceBusController/convertJson","queryId":0,"createDatetime":1667813879000,"modifyDatetime":1702264756000,"modifyUserId":"OMS_OWNER","category":"CLIENT"}]