[{"quickAction":[{"queryId":125,"queryKey":"GET_ACTIVE_OFFENDERS","queryText":"SELECT offender_book_id\nFROM v_offenders\nWHERE active_flag = 'Y'\nAND offender_book_id NOT IN (\n    SELECT offender_book_id\n    FROM offender_alerts\n    WHERE (alert_code = 'S68' OR alert_code = 'ENP')\n    AND alert_status = 'ACTIVE'\n)\nAND offender_book_id NOT IN (\n    SELECT offender_book_id\n    FROM offender_escapes where readmission_date is null AND recapture_date is null\n)","queryDesc":"Get Active Offenders","category":"CLIENT"}],"actionParams":[],"createUserId":"OMS_OWNER","apiId":"GET_ACTIVE_OFFENDERS","apiDescription":"Get Active Offenders","queryKey":"GET_ACTIVE_OFFENDERS","url":"Elite2Web/api/cmdaction/executeSelectQuery","queryId":0,"createDatetime":1667548058000,"modifyDatetime":1675119009000,"modifyUserId":"OMS_OWNER","category":"CLIENT"},{"quickAction":[{"queryId":133,"queryKey":"GET_ACTIVE_ESCAPEES","queryText":"select offender_book_id from (select\n*\nfrom\noffender_escapes oe\nwhere\noe.recapture_date is null\nand oe.readmission_date is null\nand oe.escape_movement_reason = 'ESCP')oea\nwhere escape_id =(select max(escape_id) from offender_escapes where offender_book_id =oea.offender_book_id)\nexcept (select offender_book_id from offender_alerts oa where (alert_code = 'S68' or alert_code = 'ENP') and alert_status = 'ACTIVE')","queryDesc":"Get Active Escapees","category":"CLIENT"}],"actionParams":[],"createUserId":"OMS_OWNER","apiId":"GET_ACTIVE_ESCAPEES","apiDescription":"Get Active Escapees","queryKey":"GET_ACTIVE_ESCAPEES","url":"Elite2Web/api/cmdaction/executeSelectQuery","queryId":0,"createDatetime":1667549844000,"modifyDatetime":1667549844000,"category":"CLIENT"}]