[{"quickAction":[{"queryId":574,"queryKey":"INSERT_PNIN_RECORD","queryText":"insert\n\tinto\n\toffender_identifiers(offender_id,\n\toffender_id_seq,\n\tidentifier_type,\n\tidentifier,\n\tissued_date,\n\troot_offender_id,\n\tverified_flag,\n\tcreate_datetime,\n\tcreate_user_id)\nvalues(\n:offenderId::bigint,\nto_char((select coalesce((select offender_id_seq from offender_identifiers where offender_id = :offenderId::bigint)::bigint+1,1))),\n'PNIN',\nto_char(:identifier),\ncurrent_timestamp,\n:rootOffenderId::bigint,\n'N',\ncurrent_timestamp,\n:createUserId)","queryDesc":"Insert PNIN Record","category":"CLIENT"}],"actionParams":[{"createUserId":"OMS_OWNER","parameterId":2110,"queryKey":"INSERT_PNIN_RECORD","parameterCode":"identifier","parameterDescription":"Identifier","parameterType":"String","createDatetime":1709512857392},{"createUserId":"OMS_OWNER","parameterId":2109,"queryKey":"INSERT_PNIN_RECORD","parameterCode":"offenderId","parameterDescription":"Offender Id","parameterType":"Number","createDatetime":1709512857392},{"createUserId":"OMS_OWNER","parameterId":2111,"queryKey":"INSERT_PNIN_RECORD","parameterCode":"rootOffenderId","parameterDescription":"Root Offender Id","parameterType":"Number","createDatetime":1709512857392}],"createUserId":"OMS_OWNER","apiId":"INSERT_PNIN_RECORD","apiDescription":"Insert PNIN Record","queryKey":"INSERT_PNIN_RECORD","url":"Elite2Web/api/cmdaction/executeUpdateQuery","queryId":0,"createDatetime":1709514027000,"category":"CLIENT"},{"quickAction":[{"queryId":573,"queryKey":"GET_PNIN_DETAILS","queryText":"select\n\toi.root_offender_id,\n\toi.offender_id, \n\toi.identifier_type, \n\toi.identifier \nfrom\n\toffender_identifiers oi\nwhere\n\troot_offender_id= :rootOffenderId \n\tand identifier = :pnin\n\tand identifier_type = 'PNIN'","queryDesc":"Get PNIN Details","category":"CLIENT"}],"actionParams":[{"createUserId":"OMS_OWNER","parameterId":2107,"queryKey":"GET_PNIN_DETAILS","parameterCode":"rootOffenderId","parameterDescription":"Root Offender Id","parameterType":"Number","createDatetime":1709511803508},{"createUserId":"OMS_OWNER","parameterId":2108,"queryKey":"GET_PNIN_DETAILS","parameterCode":"pnin","parameterDescription":"PNIN","parameterType":"String","createDatetime":1709511822791}],"createUserId":"OMS_OWNER","apiId":"GET_PNIN_DETAILS","apiDescription":"Get PNIN Details","queryKey":"GET_PNIN_DETAILS","url":"Elite2Web/api/cmdaction/executeSelectQuery","queryId":0,"createDatetime":1709511867000,"category":"CLIENT"}]