[{"quickAction":[{"queryId":487,"queryKey":"GET_STAFF_DETAILS_BY_TEAM_MEMBER_ID","queryText":"select\n    sm.first_name,\n\tsm.last_name,\n\tSTRING_AGG(ia.internet_address, ',') AS internet_addresses\nfrom\n\tinternet_addresses ia,\n\tteam_staff_members tsm ,\n\tstaff_members sm \nwhere\n\tia.owner_class = 'STF' and \n\tsm.staff_id =tsm.staff_id \n\tand tsm.staff_id = ia.owner_id \n\tand tsm.team_member_id =:teamMemberId \n\tgroup by\n\tsm.first_name,\n\tsm.last_name\n","queryDesc":"Get Staff Details By Team member Id","category":"CLIENT"}],"actionParams":[{"createUserId":"OMS_OWNER","parameterId":1593,"queryKey":"GET_STAFF_DETAILS_BY_TEAM_MEMBER_ID","parameterCode":"teamMemberId","parameterDescription":"Team Member Id","parameterType":"Number","createDatetime":1700478295738,"modifyDatetime":1700478295738}],"createUserId":"OMS_OWNER","apiId":"GET_STAFF_DETAILS_BY_TEAM_MEMBER_ID","apiDescription":"Get Staff Details By Team Member Id","queryKey":"GET_STAFF_DETAILS_BY_TEAM_MEMBER_ID","url":"Elite2Web/api/cmdaction/executeSelectQuery","queryId":0,"createDatetime":1700478334000,"modifyDatetime":1700478334000,"category":"CLIENT"},{"quickAction":[{"queryId":187,"queryKey":"GET_OFFENDER_DETAILS","queryText":"SELECT \n    vo.offender_book_id,\n    vo.offender_id,\n    vo.offender_id_display,\n    vo.first_name,\n    vo.last_name,\n    vo.middle_name,\n    vo.birth_date,\n    o.second_middle_name, \n    ref_code.description sex_code,\n   to_char(vo.birth_date,'DD/MM/YYYYY') as dob,\n  (select description from agency_locations al where agy_loc_id= vo.agy_loc_id ) as facility,\n  (select description from agency_locations al where agy_loc_id= vhb.intake_agy_loc_id ) as comm_facility\nFROM \n    v_offenders vo,\n    reference_codes ref_code,\n\t v_header_block vhb,\n    offenders o\nwhere\n    ref_code.domain = 'SEX' and \n \tref_code.code= vo.sex_code and\n \to.offender_id = vo.offender_id and\n\tvhb.offender_book_id =vo.offender_book_id  and \n    vo.offender_book_id = :offenderBookId","queryDesc":"Get Offender Details","category":"CLIENT"}],"actionParams":[{"createUserId":"OMS_OWNER","parameterId":1582,"queryKey":"GET_OFFENDER_DETAILS","parameterCode":"offenderBookId","parameterDescription":"Offender Book Id","parameterType":"Number","createDatetime":1699867826699,"modifyDatetime":1699867826699}],"createUserId":"OMS_OWNER","apiId":"GET_OFFENDER_DETAILS","apiDescription":"Get Offender Details","queryKey":"GET_OFFENDER_DETAILS","url":"Elite2Web/api/cmdaction/executeSelectQuery","queryId":0,"createDatetime":1661260547000,"modifyDatetime":1699867826000,"modifyUserId":"OMS_OWNER","category":"CLIENT"}]