[{"quickAction":[{"queryId":263,"queryKey":"REGISTER_THE_JSON_REQUEST_DATA","queryText":"insert into external_system_response(int_correlation_id,module_name,action,request_payload,action_performed_by,request_sent) \nvalues (:intCorrelationId::int8,:moduleName,'External PIN Offender Search',:formInfoJson,:actionPerformedBy,current_timestamp) ","queryDesc":"Register the JSON request data","category":"PRODUCT"}],"actionParams":[{"createUserId":"NAVI","parameterId":463,"queryKey":"REGISTER_THE_JSON_REQUEST_DATA","parameterCode":"intCorrelationId","parameterDescription":"Int Correlation Id","parameterType":"String","createDatetime":1689618873605},{"createUserId":"NAVI","parameterId":454,"queryKey":"REGISTER_THE_JSON_REQUEST_DATA","parameterCode":"moduleName","parameterDescription":"Module Name","parameterType":"String","createDatetime":1689177069835,"modifyDatetime":1691410610024,"modifyUserId":"NAVI"},{"createUserId":"NAVI","parameterId":494,"queryKey":"REGISTER_THE_JSON_REQUEST_DATA","parameterCode":"actionPerformedBy","parameterDescription":"Action Performed By","parameterType":"String","createDatetime":1691410610024},{"createUserId":"NAVI","parameterId":493,"queryKey":"REGISTER_THE_JSON_REQUEST_DATA","parameterCode":"formInfoJson","parameterDescription":"Request Payload","parameterType":"String","createDatetime":1691410610024,"modifyDatetime":1691412904242,"modifyUserId":"NAVI"}],"createUserId":"NAVI","apiId":"REGISTER_THE_JSON_REQUEST_DATA","apiDescription":"Register JSON Request Data","queryKey":"REGISTER_THE_JSON_REQUEST_DATA","url":"Elite2Web/api/cmdaction/executeUpdateQuery","queryId":0,"createDatetime":1691411666000,"category":"PRODUCT"}]