[{"quickAction":[{"queryId":330,"queryKey":"FORMAT_OFFENDER_NOT_FOUND_ACTION_RESPONSE","queryText":"select 1 from dual  ","queryDesc":"Format Offender Not Found Action Response","category":"CLIENT"}],"actionParams":[{"createUserId":"OMS_OWNER","parameterId":1760,"queryKey":"FORMAT_OFFENDER_NOT_FOUND_ACTION_RESPONSE","parameterCode":"offenderBookId","parameterDescription":"Offender Book Id","parameterType":"String","createDatetime":1701836862351,"modifyDatetime":1701836862351},{"createUserId":"OMS_OWNER","parameterId":1761,"queryKey":"FORMAT_OFFENDER_NOT_FOUND_ACTION_RESPONSE","parameterCode":"offenderDetails","parameterDescription":"Offender Details","parameterType":"String","createDatetime":1701836862351,"modifyDatetime":1701836862351},{"createUserId":"OMS_OWNER","parameterId":1762,"queryKey":"FORMAT_OFFENDER_NOT_FOUND_ACTION_RESPONSE","parameterCode":"specificationKey","parameterDescription":"Specification Key","parameterType":"String","createDatetime":1701836862351,"modifyDatetime":1701836862351},{"createUserId":"OMS_OWNER","parameterId":1763,"queryKey":"FORMAT_OFFENDER_NOT_FOUND_ACTION_RESPONSE","parameterCode":"userDetails","parameterDescription":"User Details","parameterType":"String","createDatetime":1701836862351,"modifyDatetime":1701836862351},{"createUserId":"OMS_OWNER","parameterId":1764,"queryKey":"FORMAT_OFFENDER_NOT_FOUND_ACTION_RESPONSE","parameterCode":"correlationId","parameterDescription":"Correlation Id","parameterType":"String","createDatetime":1701836862351,"modifyDatetime":1701836862351},{"createUserId":"OMS_OWNER","parameterId":2074,"queryKey":"FORMAT_OFFENDER_NOT_FOUND_ACTION_RESPONSE","parameterCode":"identifier","parameterDescription":"Pin","parameterType":"String","createDatetime":1708490492062,"modifyDatetime":1708490610215,"modifyUserId":"OMS_OWNER"}],"createUserId":"OMS_OWNER","apiId":"FORMAT_OFFENDER_NOT_FOUND_ACTION_RESPONSE","apiDescription":"Format Offender Not Found Action Response","queryKey":"FORMAT_OFFENDER_NOT_FOUND_ACTION_RESPONSE","url":"Elite2Web/api/serviceBusController/convertJson","queryId":0,"createDatetime":1667697565000,"modifyDatetime":1701836862000,"modifyUserId":"OMS_OWNER","category":"CLIENT"}]