[{"quickAction":[{"queryId":172,"queryKey":"GET_OFFENDER_PROFILE_DETAILS","queryText":"select\n\t(\n\tselect\n\t\tprofile_code nationality\n\tfrom\n\t\tOFFENDER_PROFILE_DETAILS\n\twhere\n\t\tprofile_type = 'CULTURE'\n\t\tand offender_book_id = :offenderBookId) as nationality,\n\t(\n\tselect \n\t\tdescription \n\tfrom \n\t\tprofile_codes pc \n\twhere \n\t\tprofile_code = (select profile_code from OFFENDER_PROFILE_DETAILS where profile_type = 'HAIR'and offender_book_id = :offenderBookId)\n\t\tand profile_type = 'HAIR') as hair,\n\t(\n\tselect \n\t\tdescription \n\tfrom \n\t\tprofile_codes pc \n\twhere \n\t\tprofile_code = (select profile_code from OFFENDER_PROFILE_DETAILS where profile_type = 'EYE'and offender_book_id = :offenderBookId)\n\t\tand profile_type = 'EYE') as eye,\n\t(\n\tselect \n\t\tdescription \n\tfrom \n\t\tprofile_codes pc \n\twhere \n\t\tprofile_code = (select profile_code from OFFENDER_PROFILE_DETAILS where profile_type = 'BUILD'and offender_book_id = :offenderBookId)\n\t\tand profile_type = 'BUILD') as build,\n\t(select\n\t\tprofile_code ethnicity\n\tfrom\n\t\tOFFENDER_PROFILE_DETAILS\n\twhere\n\t\tprofile_type = 'ETHNICITY'\n\t\tand offender_book_id = :offenderBookId) as ethnicity,\n\t(select\n\t\tprofile_code religion\n\tfrom\n\t\tOFFENDER_PROFILE_DETAILS\n\twhere\n\t\tprofile_type = 'RELIGION'\n\t\tand offender_book_id = :offenderBookId) religion,\n\t'TBD' descriptionDate","queryDesc":"Get Offender Profile Details","category":"CLIENT"}],"actionParams":[{"createUserId":"KARTHI","parameterId":250,"queryKey":"GET_OFFENDER_PROFILE_DETAILS","parameterCode":"offenderBookId","parameterDescription":"Offender Book Id","parameterType":"Number","createDatetime":1673337144300,"modifyDatetime":1673338451304,"modifyUserId":"KARTHI"}],"createUserId":"KARTHI","apiId":"GET_OFFENDER_PROFILE_DETAILS","apiDescription":"Get Offender Profile Details","queryKey":"GET_OFFENDER_PROFILE_DETAILS","url":"Elite2Web/api/cmdaction/executeSelectQuery","queryId":0,"createDatetime":1673337182000,"modifyDatetime":1673337182000,"category":"CLIENT"}]