[{"quickAction":[{"queryId":119,"queryKey":"UPDATE_ACCOUNT_BALANCE","queryText":"SELECT 1 FROM DUEL","queryDesc":"Update  Account  Balance","category":"CLIENT"}],"actionParams":[{"createUserId":"OMS_OWNER","parameterId":145,"queryKey":"UPDATE_ACCOUNT_BALANCE","parameterCode":"accountsData","parameterDescription":"accountsData","parameterType":"String","createDatetime":1667544089878,"modifyDatetime":1667544089878}],"createUserId":"OMS_OWNER","apiId":"UPDATE_ACCOUNT_BALANCE","apiDescription":"Update Account Balance","queryKey":"UPDATE_ACCOUNT_BALANCE","url":"Elite2Web/api/Oiiobalx/MaintainOffenderExternalBalance","queryId":0,"createDatetime":1667559079000,"modifyDatetime":1667559079000},{"quickAction":[{"queryId":120,"queryKey":"FORMAT_ACCOUNT_BALANCE_QUEUE","queryText":"SELECT 1 FROM DUAL","queryDesc":"Format Account Balance Queue Data","category":"CLIENT"}],"actionParams":[{"createUserId":"OMS_OWNER","parameterId":146,"queryKey":"FORMAT_ACCOUNT_BALANCE_QUEUE","parameterCode":"inputData","parameterDescription":"inputData","parameterType":"String","createDatetime":1667544731279,"modifyDatetime":1667544731279},{"createUserId":"OMS_OWNER","parameterId":147,"queryKey":"FORMAT_ACCOUNT_BALANCE_QUEUE","parameterCode":"specificationKey","parameterDescription":"specificationKey","parameterType":"String","createDatetime":1667544731279,"modifyDatetime":1667544731279}],"createUserId":"OMS_OWNER","apiId":"FORMAT_ACCOUNT_BALANCE_QUEUE","apiDescription":"Format Account Balance Queue Data","queryKey":"FORMAT_ACCOUNT_BALANCE_QUEUE","url":"Elite2Web/api/serviceBusController/convertJson","queryId":0,"createDatetime":1667558398000,"modifyDatetime":1667558398000}]