[{"quickAction":[{"queryId":324,"queryKey":"GET_STAFF_DETAILS_AND_MAIL_ID_BY_STAFF_ID","queryText":"select sm.first_name, sm.last_name, STRING_AGG(ia.internet_address, ',') as internet_addresses from staff_members sm left join internet_addresses ia on sm.staff_id = ia.owner_id and ia.owner_class = 'STF' where sm.staff_id = :staffId group by sm.first_name, sm.last_name","queryDesc":"Get Staff Details And Mail Id by Staff Id","category":"CLIENT"}],"actionParams":[{"createUserId":"OMS_OWNER","parameterId":640,"queryKey":"GET_STAFF_DETAILS_AND_MAIL_ID_BY_STAFF_ID","parameterCode":"staffId","parameterDescription":"Staff Id","parameterType":"Number","createDatetime":1697195979157,"modifyDatetime":1697195979157}],"createUserId":"OMS_OWNER","apiId":"GET_STAFF_DETAILS_AND_MAIL_ID_BY_STAFF_ID","apiDescription":"Get Staff Details And Mail Id by Staff Id","queryKey":"GET_STAFF_DETAILS_AND_MAIL_ID_BY_STAFF_ID","url":"Elite2Web/api/cmdaction/executeSelectQuery","queryId":0,"createDatetime":1697195923000,"modifyDatetime":1697195923000,"category":"CLIENT"}]