[{"quickAction":[{"queryId":537,"queryKey":"GET_COURT_EVENT_DETAILS_FOR_FUTURE_COURT_EVENTS","queryText":"select\n\tto_char(ce.event_date, 'DD/MM/YYYY') as event_date,\n\tTO_CHAR(ce.start_time, 'HH24:MI') as start_time,\n\tce.appearance_location\nfrom\n\tcourt_events ce\nwhere\n\toffender_book_id = :offenderBookId\n\tand (appearance_type = 'VID' or appearance_type = 'OME')\n\tand start_time >= current_timestamp","queryDesc":"Get Court Event Details for Future Court Events","category":"CLIENT"}],"actionParams":[{"createUserId":"OMS_OWNER","parameterId":1986,"queryKey":"GET_COURT_EVENT_DETAILS_FOR_FUTURE_COURT_EVENTS","parameterCode":"offenderBookId","parameterDescription":"Offender Book Id","parameterType":"Number","createDatetime":1706161893051}],"createUserId":"OMS_OWNER","apiId":"GET_COURT_EVENT_DETAILS_FOR_FUTURE_COURT_EVENTS","apiDescription":"Get Court Event Details for Future Court Events","queryKey":"GET_COURT_EVENT_DETAILS_FOR_FUTURE_COURT_EVENTS","url":"Elite2Web/api/cmdaction/executeSelectQuery","queryId":0,"createDatetime":1706161931000,"category":"CLIENT"},{"quickAction":[{"queryId":481,"queryKey":"GET_TEAM_MAIL_ID","queryText":"select\n\tSTRING_AGG(distinct (at1.team_email), ',') as team_email\nfrom\n\tautomation_teams at1,\n\tteam_functions tf\nwhere\n\ttf.function_type = :function\n\tand at1.team_id = tf.team_id\n\tand at1.team_email is not null\n    and trim(at1.team_email)  <> ''","queryDesc":"Get Team Mail Id","category":"CLIENT"}],"actionParams":[{"createUserId":"OMS_OWNER","parameterId":1981,"queryKey":"GET_TEAM_MAIL_ID","parameterCode":"function","parameterDescription":"Function","parameterType":"String","createDatetime":1705543517491}],"createUserId":"OMS_OWNER","apiId":"GET_TEAM_MAIL_ID","apiDescription":"Get Team Mail Id","queryKey":"GET_TEAM_MAIL_ID","url":"Elite2Web/api/cmdaction/executeSelectQuery","queryId":0,"createDatetime":1699415477000,"modifyDatetime":1705543517000,"modifyUserId":"OMS_OWNER","category":"CLIENT"},{"quickAction":[{"queryId":187,"queryKey":"GET_OFFENDER_DETAILS","queryText":"select vo.offender_book_id, vo.offender_id, vo.offender_id_display, vo.first_name, vo.last_name, vo.middle_name, vo.birth_date, o.second_middle_name, ref_code.description sex_code, to_char(vo.birth_date, 'DD/MM/YYYY') as dob, vo.agy_loc_id, ( select description from agency_locations al where agy_loc_id = vo.agy_loc_id ) as facility, ( select description from agency_locations al where agy_loc_id = vhb.intake_agy_loc_id ) as comm_facility from v_offenders vo, reference_codes ref_code, v_header_block vhb, offenders o where ref_code.domain = 'SEX' and ref_code.code = vo.sex_code and o.offender_id = vo.offender_id and vhb.offender_book_id = vo.offender_book_id and vo.offender_book_id = :offenderBookId","queryDesc":"Get Offender Details","category":"CLIENT"}],"actionParams":[{"createUserId":"OMS_OWNER","parameterId":1982,"queryKey":"GET_OFFENDER_DETAILS","parameterCode":"offenderBookId","parameterDescription":"Offender Book Id","parameterType":"Number","createDatetime":1705543517491}],"createUserId":"OMS_OWNER","apiId":"GET_OFFENDER_DETAILS","apiDescription":"Get Offender Details","queryKey":"GET_OFFENDER_DETAILS","url":"Elite2Web/api/cmdaction/executeSelectQuery","queryId":0,"createDatetime":1661240747000,"modifyDatetime":1705543517000,"modifyUserId":"OMS_OWNER","category":"CLIENT"}]