[{"quickAction":[{"queryId":143,"queryKey":"NOTIFY_SERVICE_BUS","queryText":"select 1 from dual","queryDesc":"Notify Service Bus","category":"CLIENT"}],"actionParams":[{"createUserId":"OMS_OWNER","parameterId":190,"queryKey":"NOTIFY_SERVICE_BUS","parameterCode":"OffenderDetails","parameterDescription":"Offender Details","parameterType":"String","createDatetime":1667777004424,"modifyDatetime":1667777004424}],"createUserId":"OMS_OWNER","apiId":"NOTIFY_SERVICE_BUS","apiDescription":"Notify Service Bus","queryKey":"NOTIFY_SERVICE_BUS","url":"Elite2Web/api/externalsystem/connectExternalSystem","queryId":0,"createDatetime":1667777004000,"modifyDatetime":1667777004000,"category":"CLIENT"},{"quickAction":[{"queryId":133,"queryKey":"GET_ACTIVE_ESCAPEES","queryText":"select offender_book_id from (select\n*\nfrom\noffender_escapes oe\nwhere\noe.recapture_date is null\nand oe.readmission_date is null)oea\nwhere escape_id =(select max(escape_id) from offender_escapes where offender_book_id =oea.offender_book_id)","queryDesc":"Get Active Escapees","category":"CLIENT"}],"actionParams":[],"createUserId":"OMS_OWNER","apiId":"GET_ACTIVE_ESCAPEES","apiDescription":"Get Active Escapees","queryKey":"GET_ACTIVE_ESCAPEES","url":"Elite2Web/api/cmdaction/executeSelectQuery","queryId":0,"createDatetime":1667549844000,"modifyDatetime":1667549844000,"category":"CLIENT"},{"quickAction":[{"queryId":132,"queryKey":"GET_OFFENDERS_DISCHARGED_LAST_WEEK","queryText":"select\noem.offender_book_id,\noem.movement_date movement_date\nfrom\noffender_external_movements oem\nwhere\n oem.movement_reason_code = 'DISC'\nand (sysdate()::date - oem.movement_date::date)<7","queryDesc":"Get Offenders Discharged Last Week","category":"CLIENT"}],"actionParams":[],"createUserId":"OMS_OWNER","apiId":"GET_OFFENDERS_DISCHARGED_LAST_WEEK","apiDescription":"Get Offenders Discharged Last Week","queryKey":"GET_OFFENDERS_DISCHARGED_LAST_WEEK","url":"Elite2Web/api/cmdaction/executeSelectQuery","queryId":0,"createDatetime":1667549702000,"modifyDatetime":1667549702000,"category":"CLIENT"},{"quickAction":[{"queryId":131,"queryKey":"GET_BULK_OFFENDER_RELEASE","queryText":"select\n\t*,\n\tcase\n\t\twhen movement_type  = 'REL' then movement_time\n\t\telse null end release_date\n\tfrom\n\t\toffender_external_movements oem,\n\t\t(\n\t\tselect\n\t\t\tmax(movement_seq)max_seq,\n\t\t\toffender_book_id\n\t\tfrom\n\t\t\toffender_external_movements\n\t\tgroup by\n\t\t\toffender_book_id)oem2\n\twhere\n\t\toem.offender_book_id = oem2.offender_book_id\n\t\tand oem.movement_seq = oem2.max_seq\n\t\tand oem.offender_book_id in (:offenderBookIds)","queryDesc":"Get Bulk Offender Release","category":"CLIENT"}],"actionParams":[{"createUserId":"OMS_OWNER","parameterId":166,"queryKey":"GET_BULK_OFFENDER_RELEASE","parameterCode":"offenderBookIds","parameterDescription":"Offender Book Ids","parameterType":"List","createDatetime":1667549510693,"modifyDatetime":1667549561084,"modifyUserId":"OMS_OWNER"}],"createUserId":"OMS_OWNER","apiId":"GET_BULK_OFFENDER_RELEASE","apiDescription":"Get Bulk Offender Release","queryKey":"GET_BULK_OFFENDER_RELEASE","url":"Elite2Web/api/cmdaction/executeSelectQuery","queryId":0,"createDatetime":1667549542000,"modifyDatetime":1667549542000,"category":"CLIENT"},{"quickAction":[{"queryId":130,"queryKey":"GET_BULK_OFFENDER_ESCAPE","queryText":"SELECT\n    *\nFROM\n    (\n        SELECT\n            vo.offender_book_id,\n            oe.escape_date,\n            oe.recapture_date\n        FROM\n            v_offenders  vo\n            LEFT JOIN (\n                SELECT\n                    a.offender_book_id,\n                    a.escape_date,\n                    a.recapture_date\n                FROM\n                    offender_escapes  a,\n                    (\n                        SELECT\n                            MAX(escape_id) max_escape_id,\n                            offender_book_id\n                        FROM\n                            offender_escapes\n                        GROUP BY\n                            offender_book_id\n                    )                 b\n                WHERE\n                        a.offender_book_id = b.offender_book_id\n                    AND a.escape_id = b.max_escape_id\n            )            oe ON vo.offender_book_id = oe.offender_book_id\n    ) d\nWHERE\n    offender_book_id IN (:offenderBookIds)\nORDER BY\n    offender_book_id","queryDesc":"Get Bulk Offender Escape","category":"CLIENT"}],"actionParams":[{"createUserId":"OMS_OWNER","parameterId":165,"queryKey":"GET_BULK_OFFENDER_ESCAPE","parameterCode":"offenderBookIds","parameterDescription":"Offender Book Ids","parameterType":"Date","createDatetime":1667549340268,"modifyDatetime":1667549340268}],"createUserId":"OMS_OWNER","apiId":"GET_BULK_OFFENDER_ESCAPE","apiDescription":"Get Bulk Offender Escape","queryKey":"GET_BULK_OFFENDER_ESCAPE","url":"Elite2Web/api/cmdaction/executeSelectQuery","queryId":0,"createDatetime":1667549405000,"modifyDatetime":1667549405000,"category":"CLIENT"},{"quickAction":[{"queryId":129,"queryKey":"GET_BULK_OFFENDER_HOUSING","queryText":"SELECT \n    lu.level_1_code housing_lev_1_code,\n    lu.level_2_code housing_lev_2_code,\n    lu.level_3_code housing_lev_3_code\nFROM v_offenders vo,\n    living_units lu\nwhere\n    lu.living_unit_id  = vo.living_unit_id and\n   vo.offender_book_id in (:offenderBookIds) order by vo.offender_book_id","queryDesc":"Get Bulk Offender Housing","category":"CLIENT"}],"actionParams":[{"createUserId":"OMS_OWNER","parameterId":164,"queryKey":"GET_BULK_OFFENDER_HOUSING","parameterCode":"offenderBookIds","parameterDescription":"Offender Book Ids","parameterType":"List","createDatetime":1667549104246,"modifyDatetime":1667549104246}],"createUserId":"OMS_OWNER","apiId":"GET_BULK_OFFENDER_HOUSING","apiDescription":"Get Bulk Offender Housing","queryKey":"GET_BULK_OFFENDER_HOUSING","url":"Elite2Web/api/cmdaction/executeSelectQuery","queryId":0,"createDatetime":1667549137000,"modifyDatetime":1667549137000,"category":"CLIENT"},{"quickAction":[{"queryId":128,"queryKey":"GET_BULK_OFFENDER_BOOKINGS","queryText":"SELECT \n    ob.booking_no,\n    ob.booking_begin_date,\n    ob.booking_status,\n    ob.agy_loc_id,\n    ob.living_unit_id\nFROM \n    offender_bookings ob\nwhere\n    ob.offender_book_id in (:offenderBookIds) order by ob.offender_book_id","queryDesc":"Get Bulk Offender Bookings","category":"CLIENT"}],"actionParams":[{"createUserId":"OMS_OWNER","parameterId":163,"queryKey":"GET_BULK_OFFENDER_BOOKINGS","parameterCode":"offenderBookIds","parameterDescription":"offender Book Ids","parameterType":"List","createDatetime":1667548695658,"modifyDatetime":1667549187091,"modifyUserId":"OMS_OWNER"}],"createUserId":"OMS_OWNER","apiId":"GET_BULK_OFFENDER_BOOKINGS","apiDescription":"Get Bulk Offender Bookings","queryKey":"GET_BULK_OFFENDER_BOOKINGS","url":"Elite2Web/api/cmdaction/executeSelectQuery","queryId":0,"createDatetime":1667548726000,"modifyDatetime":1667548726000,"category":"CLIENT"},{"quickAction":[{"queryId":127,"queryKey":"GET_BULK_OFFENDER_DETAILS","queryText":"SELECT \n    vo.offender_book_id,\n    vo.offender_id,\n    vo.offender_id_display,\n    vo.first_name,\n    vo.last_name,\n    vo.middle_name,\n    vo.birth_date,\n    vo.sex_code\nFROM \n    v_offenders vo\nwhere\n    vo.offender_book_id in (:offenderBookIds) order by vo.offender_book_id","queryDesc":"Get Bulk Offender Details","category":"CLIENT"}],"actionParams":[{"createUserId":"OMS_OWNER","parameterId":162,"queryKey":"GET_BULK_OFFENDER_DETAILS","parameterCode":"offenderBookIds","parameterDescription":"offender Book Ids","parameterType":"List","createDatetime":1667548534813,"modifyDatetime":1667548534813}],"createUserId":"OMS_OWNER","apiId":"GET_BULK_OFFENDER_DETAILS","apiDescription":"Get Bulk Offender Details","queryKey":"GET_BULK_OFFENDER_DETAILS","url":"Elite2Web/api/cmdaction/executeSelectQuery","queryId":0,"createDatetime":1667548575000,"modifyDatetime":1667548575000,"category":"CLIENT"},{"quickAction":[{"queryId":126,"queryKey":"FORMAT_CURRENT_OFFENDERS_ACTION_RESPONSE","queryText":"Select 1 from dual","queryDesc":"Format Current Offenders Action Response","category":"CLIENT"}],"actionParams":[{"createUserId":"OMS_OWNER","parameterId":158,"queryKey":"FORMAT_CURRENT_OFFENDERS_ACTION_RESPONSE","parameterCode":"specificationKey","parameterDescription":"specificationKey","parameterType":"String","createDatetime":1667548224472,"modifyDatetime":1667548224472},{"createUserId":"OMS_OWNER","parameterId":159,"queryKey":"FORMAT_CURRENT_OFFENDERS_ACTION_RESPONSE","parameterCode":"activePrisoners","parameterDescription":"Active Prisoners","parameterType":"String","createDatetime":1667548224472,"modifyDatetime":1667548224472},{"createUserId":"OMS_OWNER","parameterId":160,"queryKey":"FORMAT_CURRENT_OFFENDERS_ACTION_RESPONSE","parameterCode":"releasePrisoners","parameterDescription":"Release Prisoners","parameterType":"String","createDatetime":1667548224472,"modifyDatetime":1667548224472},{"createUserId":"OMS_OWNER","parameterId":161,"queryKey":"FORMAT_CURRENT_OFFENDERS_ACTION_RESPONSE","parameterCode":"escapePrisoners","parameterDescription":"Escape Prisoners","parameterType":"String","createDatetime":1667548224472,"modifyDatetime":1667548224472}],"createUserId":"OMS_OWNER","apiId":"FORMAT_CURRENT_OFFENDERS_ACTION_RESPONSE","apiDescription":"Format Current Offenders Action Response","queryKey":"FORMAT_CURRENT_OFFENDERS_ACTION_RESPONSE","url":"Elite2Web/api/serviceBusController/convertJson","queryId":0,"createDatetime":1667548324000,"modifyDatetime":1667548324000,"category":"CLIENT"},{"quickAction":[{"queryId":125,"queryKey":"GET_ACTIVE_OFFENDERS","queryText":"select offender_book_id from v_offenders where active_flag = 'Y' except (select offender_book_id from offender_alerts oa where alert_code = 'S68' or alert_code = 'ENP')","queryDesc":"Get Active Offenders","category":"CLIENT"}],"actionParams":[],"createUserId":"OMS_OWNER","apiId":"GET_ACTIVE_OFFENDERS","apiDescription":"Get Active Offenders","queryKey":"GET_ACTIVE_OFFENDERS","url":"Elite2Web/api/cmdaction/executeSelectQuery","queryId":0,"createDatetime":1667548058000,"modifyDatetime":1667548058000,"category":"CLIENT"},{"quickAction":[{"queryId":121,"queryKey":"FORMAT_ACTIVE_OFFENDERS_ACTION_RESPONSE","queryText":"Select 1 from dual","queryDesc":"Format Active Offenders Action Response","category":"CLIENT"}],"actionParams":[{"createUserId":"OMS_OWNER","parameterId":148,"queryKey":"FORMAT_ACTIVE_OFFENDERS_ACTION_RESPONSE","parameterCode":"escapeDetails","parameterDescription":"Escape Details","parameterType":"String","createDatetime":1667537391461,"modifyDatetime":1667537391461},{"createUserId":"OMS_OWNER","parameterId":149,"queryKey":"FORMAT_ACTIVE_OFFENDERS_ACTION_RESPONSE","parameterCode":"offenderBookingDetails","parameterDescription":"Offender Booking Details","parameterType":"String","createDatetime":1667537391461,"modifyDatetime":1667537391461},{"createUserId":"OMS_OWNER","parameterId":150,"queryKey":"FORMAT_ACTIVE_OFFENDERS_ACTION_RESPONSE","parameterCode":"offenderDetails","parameterDescription":"Offender Details","parameterType":"String","createDatetime":1667543495613,"modifyDatetime":1667543495613},{"createUserId":"OMS_OWNER","parameterId":151,"queryKey":"FORMAT_ACTIVE_OFFENDERS_ACTION_RESPONSE","parameterCode":"offenderHousingDetails","parameterDescription":"Offender Housing Details","parameterType":"String","createDatetime":1667543495613,"modifyDatetime":1667543495613},{"createUserId":"OMS_OWNER","parameterId":152,"queryKey":"FORMAT_ACTIVE_OFFENDERS_ACTION_RESPONSE","parameterCode":"offenderReleaseDetails","parameterDescription":"Offender Release Details","parameterType":"String","createDatetime":1667543495613,"modifyDatetime":1667543495613},{"createUserId":"OMS_OWNER","parameterId":153,"queryKey":"FORMAT_ACTIVE_OFFENDERS_ACTION_RESPONSE","parameterCode":"specificationKey","parameterDescription":"specificationKey","parameterType":"String","createDatetime":1667543495613,"modifyDatetime":1667543495613},{"createUserId":"OMS_OWNER","parameterId":154,"queryKey":"FORMAT_ACTIVE_OFFENDERS_ACTION_RESPONSE","parameterCode":"staffDetails","parameterDescription":"Staff Details","parameterType":"String","createDatetime":1667543495613,"modifyDatetime":1667543495613}],"createUserId":"OMS_OWNER","apiId":"FORMAT_ACTIVE_OFFENDERS_ACTION_RESPONSE","apiDescription":"Format Active Offenders Action Response","queryKey":"FORMAT_ACTIVE_OFFENDERS_ACTION_RESPONSE","url":"Elite2Web/api/serviceBusController/convertJson","queryId":0,"createDatetime":1667543628000,"modifyDatetime":1667543628000,"category":"CLIENT"},{"quickAction":[{"queryId":21,"queryKey":"GET_STAFF_DETAILS","queryText":"select user_id, last_name, first_name, current_timestamp date_time from staff_members where user_id = :userId","queryDesc":"Get Staff Details","category":"CLIENT"}],"actionParams":[{"createUserId":"OMS_OWNER","parameterId":28,"queryKey":"GET_STAFF_DETAILS","parameterCode":"userId","parameterDescription":"User Id","parameterType":"String","createDatetime":1661267533000,"modifyDatetime":1667552073806,"modifyUserId":"OMS_OWNER"}],"createUserId":"OMS_OWNER","apiId":"GET_STAFF_DETAILS","apiDescription":"Get Staff Details","queryKey":"GET_STAFF_DETAILS","url":"Elite2Web/api/cmdaction/executeSelectQuery","queryId":0,"createDatetime":1661268205000,"modifyDatetime":1661268205000,"category":"CLIENT"}]