[{"quickAction":[{"queryId":301,"queryKey":"GET_TEAMS_BY_FUNCTION_CODE","queryText":"select\n\t(STRING_AGG(distinct(ATM.team_code), ',')) team_code\nfrom\n\tautomation_teams ATM\nwhere\n\t ATM.team_id in (\n\tselect\n\t\tteam_id\n\tfrom\n\t\tteam_functions\n\twhere\n\t\tfunction_type = :functionType)","queryDesc":"Get Teams By Function Code","category":"CLIENT"}],"actionParams":[{"createUserId":"OMS_OWNER","parameterId":526,"queryKey":"GET_TEAMS_BY_FUNCTION_CODE","parameterCode":"functionType","parameterDescription":"Function","parameterType":"String","createDatetime":1692749419899,"modifyDatetime":1692755176930,"modifyUserId":"OMS_OWNER"}],"createUserId":"OMS_OWNER","apiId":"GET_TEAMS_BY_FUNCTION_CODE","apiDescription":"Get Teams By Function Code","queryKey":"GET_TEAMS_BY_FUNCTION_CODE","url":"Elite2Web/api/cmdaction/executeSelectQuery","queryId":0,"createDatetime":1692749326000,"modifyDatetime":1692749326000,"category":"CLIENT"},{"quickAction":[{"queryId":42,"queryKey":"GET_OFFENDER_DETAILS","queryText":"SELECT \n    vo.offender_book_id,\n    vo.offender_id,\n    vo.offender_id_display,\n    vo.first_name,\n    vo.last_name,\n    vo.middle_name,\n    vo.birth_date,\n    o.second_middle_name, \n    ref_code.description sex_code,\n   to_char(vo.birth_date,'DD/MM/YYYYY') as dob,\n  (select description from agency_locations al where agy_loc_id= vo.agy_loc_id ) as facility\nFROM \n    v_offenders vo,\n    reference_codes ref_code,\n    offenders o\nwhere\n    ref_code.domain = 'SEX' and \n \tref_code.code= vo.sex_code and\n \to.offender_id = vo.offender_id and\n    vo.offender_book_id = :offenderBookId","queryDesc":"Get Offender Details","category":"CLIENT"}],"actionParams":[{"createUserId":"OMS_OWNER","parameterId":46,"queryKey":"GET_OFFENDER_DETAILS","parameterCode":"offenderBookId","parameterDescription":"Offender Book Id","parameterType":"Number","createDatetime":1662705229751,"modifyDatetime":1662705229751}],"createUserId":"OMS_OWNER","apiId":"GET_OFFENDER_DETAILS","apiDescription":"Get Offender Details","queryKey":"GET_OFFENDER_DETAILS","url":"Elite2Web/api/cmdaction/executeSelectQuery","queryId":0,"createDatetime":1662705289000,"modifyDatetime":1662705289000,"category":"CLIENT"}]