[{"quickAction":[{"queryId":245,"queryKey":"GET_BULK_ALIAS_DETAILS","queryText":"SELECT vhb.offender_book_id,\n     json_agg(json_build_object('first_name', o.first_name, 'surname', o.last_name, 'birth_date', o.birth_date)) AS alias_details\nFROM offenders o\nJOIN v_header_block vhb ON vhb.root_offender_id = o.root_offender_id\nWHERE vhb.offender_book_id IN (:offenderBookIds)\nGROUP BY vhb.offender_book_id order by  vhb.offender_book_id;","queryDesc":"Get Bulk Alias Details","category":"CLIENT"}],"actionParams":[{"createUserId":"OMS_OWNER","parameterId":409,"queryKey":"GET_BULK_ALIAS_DETAILS","parameterCode":"offenderBookIds","parameterDescription":"Offender Book Ids","parameterType":"List","createDatetime":1686718223131,"modifyDatetime":1686718223131}],"createUserId":"OMS_OWNER","apiId":"GET_BULK_ALIAS_DETAILS","apiDescription":"Get Bulk Alias Details","queryKey":"GET_BULK_ALIAS_DETAILS","url":"Elite2Web/api/cmdaction/executeSelectQuery","queryId":0,"createDatetime":1686718223000,"modifyDatetime":1686718223000,"category":"CLIENT"},{"quickAction":[{"queryId":123,"queryKey":"FORMAT_SERIOUS_OFFENDER_ACTION_RESPONSE","queryText":"Select 1 from dual","queryDesc":"Format Serious Offender Action Response","category":"CLIENT"}],"actionParams":[{"createUserId":"OMS_OWNER","parameterId":155,"queryKey":"FORMAT_SERIOUS_OFFENDER_ACTION_RESPONSE","parameterCode":"staffDetails","parameterDescription":"Staff Details","parameterType":"String","createDatetime":1667547569882,"modifyDatetime":1667547569882},{"createUserId":"OMS_OWNER","parameterId":156,"queryKey":"FORMAT_SERIOUS_OFFENDER_ACTION_RESPONSE","parameterCode":"specificationKey","parameterDescription":"Specification Key","parameterType":"String","createDatetime":1667547569882,"modifyDatetime":1667547569882},{"createUserId":"OMS_OWNER","parameterId":157,"queryKey":"FORMAT_SERIOUS_OFFENDER_ACTION_RESPONSE","parameterCode":"seriousOffenders","parameterDescription":"Serious Offenders","parameterType":"String","createDatetime":1667547569882,"modifyDatetime":1667547569882},{"createUserId":"OMS_OWNER","parameterId":412,"queryKey":"FORMAT_SERIOUS_OFFENDER_ACTION_RESPONSE","parameterCode":"offenderAliasDetails","parameterDescription":"Offender Alias Details","parameterType":"String","createDatetime":1687304490472,"modifyDatetime":1687304490472}],"createUserId":"OMS_OWNER","apiId":"FORMAT_SERIOUS_OFFENDER_ACTION_RESPONSE","apiDescription":"Format Serious Offender Action Response","queryKey":"FORMAT_SERIOUS_OFFENDER_ACTION_RESPONSE","url":"Elite2Web/api/serviceBusController/convertJson","queryId":0,"createDatetime":1667547622000,"modifyDatetime":1667547622000,"category":"CLIENT"}]