[{"processKey":"OIDADMIS_PRISONER_ADMISSION_NOTIFY","processDesc":"OIDADMIS_PRISONER_ADMISSION_NOTIFY","triggerId":"1","xmlFileName":"OIDADMIS_PRISONER_ADMISSION_NOTIFY.bpmn","category":"CLIENT","timerProcess":"N"},{"processKey":"TIMER_SERIOUS_OFFENDERS_NOTIFY","processDesc":"TIMER_SERIOUS_OFFENDERS_NOTIFY","xmlFileName":"TIMER_SERIOUS_OFFENDERS_NOTIFY.bpmn","category":"CLIENT","timerProcess":"Y"},{"processKey":"QUEUE_LISTENER_OFFENDER_PHOTOGRAPH_LIST_NOTIFY","processDesc":"QUEUE_LISTENER_OFFENDER_PHOTOGRAPH_LIST_NOTIFY","xmlFileName":"QUEUE_LISTENER_OFFENDER_PHOTOGRAPH_LIST_NOTIFY.bpmn","category":"CLIENT","timerProcess":"N"},{"processKey":"QUEUE_LISTENER_OFFENDER_DETAILS_NOTIFY","processDesc":"QUEUE_LISTENER_OFFENDER_DETAILS_NOTIFY","xmlFileName":"QUEUE_LISTENER_OFFENDER_DETAILS_NOTIFY.bpmn","category":"CLIENT","timerProcess":"N"},{"processKey":"OSIOSEAR_HEADER_SEARCH_NOTIFY","processDesc":"OSIOSEAR_HEADER_SEARCH_NOTIFY","triggerId":"124","xmlFileName":"OSIOSEAR_HEADER_SEARCH_NOTIFY.bpmn","category":"CLIENT","timerProcess":"N"},{"processKey":"OCDINTAK_COMMUNITY_INTAKE_NOTIFY","processDesc":"OCDINTAK_COMMUNITY_INTAKE_NOTIFY","triggerId":"6","xmlFileName":"OCDINTAK_COMMUNITY_INTAKE_NOTIFY.bpmn","category":"CLIENT","timerProcess":"N"}]