[{"quickAction":[{"queryId":190,"queryKey":"FORMAT_PHOTOGRAPH_EXCEPTION_RESPONSE","queryText":"Select 1 from Dual","queryDesc":"Format Photograph Exception Response","category":"CLIENT"}],"actionParams":[{"createUserId":"OMS_OWNER","parameterId":1039,"queryKey":"FORMAT_PHOTOGRAPH_EXCEPTION_RESPONSE","parameterCode":"staffDetails","parameterDescription":"Staff Details","parameterType":"String","createDatetime":1678102834614,"modifyDatetime":1678102834614},{"createUserId":"OMS_OWNER","parameterId":1040,"queryKey":"FORMAT_PHOTOGRAPH_EXCEPTION_RESPONSE","parameterCode":"specificationKey","parameterDescription":"Specification Key","parameterType":"String","createDatetime":1678102834614,"modifyDatetime":1678102834614},{"createUserId":"OMS_OWNER","parameterId":1041,"queryKey":"FORMAT_PHOTOGRAPH_EXCEPTION_RESPONSE","parameterCode":"correlationId","parameterDescription":"Correlation Id","parameterType":"String","createDatetime":1678102834614,"modifyDatetime":1678102834614}],"createUserId":"OMS_OWNER","apiId":"FORMAT_PHOTOGRAPH_EXCEPTION_RESPONSE","apiDescription":"Format Photograph Exception Response","queryKey":"FORMAT_PHOTOGRAPH_EXCEPTION_RESPONSE","url":"Elite2Web/api/serviceBusController/convertJson","queryId":0,"createDatetime":1678102834000,"modifyDatetime":1678102834000,"category":"CLIENT"},{"quickAction":[{"queryId":148,"queryKey":"GET_STAFF_DETAILS","queryText":"select user_id, last_name, first_name, current_timestamp date_time from staff_members where user_id = :userId","queryDesc":"Get Staff Details","category":"CLIENT"}],"actionParams":[{"createUserId":"OMS_OWNER","parameterId":1038,"queryKey":"GET_STAFF_DETAILS","parameterCode":"userId","parameterDescription":"User Id","parameterType":"String","createDatetime":1677523257762,"modifyDatetime":1677523257762,"modifyUserId":"OMS_OWNER"}],"createUserId":"OMS_OWNER","apiId":"GET_STAFF_DETAILS","apiDescription":"Get Staff Details","queryKey":"GET_STAFF_DETAILS","url":"Elite2Web/api/cmdaction/executeSelectQuery","queryId":0,"createDatetime":1668574953000,"modifyDatetime":1677523257000,"modifyUserId":"OMS_OWNER","category":"CLIENT"},{"quickAction":[{"queryId":153,"queryKey":"FORMAT_OFFENDER_DETAILS_QUEUE","queryText":"select 1 from dual","queryDesc":"Format Offender Details Queue","category":"CLIENT"}],"actionParams":[{"createUserId":"OMS_OWNER","parameterId":1033,"queryKey":"FORMAT_OFFENDER_DETAILS_QUEUE","parameterCode":"ProcessInput","parameterDescription":"Process Input","parameterType":"String","createDatetime":1677523257762,"modifyDatetime":1677523257762},{"createUserId":"OMS_OWNER","parameterId":1034,"queryKey":"FORMAT_OFFENDER_DETAILS_QUEUE","parameterCode":"specificationKey","parameterDescription":"Specification Key","parameterType":"String","createDatetime":1677523257762,"modifyDatetime":1677523257762}],"createUserId":"OMS_OWNER","apiId":"FORMAT_OFFENDER_DETAILS_QUEUE","apiDescription":"Format Offender Details Queue","queryKey":"FORMAT_OFFENDER_DETAILS_QUEUE","url":"Elite2Web/api/serviceBusController/convertJson","queryId":0,"createDatetime":1668575048000,"modifyDatetime":1677523257000,"modifyUserId":"OMS_OWNER","category":"CLIENT"},{"quickAction":[{"queryId":179,"queryKey":"FORMAT_PHOTOGRAPH_ERROR_RESPONSE","queryText":"Select 1 from dual","queryDesc":"Format Photograph Error Response","category":"CLIENT"}],"actionParams":[{"createUserId":"OMS_OWNER","parameterId":1035,"queryKey":"FORMAT_PHOTOGRAPH_ERROR_RESPONSE","parameterCode":"staffDetails","parameterDescription":"Staff Details","parameterType":"String","createDatetime":1677523257762,"modifyDatetime":1677523257762},{"createUserId":"OMS_OWNER","parameterId":1036,"queryKey":"FORMAT_PHOTOGRAPH_ERROR_RESPONSE","parameterCode":"specificationKey","parameterDescription":"Specification Key","parameterType":"String","createDatetime":1677523257762,"modifyDatetime":1677523257762},{"createUserId":"OMS_OWNER","parameterId":1037,"queryKey":"FORMAT_PHOTOGRAPH_ERROR_RESPONSE","parameterCode":"correlationId","parameterDescription":"Correlation Id","parameterType":"String","createDatetime":1677523257762,"modifyDatetime":1677523257762}],"createUserId":"OMS_OWNER","apiId":"FORMAT_PHOTOGRAPH_ERROR_RESPONSE","apiDescription":"Format Photograph Error Response","queryKey":"FORMAT_PHOTOGRAPH_ERROR_RESPONSE","url":"Elite2Web/api/serviceBusController/convertJson","queryId":0,"createDatetime":1676583594000,"modifyDatetime":1677523257000,"modifyUserId":"OMS_OWNER","category":"CLIENT"},{"quickAction":[{"queryId":185,"queryKey":"GET_PHOTOGRAPH_DETAILS","queryText":"select\n\tim.capture_date,\n\tim.image_thumbnail\nfrom \n\timages im\nwhere \n\timage_id = :photoId;","queryDesc":"Get Photograph Details","category":"CLIENT"}],"actionParams":[{"createUserId":"KARTHI","parameterId":1025,"queryKey":"GET_PHOTOGRAPH_DETAILS","parameterCode":"photoId","parameterDescription":"Photo Id","parameterType":"Number","createDatetime":1677480444907,"modifyDatetime":1677480444907}],"createUserId":"OMS_OWNER","apiId":"GET_PHOTOGRAPH_DETAILS","apiDescription":"Get Photograph Details","queryKey":"GET_PHOTOGRAPH_DETAILS","url":"Elite2Web/api/cmdaction/executeSelectQuery","queryId":0,"createDatetime":1676583606000,"modifyDatetime":1677480444000,"modifyUserId":"OMS_OWNER","category":"CLIENT"},{"quickAction":[{"queryId":184,"queryKey":"FORMAT_PHOTOGRAPH_RESPONSE","queryText":"Select 1 from dual","queryDesc":"Format Photograph Response","category":"CLIENT"}],"actionParams":[{"createUserId":"KARTHI","parameterId":986,"queryKey":"FORMAT_PHOTOGRAPH_RESPONSE","parameterCode":"staffDetails","parameterDescription":"Staff Details","parameterType":"String","createDatetime":1676583606560,"modifyDatetime":1676583606560},{"createUserId":"KARTHI","parameterId":987,"queryKey":"FORMAT_PHOTOGRAPH_RESPONSE","parameterCode":"photographDetails","parameterDescription":"Photograph Details","parameterType":"String","createDatetime":1676583606560,"modifyDatetime":1676583606560},{"createUserId":"KARTHI","parameterId":988,"queryKey":"FORMAT_PHOTOGRAPH_RESPONSE","parameterCode":"specificationKey","parameterDescription":"Specification Key","parameterType":"String","createDatetime":1676583606560,"modifyDatetime":1676583606560},{"createUserId":"OMS_OWNER","parameterId":989,"queryKey":"FORMAT_PHOTOGRAPH_RESPONSE","parameterCode":"correlationId","parameterDescription":"Correlation Id","parameterType":"String","createDatetime":1676583606560,"modifyDatetime":1676583606560}],"createUserId":"OMS_OWNER","apiId":"FORMAT_PHOTOGRAPH_RESPONSE","apiDescription":"Format Photograph Response","queryKey":"FORMAT_PHOTOGRAPH_RESPONSE","url":"Elite2Web/api/serviceBusController/convertJson","queryId":0,"createDatetime":1676583606000,"modifyDatetime":1676583606000,"category":"CLIENT"},{"quickAction":[{"queryId":183,"queryKey":"GET_PHOTOGRAPH_EXISTS","queryText":"select\n\tcoalesce (y,\n\t'N') as Y\nfrom\n\t(\n\tselect\n\t\t(\n\t\tselect\n\t\t\t'Y' as Y\n\t\tfrom\n\t\t\timages\n\t\twhere\n\t\t\timage_id = :photoId) Y,\n\t\t1\n\tfrom\n\t\tdual)A","queryDesc":"Get Photograph Exists","category":"CLIENT"}],"actionParams":[{"createUserId":"OMS_OWNER","parameterId":982,"queryKey":"GET_PHOTOGRAPH_EXISTS","parameterCode":"photoId","parameterDescription":"Photo Id","parameterType":"Number","createDatetime":1676583606560,"modifyDatetime":1676583606560}],"createUserId":"OMS_OWNER","apiId":"GET_PHOTOGRAPH_EXISTS","apiDescription":"Get Photograph Exists","queryKey":"GET_PHOTOGRAPH_EXISTS","url":"Elite2Web/api/cmdaction/executeSelectQuery","queryId":0,"createDatetime":1676583606000,"modifyDatetime":1676583606000,"category":"CLIENT"}]