[{"quickAction":[{"queryId":569,"queryKey":"INSERT_OFF_ALLOWANCES_PAY_RECORD","queryText":"Select 1 from dual","queryDesc":"Insert Offender Allowances Pay Record","category":"CLIENT"}],"actionParams":[],"createUserId":"OMS_OWNER","apiId":"INSERT_OFF_ALLOWANCES_PAY_RECORD","apiDescription":"Insert Offender Allowances Pay Record","queryKey":"INSERT_OFF_ALLOWANCES_PAY_RECORD","url":"Elite2Web/api/cmdaction/saveOffAllowPayDet","queryId":0,"createDatetime":1708420886000,"modifyDatetime":1708672406000,"modifyUserId":"YOGENDRAM","category":"CLIENT"}]