[{"quickAction":[{"queryId":42,"queryKey":"GET_OFFENDER_DETAILS","queryText":"select vo.offender_book_id, vo.offender_id, vo.offender_id_display, vo.first_name, vo.last_name, vo.middle_name, vo.birth_date, o.second_middle_name, ref_code.description sex_code, to_char(vo.birth_date, 'DD/MM/YYYY') as dob, vo.agy_loc_id, ( select description from agency_locations al where agy_loc_id = vo.agy_loc_id ) as facility, ( select description from agency_locations al where agy_loc_id = vhb.intake_agy_loc_id ) as comm_facility from v_offenders vo, reference_codes ref_code, v_header_block vhb, offenders o where ref_code.domain = 'SEX' and ref_code.code = vo.sex_code and o.offender_id = vo.offender_id and vhb.offender_book_id = vo.offender_book_id and vo.offender_book_id = :offenderBookId","queryDesc":"Get Offender Details","category":"CLIENT"}],"actionParams":[{"createUserId":"OMS_OWNER","parameterId":710,"queryKey":"GET_OFFENDER_DETAILS","parameterCode":"offenderBookId","parameterDescription":"Offender Book Id","parameterType":"Number","createDatetime":1702372792655,"modifyDatetime":1702372792655}],"createUserId":"OMS_OWNER","apiId":"GET_OFFENDER_DETAILS","apiDescription":"Get Offender Details","queryKey":"GET_OFFENDER_DETAILS","url":"Elite2Web/api/cmdaction/executeSelectQuery","queryId":0,"createDatetime":1662705289000,"modifyDatetime":1702372792000,"modifyUserId":"YOGENDRANATH","category":"CLIENT"},{"quickAction":[{"queryId":354,"queryKey":"GET_STAFF_RESPONSIBLE_FOR_OFFENDER","queryText":"select STRING_AGG(a.internet_address, ',') as internet_addresses from ( select distinct ia.internet_address from internet_addresses ia where ia.owner_class = 'STF' and ia.owner_id in( select sac_staff_id staff_id from case_plans cp where offender_book_id = :offenderBookId and case_plan_status = 'ACTIVE' and case_plan_id = ( select max(case_plan_id) from case_plans where offender_book_id = :offenderBookId) union select case when o.team_id is not null then ( select staff_id from team_staff_members where team_member_id = o.staff_member_id::numeric) else staff_member_id:: numeric end as staff_id from orders o where offender_book_id = :offenderBookId and o.order_status in ( select code from reference_codes rc where \"domain\" = 'REP_REQ_STS' and parent_code = 'ACTIVE') union select ( select staff_id from team_staff_members where team_member_id = staff_responsible::numeric) as staff_id from offender_proceedings op where op.proceeding_status in ( select code from reference_codes rc where \"domain\" = 'PROCEED_STS' and parent_code = 'ACTIVE') and op.offender_book_id = :offenderBookId and OP.staff_responsible is not null union select coalesce(staff_id, (select staff_id from team_staff_members where team_member_id = A.team_member_id), to_staff_id, (select staff_id from team_staff_members where team_member_id = A.to_team_member_id)) as staff_id from ( select MAX(CON_TRANSFER_ID) as MAX_CON_TRANS_ID, OFFENDER_BOOK_ID, OFFENDER_SENT_CONDITION_ID from OFFENDER_COND_TRANSFER where OFFENDER_BOOK_ID = :offenderBookId group by OFFENDER_BOOK_ID, OFFENDER_SENT_CONDITION_ID ) B join OFFENDER_COND_TRANSFER A on A.OFFENDER_BOOK_ID = B.OFFENDER_BOOK_ID and A.OFFENDER_SENT_CONDITION_ID = B.OFFENDER_SENT_CONDITION_ID and A.CON_TRANSFER_ID = B.MAX_CON_TRANS_ID)) a","queryDesc":"Get Staff Responsible For Offender","category":"CLIENT"}],"actionParams":[{"createUserId":"YOGENDRANATH","parameterId":709,"queryKey":"GET_STAFF_RESPONSIBLE_FOR_OFFENDER","parameterCode":"offenderBookId","parameterDescription":"Offender Book Id","parameterType":"Number","createDatetime":1702372792655,"modifyDatetime":1702372792655}],"createUserId":"YOGENDRANATH","apiId":"GET_STAFF_RESPONSIBLE_FOR_OFFENDER","apiDescription":"Get Staff Responsible For Offender","queryKey":"GET_STAFF_RESPONSIBLE_FOR_OFFENDER","url":"Elite2Web/api/cmdaction/executeSelectQuery","queryId":0,"createDatetime":1702290293000,"modifyDatetime":1702372792000,"modifyUserId":"YOGENDRANATH","category":"CLIENT"}]