[{"processKey":"Transfer_Outside_Jurisdiction","processDesc":"Transfer Outside Jurisdiction","triggerId":"9","xmlFileName":"Transfer_Outside_Jurisdiction.bpmn"},{"processKey":"Initiate_Custodial_Transfer","processDesc":"Initiate Custodial Transfer","triggerId":"4","xmlFileName":"Initiate_Custodial_Transfer.bpmn"},{"processKey":"Release_Offender_from_Custody","processDesc":"Release Offender from Custody","triggerId":"2","xmlFileName":"Release_Offender_from_Custody.bpmn"},{"processKey":"Initiate_Scheduled_Transfer_Movements","processDesc":"Initiate Scheduled Transfer Movements","triggerId":"78","xmlFileName":"Initiate_Scheduled_Transfer_Movements.bpmn"},{"processKey":"Exchange_Custodial_Housing","processDesc":"Exchange Custodial Housing","triggerId":"76","xmlFileName":"Exchange_Custodial_Housing.bpmn"},{"processKey":"Admit_Offender_into_Custody","processDesc":"Admit Offender into Custody","triggerId":"1","xmlFileName":"Admit_Offender_into_Custody.bpmn"},{"processKey":"Change_Custodial_Housing","processDesc":"Change Custodial Housing","triggerId":"74","xmlFileName":"Change_Custodial_Housing.bpmn"},{"processKey":"Change_Multiple_Custodial_Housing","processDesc":"Change Multiple Custodial Housing","triggerId":"75","xmlFileName":"Change_Multiple_Custodial_Housing.bpmn"},{"processKey":"Receive_Custodial_Transfers","processDesc":"Receive Custodial Transfers","triggerId":"69","xmlFileName":"Receive_Custodial_Transfers.bpmn"}]