[{"quickAction":[{"queryId":257,"queryKey":"GET_PAROLE_COND_DETAILS","queryText":"SELECT\n    seq.sentence_seq,\n    COALESCE(\n        (\n            SELECT json_agg(json_build_object(\n                'number', offender_sent_condition_id,\n                'text', long_comment_text\n            ))\n            FROM offender_sent_conditions o\n            WHERE o.sentence_seq = 1\n                AND o.offender_book_id = :offenderBookId\n                AND o.comm_condition_type = 'PAR'\n        ), '[]'::json\n    ) AS conditions\nFROM (\n    SELECT unnest(array[string_to_array(:sentenceSeq::text, ',')])::Integer AS sentence_seq \n) AS seq\nORDER BY\n    seq.sentence_seq","queryDesc":"Get Parole Condition Details","category":"CLIENT"}],"actionParams":[{"createUserId":"OMS_OWNER","parameterId":1970,"queryKey":"GET_PAROLE_COND_DETAILS","parameterCode":"offenderBookId","parameterDescription":"Offender Book Id","parameterType":"Number","createDatetime":1708502935995},{"createUserId":"OMS_OWNER","parameterId":1971,"queryKey":"GET_PAROLE_COND_DETAILS","parameterCode":"sentenceSeq","parameterDescription":"Sentence Seq","parameterType":"String","createDatetime":1708502935995}],"createUserId":"OMS_OWNER","apiId":"GET_PAROLE_COND_DETAILS","apiDescription":"Get Parole Condition Details","queryKey":"GET_PAROLE_COND_DETAILS","url":"Elite2Web/api/cmdaction/executeSelectQuery","queryId":0,"createDatetime":1696445530000,"modifyDatetime":1708502935000,"modifyUserId":"OMS_OWNER","category":"CLIENT"},{"quickAction":[{"queryId":148,"queryKey":"GET_STAFF_DETAILS","queryText":"select staff_id, user_id, last_name, first_name, current_timestamp date_time from staff_members where user_id = :userId","queryDesc":"Get Staff Details","category":"CLIENT"}],"actionParams":[{"createUserId":"OMS_OWNER","parameterId":1916,"queryKey":"GET_STAFF_DETAILS","parameterCode":"userId","parameterDescription":"User Id","parameterType":"String","createDatetime":1705445797918}],"createUserId":"OMS_OWNER","apiId":"GET_STAFF_DETAILS","apiDescription":"Get Staff Details","queryKey":"GET_STAFF_DETAILS","url":"Elite2Web/api/cmdaction/executeSelectQuery","queryId":0,"createDatetime":1668574953000,"modifyDatetime":1705445797000,"modifyUserId":"OMS_OWNER","category":"CLIENT"},{"quickAction":[{"queryId":254,"queryKey":"GET_OFFENDER_BOOK_ID_FOR_PIN","queryText":"select a.offender_book_id  from\n(select\n\tmax(ob.offender_book_id) as offender_book_id\nfrom\n\toffender_bookings ob, \n\toffender_identifiers oi\nwhere \n\tob.offender_id  = oi.offender_id \n\tand oi.offender_id_seq = (select max(offender_id_seq) from offender_identifiers where identifier = :identifier and identifier_type = 'PIN')\n\tand oi.identifier = :identifier\n\tand oi.identifier_type = 'PIN') a where a.offender_book_id is not null","queryDesc":"Get Offender Book Id for Pin","category":"CLIENT"}],"actionParams":[{"createUserId":"OMS_OWNER","parameterId":1797,"queryKey":"GET_OFFENDER_BOOK_ID_FOR_PIN","parameterCode":"identifier","parameterDescription":"Identifier","parameterType":"String","createDatetime":1698254099394,"modifyDatetime":1698254099394}],"createUserId":"OMS_OWNER","apiId":"GET_OFFENDER_BOOK_ID_FOR_PIN","apiDescription":"Get offender Book Id for Pin","queryKey":"GET_OFFENDER_BOOK_ID_FOR_PIN","url":"Elite2Web/api/cmdaction/executeSelectQuery","queryId":0,"createDatetime":1694804876000,"modifyDatetime":1698254099000,"modifyUserId":"OMS_OWNER","category":"CLIENT"},{"quickAction":[{"queryId":259,"queryKey":"GET_PAROLE_DATE_DETAILS","queryText":"SELECT\n\tMAX((CASE WHEN LEGAL_SUMMARY_2.dateType = 'booking_PEXD' and LEGAL_SUMMARY_2.indefinite = 'true'  THEN 'Indefinite' else LEGAL_SUMMARY_2.datevalue  END)) AS paroleExpiryDate,\n\tMAX((CASE WHEN LEGAL_SUMMARY_2.dateType = 'booking_PCD' and LEGAL_SUMMARY_2.indefinite = 'true'  THEN 'Indefinite' else LEGAL_SUMMARY_2.datevalue  END)) AS paroleCommenceDate\nFROM\n\t(\n\tSELECT\n\t\tdateType,\n\t\tdateValue,\n\t\tindefinite\n\tFROM\n\t\t(\n\t\tSELECT\n\t\t\tCust_Orders1,\n\t\t\tjsonb_array_elements(Cust_Orders1::jsonb)->>'dateType' AS dateType,\n\t\t\tjsonb_array_elements(Cust_Orders1::jsonb)->>'dateValue' AS dateValue,\n\t\t\tjsonb_array_elements(Cust_Orders1::jsonb)->>'indefinite' AS indefinite\n\t\tFROM\n\t\t\t(\n\t\t\tSELECT\n\t\t\t\titems ->> 1 AS Cust_Orders1\n\t\t\tFROM\n\t\t\t\t(\n\t\t\t\tSELECT\n\t\t\t\t\tform_identifier::jsonb->>'offenderBookId' AS offenderbookid,\n\t\t\t\t\tform_info_json,\n\t\t\t\t\tjsonb_path_query_array(encode(form_info_json,\n\t\t\t\t\t'escape')::jsonb,\n\t\t\t\t\t'$.*') AS items\n\t\t\t\tFROM\n\t\t\t\t\tocdlegls_data) AS t\n\t\t\tWHERE\n\t\t\t\toffenderbookid = :offenderBookId::text) AS LEGAL_SUMMARY ) AS LEGAL_SUMMARY_1 ) AS LEGAL_SUMMARY_2\nWHERE\n\tdateType IN ('booking_PEXD', 'booking_PCD')","queryDesc":"Get Parole Date Details","category":"CLIENT"}],"actionParams":[{"createUserId":"OMS_OWNER","parameterId":1762,"queryKey":"GET_PAROLE_DATE_DETAILS","parameterCode":"offenderBookId","parameterDescription":"Offender Book Id","parameterType":"Number","createDatetime":1698243643403,"modifyDatetime":1698243643403,"modifyUserId":"OMS_OWNER"}],"createUserId":"OMS_OWNER","apiId":"GET_PAROLE_DATE_DETAILS","apiDescription":"Get Parole Date Details","queryKey":"GET_PAROLE_DATE_DETAILS","url":"Elite2Web/api/cmdaction/executeSelectQuery","queryId":0,"createDatetime":1696445530000,"modifyDatetime":1698243643000,"modifyUserId":"OMS_OWNER","category":"CLIENT"},{"quickAction":[{"queryId":258,"queryKey":"GET_PAROLE_ORDER_DETAILS","queryText":"select\n\tcast(number as numeric) as number,\n\tissuedDate,\n\ttypeCode,\n\toriginCode,\n\torderStartDate,\n\torderEndDate\nfrom\n\t(\n\tselect\n\t\t\tjsonb_array_elements(legal_summary::jsonb)->>'orderNo' as number,\n\t\t\tjsonb_array_elements(legal_summary::jsonb)->>'hearingDate' as issuedDate,\n\t\t\tjsonb_array_elements(legal_summary::jsonb)->>'sentenceCalcType' as typeCode,\n\t\t\t\tjsonb_array_elements(legal_summary::jsonb)->>'orderType' as originCode,\n\t\t\tjsonb_array_elements(legal_summary::jsonb)->>'commenceDate' as orderStartDate,\n\t\t\tjsonb_array_elements(legal_summary::jsonb)->>'expiryDate' as orderEndDate\n\tfrom\n\t\t\t(\n\t\tselect\n\t\t\t\toffenderBookId,\n\t\t\t\torderType,\n\t\t\t\tform_info_json,\n\t\t\t\titems ->> 0 as Legal_Summary\n\t\tfrom\n\t\t\t\t(\n\t\t\tselect\n\t\t\t\t\tform_identifier::jsonb->> 'offenderBookId' as offenderbookid,\n\t\t\t\t\tform_identifier::jsonb->> 'orderType' as orderType,\n\t\t\t\t\tform_info_json,\n\t\t\t\t\tjsonb_path_query_array( encode(form_info_json,\n\t\t\t\t\t'escape')::jsonb,\n\t\t\t\t\t'$.*') as items\n\t\t\tfrom\n\t\t\t\t\tocdleglo_data\n) as t\n\t\twhere\n\t\t\t\toffenderbookid = :offenderbookid::text\n\t\t\tand orderType = 'PAR')A)A\norder by\n\tnumber","queryDesc":"Get Parole Order Details","category":"CLIENT"}],"actionParams":[{"createUserId":"OMS_OWNER","parameterId":1761,"queryKey":"GET_PAROLE_ORDER_DETAILS","parameterCode":"offenderbookid","parameterDescription":"Offender Book Id","parameterType":"Number","createDatetime":1698243643403,"modifyDatetime":1698243643403,"modifyUserId":"OMS_OWNER"}],"createUserId":"OMS_OWNER","apiId":"GET_PAROLE_ORDER_DETAILS","apiDescription":"Get Parole Order Details","queryKey":"GET_PAROLE_ORDER_DETAILS","url":"Elite2Web/api/cmdaction/executeSelectQuery","queryId":0,"createDatetime":1696445530000,"modifyDatetime":1698243643000,"modifyUserId":"OMS_OWNER","category":"CLIENT"},{"quickAction":[{"queryId":260,"queryKey":"FORMAT_PAROLE_CONDITION_RESPONSE","queryText":"Select 1 from Dual","queryDesc":"Format Parole Condition Response","category":"CLIENT"}],"actionParams":[{"createUserId":"OMS_OWNER","parameterId":1764,"queryKey":"FORMAT_PAROLE_CONDITION_RESPONSE","parameterCode":"staffDetails","parameterDescription":"Staff Details","parameterType":"String","createDatetime":1698243643403,"modifyDatetime":1698243643403},{"createUserId":"OMS_OWNER","parameterId":1765,"queryKey":"FORMAT_PAROLE_CONDITION_RESPONSE","parameterCode":"specificationKey","parameterDescription":"Specification Key","parameterType":"String","createDatetime":1698243643403,"modifyDatetime":1698243643403},{"createUserId":"OMS_OWNER","parameterId":1766,"queryKey":"FORMAT_PAROLE_CONDITION_RESPONSE","parameterCode":"correlationId","parameterDescription":"Correlation Id","parameterType":"String","createDatetime":1698243643403,"modifyDatetime":1698243643403},{"createUserId":"OMS_OWNER","parameterId":1767,"queryKey":"FORMAT_PAROLE_CONDITION_RESPONSE","parameterCode":"pin","parameterDescription":"Pin","parameterType":"String","createDatetime":1698243643403,"modifyDatetime":1698243643403},{"createUserId":"OMS_OWNER","parameterId":1768,"queryKey":"FORMAT_PAROLE_CONDITION_RESPONSE","parameterCode":"paroleDateDetails","parameterDescription":"Parole Date Details","parameterType":"String","createDatetime":1698243643403,"modifyDatetime":1698243643403},{"createUserId":"OMS_OWNER","parameterId":1769,"queryKey":"FORMAT_PAROLE_CONDITION_RESPONSE","parameterCode":"paroleOrderDetails","parameterDescription":"Parole Order Details","parameterType":"String","createDatetime":1698243643403,"modifyDatetime":1698243643403},{"createUserId":"OMS_OWNER","parameterId":1770,"queryKey":"FORMAT_PAROLE_CONDITION_RESPONSE","parameterCode":"paroleConditionDetails","parameterDescription":"Parole Condition Details","parameterType":"String","createDatetime":1698243643403,"modifyDatetime":1698243643403}],"createUserId":"OMS_OWNER","apiId":"FORMAT_PAROLE_CONDITION_RESPONSE","apiDescription":"Format Parole Cond Response","queryKey":"FORMAT_PAROLE_CONDITION_RESPONSE","url":"Elite2Web/api/serviceBusController/convertJson","queryId":0,"createDatetime":1696445530000,"modifyDatetime":1698243643000,"modifyUserId":"OMS_OWNER","category":"CLIENT"},{"quickAction":[{"queryId":261,"queryKey":"FORMAT_PAROLE_COND_ERROR_RESP","queryText":"select 1 from dual","queryDesc":"Format Parole Cond Error Response","category":"CLIENT"}],"actionParams":[{"createUserId":"OMS_OWNER","parameterId":1771,"queryKey":"FORMAT_PAROLE_COND_ERROR_RESP","parameterCode":"staffDetails","parameterDescription":"Staff Details","parameterType":"String","createDatetime":1698243643403,"modifyDatetime":1698243643403},{"createUserId":"OMS_OWNER","parameterId":1772,"queryKey":"FORMAT_PAROLE_COND_ERROR_RESP","parameterCode":"specificationKey","parameterDescription":"Specification Key","parameterType":"String","createDatetime":1698243643403,"modifyDatetime":1698243643403},{"createUserId":"OMS_OWNER","parameterId":1773,"queryKey":"FORMAT_PAROLE_COND_ERROR_RESP","parameterCode":"correlationId","parameterDescription":"Correlation Id","parameterType":"String","createDatetime":1698243643403,"modifyDatetime":1698243643403},{"createUserId":"OMS_OWNER","parameterId":1774,"queryKey":"FORMAT_PAROLE_COND_ERROR_RESP","parameterCode":"pin","parameterDescription":"Pin","parameterType":"String","createDatetime":1698243643403,"modifyDatetime":1698243643403}],"createUserId":"OMS_OWNER","apiId":"FORMAT_PAROLE_COND_ERROR_RESP","apiDescription":"Format Parole Cond Error Response","queryKey":"FORMAT_PAROLE_COND_ERROR_RESP","url":"Elite2Web/api/serviceBusController/convertJson","queryId":0,"createDatetime":1696445530000,"modifyDatetime":1698243643000,"modifyUserId":"OMS_OWNER","category":"CLIENT"},{"quickAction":[{"queryId":238,"queryKey":"FORMAT_PAROLE_COND_REQ","queryText":"Select 1 from Dual","queryDesc":"Format Parole Cond Req","category":"CLIENT"}],"actionParams":[{"createUserId":"OMS_OWNER","parameterId":1775,"queryKey":"FORMAT_PAROLE_COND_REQ","parameterCode":"ProcessInput","parameterDescription":"Process Input","parameterType":"String","createDatetime":1698243643403,"modifyDatetime":1698243643403},{"createUserId":"OMS_OWNER","parameterId":1776,"queryKey":"FORMAT_PAROLE_COND_REQ","parameterCode":"specificationKey","parameterDescription":"Specification Key","parameterType":"String","createDatetime":1698243643403,"modifyDatetime":1698243643403}],"createUserId":"OMS_OWNER","apiId":"FORMAT_PAROLE_COND_REQ","apiDescription":"Format Parole Cond Req","queryKey":"FORMAT_PAROLE_COND_REQ","url":"Elite2Web/api/serviceBusController/convertJson","queryId":0,"createDatetime":1693241143000,"modifyDatetime":1698243643000,"modifyUserId":"OMS_OWNER","category":"CLIENT"}]