[{"quickAction":[{"queryId":245,"queryKey":"GET_BULK_ALIAS_DETAILS","queryText":"SELECT vhb.offender_book_id,\n     json_agg(json_build_object('first_name', o.first_name, 'surname', o.last_name, 'birth_date', o.birth_date)) AS alias_details\nFROM offenders o\nJOIN v_header_block vhb ON vhb.root_offender_id = o.root_offender_id\nWHERE vhb.offender_book_id IN (:offenderBookIds)\nGROUP BY vhb.offender_book_id order by  vhb.offender_book_id;","queryDesc":"Get Bulk Alias Details","category":"CLIENT"}],"actionParams":[{"createUserId":"OMS_OWNER","parameterId":409,"queryKey":"GET_BULK_ALIAS_DETAILS","parameterCode":"offenderBookIds","parameterDescription":"Offender Book Ids","parameterType":"List","createDatetime":1686718223131,"modifyDatetime":1686718223131}],"createUserId":"OMS_OWNER","apiId":"GET_BULK_ALIAS_DETAILS","apiDescription":"Get Bulk Alias Details","queryKey":"GET_BULK_ALIAS_DETAILS","url":"Elite2Web/api/cmdaction/executeSelectQuery","queryId":0,"createDatetime":1686718223000,"modifyDatetime":1686718223000,"category":"CLIENT"},{"quickAction":[{"queryId":121,"queryKey":"FORMAT_ACTIVE_OFFENDERS_ACTION_RESPONSE","queryText":"Select 1 from dual","queryDesc":"Format Active Offenders Action Response","category":"CLIENT"}],"actionParams":[{"createUserId":"OMS_OWNER","parameterId":148,"queryKey":"FORMAT_ACTIVE_OFFENDERS_ACTION_RESPONSE","parameterCode":"escapeDetails","parameterDescription":"Escape Details","parameterType":"String","createDatetime":1667537391461,"modifyDatetime":1667537391461},{"createUserId":"OMS_OWNER","parameterId":149,"queryKey":"FORMAT_ACTIVE_OFFENDERS_ACTION_RESPONSE","parameterCode":"offenderBookingDetails","parameterDescription":"Offender Booking Details","parameterType":"String","createDatetime":1667537391461,"modifyDatetime":1667537391461},{"createUserId":"OMS_OWNER","parameterId":150,"queryKey":"FORMAT_ACTIVE_OFFENDERS_ACTION_RESPONSE","parameterCode":"offenderDetails","parameterDescription":"Offender Details","parameterType":"String","createDatetime":1667543495613,"modifyDatetime":1667543495613},{"createUserId":"OMS_OWNER","parameterId":151,"queryKey":"FORMAT_ACTIVE_OFFENDERS_ACTION_RESPONSE","parameterCode":"offenderHousingDetails","parameterDescription":"Offender Housing Details","parameterType":"String","createDatetime":1667543495613,"modifyDatetime":1667543495613},{"createUserId":"OMS_OWNER","parameterId":152,"queryKey":"FORMAT_ACTIVE_OFFENDERS_ACTION_RESPONSE","parameterCode":"offenderReleaseDetails","parameterDescription":"Offender Release Details","parameterType":"String","createDatetime":1667543495613,"modifyDatetime":1667543495613},{"createUserId":"OMS_OWNER","parameterId":153,"queryKey":"FORMAT_ACTIVE_OFFENDERS_ACTION_RESPONSE","parameterCode":"specificationKey","parameterDescription":"specificationKey","parameterType":"String","createDatetime":1667543495613,"modifyDatetime":1667543495613},{"createUserId":"OMS_OWNER","parameterId":154,"queryKey":"FORMAT_ACTIVE_OFFENDERS_ACTION_RESPONSE","parameterCode":"staffDetails","parameterDescription":"Staff Details","parameterType":"String","createDatetime":1667543495613,"modifyDatetime":1667543495613},{"createUserId":"OMS_OWNER","parameterId":411,"queryKey":"FORMAT_ACTIVE_OFFENDERS_ACTION_RESPONSE","parameterCode":"offenderAliasDetails","parameterDescription":"Offender Alias Details","parameterType":"String","createDatetime":1687223414550,"modifyDatetime":1687223414550}],"createUserId":"OMS_OWNER","apiId":"FORMAT_ACTIVE_OFFENDERS_ACTION_RESPONSE","apiDescription":"Format Active Offenders Action Response","queryKey":"FORMAT_ACTIVE_OFFENDERS_ACTION_RESPONSE","url":"Elite2Web/api/serviceBusController/convertJson","queryId":0,"createDatetime":1667543628000,"modifyDatetime":1667543628000,"category":"CLIENT"}]