[{"quickAction":[{"queryId":356,"queryKey":"GET_OFFENDER_NON_DISPOSED_PROPERTIES","queryText":"select\n\tdistinct (opi.offender_book_id),\n\topi.status_code,\n\t(select description from agency_locations where agy_loc_id = oem.from_agy_loc_id) agy_loc_id,\n\tto_char(oem.movement_date, 'DD/MM/YYYY') as movement_date,\n\tvo.offender_id_display,\n\tvo.first_name,\n\tvo.last_name \nfrom\n\toffender_ppty_items opi,\n\toffender_external_movements oem,\n\tv_offenders vo\nwhere\n\toem.offender_book_id = opi.offender_book_id\n\tand vo.offender_book_id = oem.offender_book_id \n\tand oem.movement_type = 'REL'\n\tand (sysdate()::date - oem.movement_date ::date) = :days\n\tand opi.status_code != 'DISPOSED'","queryDesc":"Get Offender Non Disposed Properties","category":"CLIENT"}],"actionParams":[{"createUserId":"OMS_OWNER","parameterId":721,"queryKey":"GET_OFFENDER_NON_DISPOSED_PROPERTIES","parameterCode":"days","parameterDescription":"Days","parameterType":"Number","createDatetime":1702864866013,"modifyDatetime":1702864866013}],"createUserId":"OMS_OWNER","apiId":"GET_OFFENDER_NON_DISPOSED_PROPERTIES","apiDescription":"Get Offender Non Disposed Properties","queryKey":"GET_OFFENDER_NON_DISPOSED_PROPERTIES","url":"Elite2Web/api/cmdaction/executeSelectQuery","queryId":0,"createDatetime":1702864923000,"modifyDatetime":1702864923000,"category":"CLIENT"},{"quickAction":[{"queryId":301,"queryKey":"GET_TEAMS_BY_FUNCTION_CODE","queryText":"select\n\t(STRING_AGG(distinct(ATM.team_code), ',')) team_code\nfrom\n\tautomation_teams ATM\nwhere\n\t ATM.team_id in (\n\tselect\n\t\tteam_id\n\tfrom\n\t\tteam_functions\n\twhere\n\t\tfunction_type = :functionType)","queryDesc":"Get Teams By Function Code","category":"CLIENT"}],"actionParams":[{"createUserId":"OMS_OWNER","parameterId":526,"queryKey":"GET_TEAMS_BY_FUNCTION_CODE","parameterCode":"functionType","parameterDescription":"Function","parameterType":"String","createDatetime":1692749419899,"modifyDatetime":1692755176930,"modifyUserId":"OMS_OWNER"}],"createUserId":"OMS_OWNER","apiId":"GET_TEAMS_BY_FUNCTION_CODE","apiDescription":"Get Teams By Function Code","queryKey":"GET_TEAMS_BY_FUNCTION_CODE","url":"Elite2Web/api/cmdaction/executeSelectQuery","queryId":0,"createDatetime":1692749326000,"modifyDatetime":1692749326000,"category":"CLIENT"}]