[{"processKey":"Release_Offender_from_Custody","processDesc":"Release Offender from Custody","triggerId":"2","xmlFileName":"Release_Offender_from_Custody.bpmn","category":"CLIENT"},{"processKey":"Transfer_Outside_Jurisdiction","processDesc":"Transfer Outside Jurisdiction","triggerId":"9","xmlFileName":"Transfer_Outside_Jurisdiction.bpmn","category":"CLIENT"},{"processKey":"Initiate_Custodial_Transfer","processDesc":"Initiate Custodial Transfer","triggerId":"4","xmlFileName":"Initiate_Custodial_Transfer.bpmn","category":"CLIENT"}]