[{"quickAction":[{"queryId":73,"queryKey":"GET_OFFENDER_DETAILS","queryText":"SELECT \n    vo.offender_book_id,\n    vo.offender_id,\n    vo.offender_id_display,\n    vo.first_name,\n    vo.last_name,\n    vo.middle_name,\n    vo.birth_date,\n    ref_code.description sex_code,\n   to_char(vo.birth_date,'DD/MM/YYYYY') as dob,\n  (select description from agency_locations al where agy_loc_id= vo.agy_loc_id ) as facility\nFROM \n    v_offenders vo,\n    reference_codes ref_code\nwhere\n    ref_code.domain = 'SEX' and \n \tref_code.code= vo.sex_code and\n    vo.offender_book_id = :offenderBookId","queryDesc":"Get Offender Details","category":"CLIENT"}],"actionParams":[{"createUserId":"OMS_OWNER","parameterId":399,"queryKey":"GET_OFFENDER_DETAILS","parameterCode":"offenderBookId","parameterDescription":"Offender Book Id","parameterType":"Number","createDatetime":1691576083448,"modifyDatetime":1691576083448}],"createUserId":"AKASHK","apiId":"GET_OFFENDER_DETAILS","apiDescription":"Get Offender Details","queryKey":"GET_OFFENDER_DETAILS","url":"Elite2Web/api/cmdaction/executeSelectQuery","queryId":0,"createDatetime":1661270909000,"modifyDatetime":1691576083000,"modifyUserId":"OMS_OWNER","category":"CLIENT"},{"quickAction":[{"queryId":184,"queryKey":"GET_MAIL_ID_FOR_STAFF_ID","queryText":"select\n\tsm.first_name,\n\tsm.last_name, \n\tSTRING_AGG(ia.internet_address, ',') AS internet_addresses\nfrom\n\tinternet_addresses ia,\n\tstaff_members sm \nwhere\n\tia.owner_class = 'STF' \n\tand sm.staff_id = ia.owner_id \n\tand ia.owner_id = :ownerId\ngroup by sm.staff_id","queryDesc":"Get Mail Id for Staff Id","category":"PRODUCT"}],"actionParams":[{"createUserId":"OMS_OWNER","parameterId":392,"queryKey":"GET_MAIL_ID_FOR_STAFF_ID","parameterCode":"ownerId","parameterDescription":"Staff Id","parameterType":"Number","createDatetime":1691480221157,"modifyDatetime":1691480221157}],"createUserId":"OMS_OWNER","apiId":"GET_MAIL_ID_FOR_STAFF_ID","apiDescription":"Get Mail Id for Staff Id","queryKey":"GET_MAIL_ID_FOR_STAFF_ID","url":"Elite2Web/api/cmdaction/executeSelectQuery","queryId":0,"createDatetime":1691130124000,"modifyDatetime":1691480221000,"modifyUserId":"OMS_OWNER","category":"PRODUCT"},{"quickAction":[{"queryId":160,"queryKey":"GET_OFFENDER_BOOKING_DETAILS","queryText":"SELECT \n    ob.booking_no,\n    ob.booking_begin_date,\n    ob.booking_status,\n    CASE\n        WHEN ob.agy_loc_id IS NOT NULL THEN al.description\n        ELSE (SELECT al.description FROM agency_locations al WHERE al.agy_loc_id = ob.intake_agy_loc_id)\n    END AS agy_loc_id,\n    ob.living_unit_id\nFROM \n    offender_bookings ob\nLEFT JOIN\n    agency_locations al ON ob.agy_loc_id = al.agy_loc_id\nWHERE\n    ob.offender_book_id = :offenderBookId","queryDesc":"Get Offender Booking Details","category":"CLIENT"}],"actionParams":[{"createUserId":"OMS_OWNER","parameterId":302,"queryKey":"GET_OFFENDER_BOOKING_DETAILS","parameterCode":"offenderBookId","parameterDescription":"Offender Book Id","parameterType":"Number","createDatetime":1687780823188,"modifyDatetime":1687780823188}],"createUserId":"OMS_OWNER","apiId":"GET_OFFENDER_BOOKING_DETAILS","apiDescription":"Get Offender Booking Details","queryKey":"GET_OFFENDER_BOOKING_DETAILS","url":"Elite2Web/api/cmdaction/executeSelectQuery","queryId":0,"createDatetime":1687780823000,"modifyDatetime":1687780823000,"category":"CLIENT"},{"quickAction":[{"queryId":144,"queryKey":"GET_TEAM_CODE","queryText":"select team_code from automation_teams a where team_id =(:teamId)::bigint\n","queryDesc":"Get Team Code","category":"PRODUCT"}],"actionParams":[{"createUserId":"OMS_OWNER","parameterId":301,"queryKey":"GET_TEAM_CODE","parameterCode":"teamId","parameterDescription":"teamId","parameterType":"Number","createDatetime":1687780823188,"modifyDatetime":1687780823188}],"createUserId":"OMS_OWNER","apiId":"GET_TEAM_CODE","apiDescription":"Get Team Code","queryKey":"GET_TEAM_CODE","url":"Elite2Web/api/cmdaction/executeSelectQuery","queryId":0,"createDatetime":1675937558000,"modifyDatetime":1687780823000,"modifyUserId":"OMS_OWNER","category":"PRODUCT"},{"quickAction":[{"queryId":159,"queryKey":"GET_ORDER_TYPE_DESCRIPTION","queryText":"select description from order_types where order_type = :orderType","queryDesc":"Get Order Type Description","category":"PRODUCT"}],"actionParams":[{"createUserId":"OMS_OWNER","parameterId":298,"queryKey":"GET_ORDER_TYPE_DESCRIPTION","parameterCode":"orderType","parameterDescription":"Order Type","parameterType":"String","createDatetime":1687780823188,"modifyDatetime":1687780823188}],"createUserId":"OMS_OWNER","apiId":"GET_ORDER_TYPE_DESCRIPTION","apiDescription":"Get Order Type Description","queryKey":"GET_ORDER_TYPE_DESCRIPTION","url":"Elite2Web/api/cmdaction/executeSelectQuery","queryId":0,"createDatetime":1687780823000,"modifyDatetime":1687780823000,"category":"PRODUCT"},{"quickAction":[{"queryId":158,"queryKey":"GET_COURT_DESCRIPTION","queryText":"select description from agency_locations al where agy_loc_id = :court","queryDesc":"Get Court Description","category":"PRODUCT"}],"actionParams":[{"createUserId":"OMS_OWNER","parameterId":297,"queryKey":"GET_COURT_DESCRIPTION","parameterCode":"court","parameterDescription":"Court","parameterType":"String","createDatetime":1687780823188,"modifyDatetime":1687780823188}],"createUserId":"OMS_OWNER","apiId":"GET_COURT_DESCRIPTION","apiDescription":"Get Court Description","queryKey":"GET_COURT_DESCRIPTION","url":"Elite2Web/api/cmdaction/executeSelectQuery","queryId":0,"createDatetime":1687780823000,"modifyDatetime":1687780823000,"category":"PRODUCT"},{"quickAction":[{"queryId":142,"queryKey":"GET_TEAM_MEMBER_DETAILS","queryText":"select \n\tsm.first_name,\n\tsm.last_name, \n\tSTRING_AGG(ia.internet_address, ',') AS internet_addresses\nfrom\n\tstaff_members sm,\n\tinternet_addresses ia,\n\tteam_staff_members tm\nwhere\n\ttm.staff_id = sm.staff_id\n\tand ia.owner_id = tm.staff_id \n\tand ia.owner_class = 'STF' \n    and tm.team_member_id =:teamMemberId \ngroup by sm.staff_id","queryDesc":"Get Team member Details","category":"PRODUCT"}],"actionParams":[{"createUserId":"OMS_OWNER","parameterId":299,"queryKey":"GET_TEAM_MEMBER_DETAILS","parameterCode":"teamMemberId","parameterDescription":"teamMemberId","parameterType":"Number","createDatetime":1687780823188,"modifyDatetime":1687780823188}],"createUserId":"OMS_OWNER","apiId":"GET_TEAM_MEMBER_DETAILS","apiDescription":"Get Team member Details","queryKey":"GET_TEAM_MEMBER_DETAILS","url":"Elite2Web/api/cmdaction/executeSelectQuery","queryId":0,"createDatetime":1675937558000,"modifyDatetime":1687780823000,"modifyUserId":"OMS_OWNER","category":"PRODUCT"}]