[{"quickAction":[{"queryId":29,"queryKey":"GET_MESSAGE_ID","queryText":"select nextval('EXTERNAL_MESSAGE_ID')::text messageId from dual","queryDesc":"Get Message Id","category":"CLIENT"}],"actionParams":[],"createUserId":"OMS_OWNER","apiId":"GET_MESSAGE_ID","apiDescription":"Get Message Id","queryKey":"GET_MESSAGE_ID","url":"Elite2Web/api/cmdaction/executeSelectQuery","queryId":0,"createDatetime":1662368771000,"modifyDatetime":1689174548000,"modifyUserId":"OMS_OWNER","category":"CLIENT"},{"quickAction":[{"queryId":265,"queryKey":"GET_MESSAGE_TIMESTAMP","queryText":"select  to_char(TIMEZONE(('UTC'), current_timestamp::TIMESTAMPTZ), 'YYYY-MM-DD\"T\"HH24:MI:SS\"Z\"') dateTime","queryDesc":"Get Message TimeStamp","category":"CLIENT"}],"actionParams":[],"createUserId":"OMS_OWNER","apiId":"GET_MESSAGE_TIMESTAMP","apiDescription":"Get Message TimeStamp","queryKey":"GET_MESSAGE_TIMESTAMP","url":"Elite2Web/api/cmdaction/executeSelectQuery","queryId":0,"createDatetime":1689157908000,"modifyDatetime":1689157908000,"category":"CLIENT"},{"quickAction":[{"queryId":264,"queryKey":"FORMAT_OFFENDER_PAY_DETAILS","queryText":"select 1 from dual","queryDesc":"Format Offender Pay Details","category":"CLIENT"}],"actionParams":[{"createUserId":"OMS_OWNER","parameterId":456,"queryKey":"FORMAT_OFFENDER_PAY_DETAILS","parameterCode":"OffenderDetails","parameterDescription":"Offender Details","parameterType":"String","createDatetime":1689157415701,"modifyDatetime":1689157415701},{"createUserId":"OMS_OWNER","parameterId":457,"queryKey":"FORMAT_OFFENDER_PAY_DETAILS","parameterCode":"messageId","parameterDescription":"Message Id","parameterType":"String","createDatetime":1689157415701,"modifyDatetime":1689157415701},{"createUserId":"OMS_OWNER","parameterId":459,"queryKey":"FORMAT_OFFENDER_PAY_DETAILS","parameterCode":"messageTimeStamp","parameterDescription":"Message TimeStamp","parameterType":"String","createDatetime":1689158008921,"modifyDatetime":1689158008921},{"createUserId":"OMS_OWNER","parameterId":458,"queryKey":"FORMAT_OFFENDER_PAY_DETAILS","parameterCode":"specificationKey","parameterDescription":"Specification Key","parameterType":"String","createDatetime":1689157415701,"modifyDatetime":1689157415701}],"createUserId":"OMS_OWNER","apiId":"FORMAT_OFFENDER_PAY_DETAILS","apiDescription":"Format Offender Pay Details","queryKey":"FORMAT_OFFENDER_PAY_DETAILS","url":"Elite2Web/api/serviceBusController/convertJson","queryId":0,"createDatetime":1689157451000,"modifyDatetime":1689157451000,"category":"CLIENT"}]