[{"quickAction":[{"queryId":195,"queryKey":"GET_CASE_OFFICER_MAIL","queryText":"select sm.mail_id  mailId from case_plans cp ,staff_members sm where cp.inst_sac_staff_id=sm.staff_id  and cp.offender_book_id =:offenderBookId","queryDesc":"Get Case Officer Email","category":"PRODUCT"}],"actionParams":[{"createUserId":"DOJUSER4","parameterId":213,"queryKey":"GET_CASE_OFFICER_MAIL","parameterCode":"offenderBookId","parameterDescription":"offenderBookId","parameterType":"Number","createDatetime":1662107488654,"modifyDatetime":1664001352225,"modifyUserId":"OMS_OWNER"}],"createUserId":"DOJUSER4","apiId":"GET_CASE_OFFICER_MAIL","apiDescription":"Get CaseOfficer Mail","queryKey":"GET_CASE_OFFICER_MAIL","url":"Elite2Web/api/cmdaction/executeSelectQuery","queryId":0,"createDatetime":1662107513000,"modifyDatetime":1664001352000,"modifyUserId":"OMS_OWNER","category":"PRODUCT"}]