[{"quickAction":[{"queryId":147,"queryKey":"GET_OFFENDER_ADDRESS_DETAILS","queryText":"select\n    ad.city_code city,\n    ad.country country,\n    ad.zip_postal_code postal, \n    ad.prov_state_desc state,\n    ad.street streetname,\n    ad.street_number streetnumber,\n    CONCAT(\n        COALESCE(ad.street_number, ''), \n        CASE WHEN ad.street_number IS NOT NULL THEN ' ' ELSE '' END,\n        COALESCE(ad.street, ''),\n        CASE WHEN ad.street IS NOT NULL THEN ', ' ELSE '' END,\n        COALESCE(ad.city_code, ''),\n        CASE WHEN ad.city_code IS NOT NULL THEN ', ' ELSE '' END,\n        COALESCE(ad.prov_state_desc, ''),\n        CASE WHEN ad.prov_state_desc IS NOT NULL THEN ', ' ELSE '' END,\n        COALESCE(ad.country, ''),\n        CASE WHEN ad.country IS NOT NULL THEN ' ' ELSE '' END,\n        COALESCE(ad.zip_postal_code, '')\n    ) AS address,\n    a.create_datetime recordeddate\nFROM\n    v_addresses ad,\n    addresses a,\n    offender_bookings ob\nWHERE\n    ad.owner_id = ob.offender_id\n    and a.address_id = ad.address_id \n  \tand a.address_id = (select max(address_id ) from addresses where owner_id = ob.offender_id)\n    and  ob.offender_book_id=:offenderBookId","queryDesc":"Get Offender Address Details","category":"CLIENT"}],"actionParams":[{"createUserId":"OMS_OWNER","parameterId":198,"queryKey":"GET_OFFENDER_ADDRESS_DETAILS","parameterCode":"offenderBookId","parameterDescription":"Offender Book Id","parameterType":"Number","createDatetime":1667777004424,"modifyDatetime":1667777004424}],"createUserId":"OMS_OWNER","apiId":"GET_OFFENDER_ADDRESS_DETAILS","apiDescription":"Get Offender Address Details","queryKey":"GET_OFFENDER_ADDRESS_DETAILS","url":"Elite2Web/api/cmdaction/executeSelectQuery","queryId":0,"createDatetime":1667777004000,"modifyDatetime":1667777004000,"category":"CLIENT"}]