[{"quickAction":[{"queryId":519,"queryKey":"UPDATE_PENA_ALERT","queryText":"update\n\toffender_alerts\nset\n\texpiry_date = current_timestamp,\n\talert_status = 'INACTIVE',\n\tmodify_user_id = :modifyUserId,\n\tmodify_datetime = current_timestamp\nwhere\n\toffender_book_id = :offenderBookId::bigint\n\tand alert_type = :alertType \n\tand alert_code = :alertCode","queryDesc":"Update PENA Alert","category":"CLIENT"}],"actionParams":[{"createUserId":"OMS_OWNER","parameterId":1814,"queryKey":"UPDATE_PENA_ALERT","parameterCode":"alertCode","parameterDescription":"Alert Code","parameterType":"String","createDatetime":1702284649038,"modifyDatetime":1702284649038},{"createUserId":"OMS_OWNER","parameterId":1815,"queryKey":"UPDATE_PENA_ALERT","parameterCode":"alertType","parameterDescription":"Alert Type","parameterType":"String","createDatetime":1702284649038,"modifyDatetime":1702284649038},{"createUserId":"OMS_OWNER","parameterId":1816,"queryKey":"UPDATE_PENA_ALERT","parameterCode":"modifyUserId","parameterDescription":"Modify User Id","parameterType":"String","createDatetime":1702284649038,"modifyDatetime":1702284649038},{"createUserId":"OMS_OWNER","parameterId":1817,"queryKey":"UPDATE_PENA_ALERT","parameterCode":"offenderBookId","parameterDescription":"Offender Book Id","parameterType":"Number","createDatetime":1702284649038,"modifyDatetime":1702284649038}],"createUserId":"OMS_OWNER","apiId":"UPDATE_PENA_ALERT","apiDescription":"Update PENA Alert","queryKey":"UPDATE_PENA_ALERT","url":"Elite2Web/api/cmdaction/executeUpdateQuery","queryId":0,"createDatetime":1702284649000,"modifyDatetime":1702284649000,"category":"CLIENT"},{"quickAction":[{"queryId":518,"queryKey":"GET_WORK_FLOW_LOGS_SEQ","queryText":"select\n\tmax(work_flow_seq)+ 1 as seq\nfrom\n\twork_flow_logs wfl\nwhere\n\twork_flow_id = \n(\n\tselect\n\t\twork_flow_id\n\tfrom\n\t\twork_flows wf\n\twhere\n\t\tobject_code = 'ALERT'\n\t\tand object_id = :offenderBookId\n\t\tand object_seq = (\n\t\tselect\n\t\t\tmax(alert_seq)\n\t\tfrom\n\t\t\toffender_alerts oa\n\t\twhere\n\t\t\toffender_book_id = :offenderBookId\n\t\t\tand alert_type = :alertType\n\t\t\tand alert_code = :alertCode))","queryDesc":"Get Work Flow Logs Seq","category":"CLIENT"}],"actionParams":[{"createUserId":"OMS_OWNER","parameterId":1811,"queryKey":"GET_WORK_FLOW_LOGS_SEQ","parameterCode":"alertCode","parameterDescription":"Alert Code","parameterType":"String","createDatetime":1702284649038,"modifyDatetime":1702284649038},{"createUserId":"OMS_OWNER","parameterId":1812,"queryKey":"GET_WORK_FLOW_LOGS_SEQ","parameterCode":"alertType","parameterDescription":"Alert Type","parameterType":"String","createDatetime":1702284649038,"modifyDatetime":1702284649038},{"createUserId":"OMS_OWNER","parameterId":1813,"queryKey":"GET_WORK_FLOW_LOGS_SEQ","parameterCode":"offenderBookId","parameterDescription":"Offender Book Id","parameterType":"Number","createDatetime":1702284649038,"modifyDatetime":1702284649038}],"createUserId":"OMS_OWNER","apiId":"GET_WORK_FLOW_LOGS_SEQ","apiDescription":"Get Work Flow Logs Seq","queryKey":"GET_WORK_FLOW_LOGS_SEQ","url":"Elite2Web/api/cmdaction/executeSelectQuery","queryId":0,"createDatetime":1702284649000,"modifyDatetime":1702284649000,"category":"CLIENT"}]