[{"quickAction":[{"queryId":214,"queryKey":"GET_NO_CUSTODY_STATUS_OFFENDERS","queryText":"SELECT json_extract_path_text(CAST(form_identifier AS JSON), 'offenderBookId') AS offender_book_id \nFROM ocdlegls_data \nWHERE now() - create_datetime > interval '24 hours' \n  AND now() - create_datetime < interval '25 hours' \n  AND custody_status = 'NO_STATUS'","queryDesc":"Get No Custody Status Offenders","category":"PRODUCT"}],"actionParams":[],"createUserId":"OMS_OWNER","apiId":"GET_NO_CUSTODY_STATUS_OFFENDERS","apiDescription":"Get No Custody Status Offenders","queryKey":"GET_NO_CUSTODY_STATUS_OFFENDERS","url":"Elite2Web/api/cmdaction/executeSelectQuery","queryId":0,"createDatetime":1683695626000,"modifyDatetime":1683695626000,"category":"PRODUCT"},{"quickAction":[{"queryId":42,"queryKey":"GET_OFFENDER_DETAILS","queryText":"SELECT \n    vo.offender_book_id,\n    vo.offender_id,\n    vo.offender_id_display,\n    vo.first_name,\n    vo.last_name,\n    vo.middle_name,\n    vo.birth_date,\n    ref_code.description sex_code\nFROM \n    v_offenders vo,\n    reference_codes ref_code\nwhere\n    ref_code.domain = 'SEX' and \n \tref_code.code= vo.sex_code and\n    vo.offender_book_id = :offenderBookId","queryDesc":"Get Offender Details","category":"CLIENT"}],"actionParams":[{"createUserId":"OMS_OWNER","parameterId":46,"queryKey":"GET_OFFENDER_DETAILS","parameterCode":"offenderBookId","parameterDescription":"Offender Book Id","parameterType":"Number","createDatetime":1662705229751,"modifyDatetime":1662705229751}],"createUserId":"OMS_OWNER","apiId":"GET_OFFENDER_DETAILS","apiDescription":"Get Offender Details","queryKey":"GET_OFFENDER_DETAILS","url":"Elite2Web/api/cmdaction/executeSelectQuery","queryId":0,"createDatetime":1662705289000,"modifyDatetime":1662705289000,"category":"CLIENT"}]