[{"quickAction":[{"queryId":333,"queryKey":"GET_TEAM_MAIL_ID","queryText":"select\n\tSTRING_AGG(distinct (at1.team_email), ',') as team_email\nfrom\n\tautomation_teams at1,\n\tteam_functions tf\nwhere\n\ttf.function_type = :function\n\tand at1.team_id = tf.team_id\n\tand at1.team_email is not null","queryDesc":"Get Team Mail Id","category":"CLIENT"}],"actionParams":[{"createUserId":"OMS_OWNER","parameterId":666,"queryKey":"GET_TEAM_MAIL_ID","parameterCode":"function","parameterDescription":"Function","parameterType":"String","createDatetime":1700122143567,"modifyDatetime":1700122143567}],"createUserId":"OMS_OWNER","apiId":"GET_TEAM_MAIL_ID","apiDescription":"Get Team Mail Id","queryKey":"GET_TEAM_MAIL_ID","url":"Elite2Web/api/cmdaction/executeSelectQuery","queryId":0,"createDatetime":1699334711000,"modifyDatetime":1700122143000,"modifyUserId":"YOGENDRANATH","category":"CLIENT"},{"quickAction":[{"queryId":247,"queryKey":"GET_OFF_SEP_PERIOD_EXPIRED_DATA","queryText":"select\n\tocd.*,\n\tvhb2.offender_id_display,\n\tvhb2.last_name,\n\tvhb2.first_name,\n\tvhb2.middle_name\nfrom\n\tOFFENDER_CIP_DETAILS ocd,\n\tv_header_block vhb2\nwhere\n\tdate_trunc('day', ocd.expiry_date) <= current_date\n\tand vhb2.offender_book_id = ocd.offender_book_id\n\tand vhb2.living_unit_id = (\n\tselect\n\t\tliving_unit_id\n\tfrom\n\t\tliving_units lu\n\twhere\n\t\tlu.living_unit_code = :livingUnitCode)","queryDesc":"Get Off Sep Period Expired Data","category":"PRODUCT"}],"actionParams":[{"createUserId":"OMS_OWNER","parameterId":683,"queryKey":"GET_OFF_SEP_PERIOD_EXPIRED_DATA","parameterCode":"livingUnitCode","parameterDescription":"Living Unit Code","parameterType":"String","createDatetime":1701243831063,"modifyDatetime":1701243831063}],"createUserId":"YOGENDRANATH","apiId":"GET_OFF_SEP_PERIOD_EXPIRED_DATA","apiDescription":"Get Off Sep Period Expired Data","queryKey":"GET_OFF_SEP_PERIOD_EXPIRED_DATA","url":"Elite2Web/api/cmdaction/executeSelectQuery","queryId":0,"createDatetime":1688547753000,"modifyDatetime":1688547753000,"category":"PRODUCT"}]