[{"quickAction":[{"queryId":328,"queryKey":"GET_OFFENDER_BOOK_ID_FOR_OFFENDER_ID","queryText":"select offender_book_id from offender_bookings ob where offender_id = :offenderId and active_flag = 'Y'","queryDesc":"Get Offender Book Id for Offender Id","category":"PRODUCT"}],"actionParams":[{"createUserId":"OMS_OWNER","parameterId":652,"queryKey":"GET_OFFENDER_BOOK_ID_FOR_OFFENDER_ID","parameterCode":"offenderId","parameterDescription":"Offender Id","parameterType":"Number","createDatetime":1697702982552,"modifyDatetime":1697702982552}],"createUserId":"OMS_OWNER","apiId":"GET_OFFENDER_BOOK_ID_FOR_OFFENDER_ID","apiDescription":"Get Offender Book Id for Offender Id","queryKey":"GET_OFFENDER_BOOK_ID_FOR_OFFENDER_ID","url":"Elite2Web/api/cmdaction/executeSelectQuery","queryId":0,"createDatetime":1697703106000,"modifyDatetime":1697703106000,"category":"PRODUCT"},{"quickAction":[{"queryId":327,"queryKey":"GET_HISTORICAL_SASH_ALERT_COUNT","queryText":"select\n\tcount(*)\nfrom\n\toffender_alerts\nwhere\n\talert_type = 'S'\n\tand alert_code = 'SA'\n\tand offender_book_id in (\n\tselect offender_book_id\n\t\tfrom offender_bookings ob\n\t\twhere offender_id = :offenderId\n\t\torder by offender_book_id desc\n\t\tlimit 1 offset 1)","queryDesc":"Get Historical SASH Alert Count","category":"CLIENT"}],"actionParams":[{"createUserId":"OMS_OWNER","parameterId":651,"queryKey":"GET_HISTORICAL_SASH_ALERT_COUNT","parameterCode":"offenderId","parameterDescription":"Offender Id","parameterType":"Number","createDatetime":1697606490482,"modifyDatetime":1697608912993,"modifyUserId":"OMS_OWNER"}],"createUserId":"OMS_OWNER","apiId":"GET_HISTORICAL_SASH_ALERT_COUNT","apiDescription":"Get Historical SASH Alert Count","queryKey":"GET_HISTORICAL_SASH_ALERT_COUNT","url":"Elite2Web/api/cmdaction/executeSelectQuery","queryId":0,"createDatetime":1697606537000,"modifyDatetime":1697606537000,"category":"CLIENT"},{"quickAction":[{"queryId":322,"queryKey":"INSERT_ALERT_WORKFLOW_LOGS","queryText":"insert into work_flow_logs (Work_flow_id, Work_flow_seq, Work_action_code, Work_Action_date , Action_user_id, work_flow_status, create_date, locate_agy_loc_id , create_user_id) values (( select WORK_FLOW_ID from WORK_FLOWS where object_id = :offenderBookId::bigint and object_code = 'ALERT' and object_seq = ( select max(oa.alert_seq) from offender_alerts oa where oa.offender_book_id = :offenderBookId::bigint and oa.alert_type = :alertType and oa.alert_code = :alertCode)), case when :workFlowSeq <> '' then :workFlowSeq::bigint else ( select max(work_flow_seq)+1 from work_flow_logs wfl where work_flow_id in ( select WORK_FLOW_ID from WORK_FLOWS where object_id = :offenderBookId::bigint and object_code = 'ALERT' and object_seq = ( select max(oa.alert_seq) from offender_alerts oa where oa.offender_book_id = :offenderBookId::bigint and oa.alert_type = :alertType and oa.alert_code = :alertCode))) end, :workActionCode, current_timestamp, null, :workFlowStatus, current_timestamp, null , :createUserId);","queryDesc":"Insert Alert Workflow Logs","category":"CLIENT"}],"actionParams":[{"createUserId":"YOGENDRANATH","parameterId":643,"queryKey":"INSERT_ALERT_WORKFLOW_LOGS","parameterCode":"alertCode","parameterDescription":"Alert Code","parameterType":"String","createDatetime":1697539018718,"modifyDatetime":1697539018718},{"createUserId":"YOGENDRANATH","parameterId":644,"queryKey":"INSERT_ALERT_WORKFLOW_LOGS","parameterCode":"alertType","parameterDescription":"Alert Type","parameterType":"String","createDatetime":1697539018718,"modifyDatetime":1697539018718},{"createUserId":"YOGENDRANATH","parameterId":645,"queryKey":"INSERT_ALERT_WORKFLOW_LOGS","parameterCode":"createUserId","parameterDescription":"Create User Id","parameterType":"String","createDatetime":1697539018718,"modifyDatetime":1697539018718},{"createUserId":"YOGENDRANATH","parameterId":646,"queryKey":"INSERT_ALERT_WORKFLOW_LOGS","parameterCode":"offenderBookId","parameterDescription":"offenderBookId","parameterType":"Number","createDatetime":1697539018718,"modifyDatetime":1697539018718},{"createUserId":"YOGENDRANATH","parameterId":647,"queryKey":"INSERT_ALERT_WORKFLOW_LOGS","parameterCode":"workActionCode","parameterDescription":"Work Action Code","parameterType":"String","createDatetime":1697539018718,"modifyDatetime":1697539018718},{"createUserId":"YOGENDRANATH","parameterId":648,"queryKey":"INSERT_ALERT_WORKFLOW_LOGS","parameterCode":"workFlowSeq","parameterDescription":"Work Flow Seq","parameterType":"Number","createDatetime":1697539018718,"modifyDatetime":1697539018718},{"createUserId":"YOGENDRANATH","parameterId":649,"queryKey":"INSERT_ALERT_WORKFLOW_LOGS","parameterCode":"workFlowStatus","parameterDescription":"Work FLow Status","parameterType":"String","createDatetime":1697539018718,"modifyDatetime":1697539018718}],"createUserId":"YOGENDRANATH","apiId":"INSERT_ALERT_WORKFLOW_LOGS","apiDescription":"Insert Alert Work Flow Logs","queryKey":"INSERT_ALERT_WORKFLOW_LOGS","url":"Elite2Web/api/cmdaction/executeUpdateQuery","queryId":0,"createDatetime":1696502755000,"modifyDatetime":1697539018000,"modifyUserId":"YOGENDRANATH","category":"CLIENT"},{"quickAction":[{"queryId":318,"queryKey":"INSERT_OFFENDER_ALERTS","queryText":"insert into offender_alerts(alert_date, offender_book_id, root_offender_id, alert_seq, alert_type, alert_code, create_date, alert_status, verified_flag, expiry_date, caseload_type, modify_datetime, create_datetime, create_user_id) values( case when :alertdate = '' then current_timestamp else TO_TIMESTAMP(:alertdate, 'YYYY-MM-DD\"T\"HH24:MI:SS') end, :offenderbookid::bigint, ( select root_offender_id from offender_bookings where offender_book_id = :offenderbookid::bigint), ( select coalesce(max(alert_seq), 0) + 1 from offender_alerts where offender_book_id = :offenderbookid::bigint), :alerttype, :alertcode, current_timestamp, :alertstatus, :verifiedflag, case when :expirydate = '' then null else TO_TIMESTAMP(:expirydate, 'YYYY-MM-DD\"T\"HH24:MI:SS') end, :caseloadType, current_timestamp, current_timestamp, :createuserid)","queryDesc":"Insert Offender Alerts","category":"CLIENT"}],"actionParams":[{"createUserId":"YOGENDRANATH","parameterId":626,"queryKey":"INSERT_OFFENDER_ALERTS","parameterCode":"alertcode","parameterDescription":"Alert Code","parameterType":"String","createDatetime":1696831117393,"modifyDatetime":1696831117393},{"createUserId":"YOGENDRANATH","parameterId":627,"queryKey":"INSERT_OFFENDER_ALERTS","parameterCode":"alertdate","parameterDescription":"Alert Date","parameterType":"String","createDatetime":1696831117393,"modifyDatetime":1696831117393},{"createUserId":"YOGENDRANATH","parameterId":628,"queryKey":"INSERT_OFFENDER_ALERTS","parameterCode":"alertstatus","parameterDescription":"Alert Status","parameterType":"String","createDatetime":1696831117393,"modifyDatetime":1696831117393},{"createUserId":"YOGENDRANATH","parameterId":629,"queryKey":"INSERT_OFFENDER_ALERTS","parameterCode":"alerttype","parameterDescription":"Alert Type","parameterType":"String","createDatetime":1696831117393,"modifyDatetime":1696831117393},{"createUserId":"YOGENDRANATH","parameterId":630,"queryKey":"INSERT_OFFENDER_ALERTS","parameterCode":"caseloadType","parameterDescription":"Caseload Type","parameterType":"String","createDatetime":1696831117393,"modifyDatetime":1696831117393},{"createUserId":"YOGENDRANATH","parameterId":631,"queryKey":"INSERT_OFFENDER_ALERTS","parameterCode":"createuserid","parameterDescription":"Create User Id","parameterType":"String","createDatetime":1696831117393,"modifyDatetime":1696831117393},{"createUserId":"YOGENDRANATH","parameterId":632,"queryKey":"INSERT_OFFENDER_ALERTS","parameterCode":"expirydate","parameterDescription":"Expiry Date","parameterType":"String","createDatetime":1696831117393,"modifyDatetime":1696831117393},{"createUserId":"YOGENDRANATH","parameterId":633,"queryKey":"INSERT_OFFENDER_ALERTS","parameterCode":"offenderbookid","parameterDescription":"Offender Book Id","parameterType":"Number","createDatetime":1696831117393,"modifyDatetime":1696831117393},{"createUserId":"YOGENDRANATH","parameterId":634,"queryKey":"INSERT_OFFENDER_ALERTS","parameterCode":"verifiedflag","parameterDescription":"Verified Flag","parameterType":"String","createDatetime":1696831117393,"modifyDatetime":1696831117393}],"createUserId":"YOGENDRANATH","apiId":"INSERT_OFFENDER_ALERTS","apiDescription":"Insert Offender Alerts","queryKey":"INSERT_OFFENDER_ALERTS","url":"Elite2Web/api/cmdaction/executeUpdateQuery","queryId":0,"createDatetime":1696319338000,"modifyDatetime":1696831117000,"modifyUserId":"YOGENDRANATH","category":"CLIENT"},{"quickAction":[{"queryId":321,"queryKey":"INSERT_ALERT_WORKFLOW","queryText":"insert into WORK_FLOWS (WORK_FLOW_ID, OBJECT_CODE, OBJECT_ID, OBJECT_SEQ, CREATE_USER_ID) values (NEXTVAL('WORK_FLOW_ID'), 'ALERT', :offenderBookId::bigint, ( select coalesce(max(oa.alert_seq), 0) from offender_alerts oa where oa.alert_type = :alertType and oa.offender_book_id = :offenderBookId::bigint and oa.alert_code = :alertCode), :createUserId)","queryDesc":"Insert Alert Work Flow","category":"CLIENT"}],"actionParams":[{"createUserId":"YOGENDRANATH","parameterId":618,"queryKey":"INSERT_ALERT_WORKFLOW","parameterCode":"alertCode","parameterDescription":"Alert Code","parameterType":"String","createDatetime":1696831117393,"modifyDatetime":1696831117393},{"createUserId":"YOGENDRANATH","parameterId":619,"queryKey":"INSERT_ALERT_WORKFLOW","parameterCode":"alertType","parameterDescription":"Alert Type","parameterType":"String","createDatetime":1696831117393,"modifyDatetime":1696831117393},{"createUserId":"YOGENDRANATH","parameterId":620,"queryKey":"INSERT_ALERT_WORKFLOW","parameterCode":"createUserId","parameterDescription":"Create User Id","parameterType":"String","createDatetime":1696831117393,"modifyDatetime":1696831117393},{"createUserId":"YOGENDRANATH","parameterId":621,"queryKey":"INSERT_ALERT_WORKFLOW","parameterCode":"offenderBookId","parameterDescription":"Offender Book Id","parameterType":"Number","createDatetime":1696831117393,"modifyDatetime":1696831117393}],"createUserId":"YOGENDRANATH","apiId":"INSERT_ALERT_WORKFLOW","apiDescription":"Insert Alert Work Flow","queryKey":"INSERT_ALERT_WORKFLOW","url":"Elite2Web/api/cmdaction/executeUpdateQuery","queryId":0,"createDatetime":1696502755000,"modifyDatetime":1696831117000,"modifyUserId":"YOGENDRANATH","category":"CLIENT"}]