[{"quickAction":[{"queryId":130,"queryKey":"GET_BULK_OFFENDER_ESCAPE","queryText":"SELECT\n    *\nFROM\n    (\n        SELECT\n            vo.offender_book_id,\n            COALESCE(oe.readmission_time, oe.readmission_date) AS recapture_date,\n   \t\t\tCOALESCE(oe.escape_time, oe.escape_date) AS escape_date\n        FROM\n            v_offenders  vo\n            LEFT JOIN (\n                SELECT\n                    a.offender_book_id,\n                    a.escape_date,\n                    a.recapture_date,\n                    a.escape_time,\n                    a.recpature_time,\n                    a.readmission_date,\n                    a.readmission_time\n                FROM\n                    offender_escapes  a,\n                    (\n                        SELECT\n                            MAX(escape_id) max_escape_id,\n                            offender_book_id\n                        FROM\n                            offender_escapes\n                        GROUP BY\n                            offender_book_id\n                    )                 b\n                WHERE\n                        a.offender_book_id = b.offender_book_id\n                    AND a.escape_id = b.max_escape_id\n            )            oe ON vo.offender_book_id = oe.offender_book_id\n    ) d\nWHERE\n    offender_book_id IN (:offenderBookIds)\nORDER BY\n    offender_book_id","queryDesc":"Get Bulk Offender Escape","category":"CLIENT"}],"actionParams":[{"createUserId":"OMS_OWNER","parameterId":165,"queryKey":"GET_BULK_OFFENDER_ESCAPE","parameterCode":"offenderBookIds","parameterDescription":"Offender Book Ids","parameterType":"Date","createDatetime":1667549340268,"modifyDatetime":1667549340268}],"createUserId":"OMS_OWNER","apiId":"GET_BULK_OFFENDER_ESCAPE","apiDescription":"Get Bulk Offender Escape","queryKey":"GET_BULK_OFFENDER_ESCAPE","url":"Elite2Web/api/cmdaction/executeSelectQuery","queryId":0,"createDatetime":1667549405000,"modifyDatetime":1667549405000,"category":"CLIENT"}]