[{"quickAction":[{"queryId":572,"queryKey":"GET_FORMATTED_TIME","queryText":"select TO_CHAR(:inputTime::timestamp, 'HH24:MI') as formatted_time","queryDesc":"Get Formatted Time","category":"PRODUCT"}],"actionParams":[{"createUserId":"OMS_OWNER","parameterId":2105,"queryKey":"GET_FORMATTED_TIME","parameterCode":"inputTime","parameterDescription":"inputTime","parameterType":"String","createDatetime":1709097485095}],"createUserId":"OMS_OWNER","apiId":"GET_FORMATTED_TIME","apiDescription":"Get Formatted Time","queryKey":"GET_FORMATTED_TIME","url":"Elite2Web/api/cmdaction/executeSelectQuery","queryId":0,"createDatetime":1709097544000,"category":"PRODUCT"}]