[{"quickAction":[{"queryId":150,"queryKey":"GET_SYSTEM_USER_ID","queryText":"select encode(setting_value, 'escape') userIdResp  from system_settings ss where setting_type = 'serverConfig' and setting_provider_code = 'AUTOMATION_USER'","queryDesc":"Get System User Id","category":"PRODUCT"}],"actionParams":[],"createUserId":"OMS_OWNER","apiId":"GET_SYSTEM_USER_ID","apiDescription":"Get System User Id","queryKey":"GET_SYSTEM_USER_ID","url":"Elite2Web/api/cmdaction/executeSelectQuery","queryId":0,"createDatetime":1667789555000,"modifyDatetime":1667789555000},{"quickAction":[{"queryId":143,"queryKey":"NOTIFY_SERVICE_BUS","queryText":"select 1 from dual","queryDesc":"Notify Service Bus","category":"CLIENT"}],"actionParams":[{"createUserId":"OMS_OWNER","parameterId":190,"queryKey":"NOTIFY_SERVICE_BUS","parameterCode":"OffenderDetails","parameterDescription":"Offender Details","parameterType":"String","createDatetime":1667777004424,"modifyDatetime":1667777004424}],"createUserId":"OMS_OWNER","apiId":"NOTIFY_SERVICE_BUS","apiDescription":"Notify Service Bus","queryKey":"NOTIFY_SERVICE_BUS","url":"Elite2Web/api/externalsystem/connectExternalSystem","queryId":0,"createDatetime":1667777004000,"modifyDatetime":1667777004000},{"quickAction":[{"queryId":133,"queryKey":"GET_ACTIVE_ESCAPEES","queryText":"select   \n    oe.offender_book_id\nfrom    \n    offender_escapes oe\nwhere \n    oe.recapture_date is not null","queryDesc":"Get Active Escapees","category":"CLIENT"}],"actionParams":[],"createUserId":"OMS_OWNER","apiId":"GET_ACTIVE_ESCAPEES","apiDescription":"Get Active Escapees","queryKey":"GET_ACTIVE_ESCAPEES","url":"Elite2Web/api/cmdaction/executeSelectQuery","queryId":0,"createDatetime":1667549844000,"modifyDatetime":1667549844000},{"quickAction":[{"queryId":132,"queryKey":"GET_OFFENDERS_DISCHARGED_LAST_WEEK","queryText":"select\n    vo.offender_book_id,\n    oem.movement_date movement_date\nfrom\n    v_offenders vo,\n    offender_external_movements oem \nwhere\n    vo.active_flag != 'Y' and\n    (sysdate()::date - oem.movement_date::date)<7","queryDesc":"Get Offenders Discharged Last Week","category":"CLIENT"}],"actionParams":[],"createUserId":"OMS_OWNER","apiId":"GET_OFFENDERS_DISCHARGED_LAST_WEEK","apiDescription":"Get Offenders Discharged Last Week","queryKey":"GET_OFFENDERS_DISCHARGED_LAST_WEEK","url":"Elite2Web/api/cmdaction/executeSelectQuery","queryId":0,"createDatetime":1667549702000,"modifyDatetime":1667549702000},{"quickAction":[{"queryId":131,"queryKey":"GET_BULK_OFFENDER_RELEASE","queryText":"select oem2.movement_date,oem2.movement_reason_code from (SELECT  \n    max(movement_seq) max_movement_seq,offender_book_id\nFROM offender_external_movements group by offender_book_id)oem, \n    offender_external_movements oem2\nwhere\noem.max_movement_seq=oem2.movement_seq and oem.offender_book_id=oem2.offender_book_id and\n    oem2.offender_book_id in (:offenderBookIds) order by oem2.offender_book_id","queryDesc":"Get Bulk Offender Release","category":"CLIENT"}],"actionParams":[{"createUserId":"OMS_OWNER","parameterId":166,"queryKey":"GET_BULK_OFFENDER_RELEASE","parameterCode":"offenderBookIds","parameterDescription":"Offender Book Ids","parameterType":"List","createDatetime":1667549510693,"modifyDatetime":1667549561084,"modifyUserId":"OMS_OWNER"}],"createUserId":"OMS_OWNER","apiId":"GET_BULK_OFFENDER_RELEASE","apiDescription":"Get Bulk Offender Release","queryKey":"GET_BULK_OFFENDER_RELEASE","url":"Elite2Web/api/cmdaction/executeSelectQuery","queryId":0,"createDatetime":1667549542000,"modifyDatetime":1667549542000},{"quickAction":[{"queryId":130,"queryKey":"GET_BULK_OFFENDER_ESCAPE","queryText":"SELECT\n    *\nFROM\n    (\n        SELECT\n            vo.offender_book_id,\n            oe.escape_date,\n            oe.recapture_date\n        FROM\n            v_offenders  vo\n            LEFT JOIN (\n                SELECT\n                    a.offender_book_id,\n                    a.escape_date,\n                    a.recapture_date\n                FROM\n                    offender_escapes  a,\n                    (\n                        SELECT\n                            MAX(escape_id) max_escape_id,\n                            offender_book_id\n                        FROM\n                            offender_escapes\n                        GROUP BY\n                            offender_book_id\n                    )                 b\n                WHERE\n                        a.offender_book_id = b.offender_book_id\n                    AND a.escape_id = b.max_escape_id\n            )            oe ON vo.offender_book_id = oe.offender_book_id\n    ) d\nWHERE\n    offender_book_id IN (:offenderBookIds)\nORDER BY\n    offender_book_id","queryDesc":"Get Bulk Offender Escape","category":"CLIENT"}],"actionParams":[{"createUserId":"OMS_OWNER","parameterId":165,"queryKey":"GET_BULK_OFFENDER_ESCAPE","parameterCode":"offenderBookIds","parameterDescription":"Offender Book Ids","parameterType":"Date","createDatetime":1667549340268,"modifyDatetime":1667549340268}],"createUserId":"OMS_OWNER","apiId":"GET_BULK_OFFENDER_ESCAPE","apiDescription":"Get Bulk Offender Escape","queryKey":"GET_BULK_OFFENDER_ESCAPE","url":"Elite2Web/api/cmdaction/executeSelectQuery","queryId":0,"createDatetime":1667549405000,"modifyDatetime":1667549405000},{"quickAction":[{"queryId":129,"queryKey":"GET_BULK_OFFENDER_HOUSING","queryText":"SELECT \n    al.housing_lev_1_code,\n    al.housing_lev_2_code,\n    al.housing_lev_3_code\nFROM v_offenders vo,\n    agency_locations al\nwhere\n    al.agy_loc_id = vo.agy_loc_id and\n    vo.offender_book_id in (:offenderBookIds) order by vo.offender_book_id","queryDesc":"Get Bulk Offender Housing","category":"CLIENT"}],"actionParams":[{"createUserId":"OMS_OWNER","parameterId":164,"queryKey":"GET_BULK_OFFENDER_HOUSING","parameterCode":"offenderBookIds","parameterDescription":"Offender Book Ids","parameterType":"List","createDatetime":1667549104246,"modifyDatetime":1667549104246}],"createUserId":"OMS_OWNER","apiId":"GET_BULK_OFFENDER_HOUSING","apiDescription":"Get Bulk Offender Housing","queryKey":"GET_BULK_OFFENDER_HOUSING","url":"Elite2Web/api/cmdaction/executeSelectQuery","queryId":0,"createDatetime":1667549137000,"modifyDatetime":1667549137000},{"quickAction":[{"queryId":128,"queryKey":"GET_BULK_OFFENDER_BOOKINGS","queryText":"SELECT \n    ob.booking_no,\n    ob.booking_begin_date,\n    ob.booking_status,\n    ob.agy_loc_id,\n    ob.living_unit_id\nFROM \n    offender_bookings ob\nwhere\n    ob.offender_book_id in (:offenderBookIds) order by ob.offender_book_id","queryDesc":"Get Bulk Offender Bookings","category":"CLIENT"}],"actionParams":[{"createUserId":"OMS_OWNER","parameterId":163,"queryKey":"GET_BULK_OFFENDER_BOOKINGS","parameterCode":"offenderBookIds","parameterDescription":"offender Book Ids","parameterType":"List","createDatetime":1667548695658,"modifyDatetime":1667549187091,"modifyUserId":"OMS_OWNER"}],"createUserId":"OMS_OWNER","apiId":"GET_BULK_OFFENDER_BOOKINGS","apiDescription":"Get Bulk Offender Bookings","queryKey":"GET_BULK_OFFENDER_BOOKINGS","url":"Elite2Web/api/cmdaction/executeSelectQuery","queryId":0,"createDatetime":1667548726000,"modifyDatetime":1667548726000},{"quickAction":[{"queryId":127,"queryKey":"GET_BULK_OFFENDER_DETAILS","queryText":"SELECT \n    vo.offender_book_id,\n    vo.offender_id,\n    vo.offender_id_display,\n    vo.first_name,\n    vo.last_name,\n    vo.middle_name,\n    vo.birth_date,\n    vo.sex_code\nFROM \n    v_offenders vo\nwhere\n    vo.offender_book_id in (:offenderBookIds) order by vo.offender_book_id","queryDesc":"Get Bulk Offender Details","category":"CLIENT"}],"actionParams":[{"createUserId":"OMS_OWNER","parameterId":162,"queryKey":"GET_BULK_OFFENDER_DETAILS","parameterCode":"offenderBookIds","parameterDescription":"offender Book Ids","parameterType":"List","createDatetime":1667548534813,"modifyDatetime":1667548534813}],"createUserId":"OMS_OWNER","apiId":"GET_BULK_OFFENDER_DETAILS","apiDescription":"Get Bulk Offender Details","queryKey":"GET_BULK_OFFENDER_DETAILS","url":"Elite2Web/api/cmdaction/executeSelectQuery","queryId":0,"createDatetime":1667548575000,"modifyDatetime":1667548575000},{"quickAction":[{"queryId":126,"queryKey":"FORMAT_CURRENT_OFFENDERS_ACTION_RESPONSE","queryText":"Select 1 from dual","queryDesc":"Format Current Offenders Action Response","category":"CLIENT"}],"actionParams":[{"createUserId":"OMS_OWNER","parameterId":158,"queryKey":"FORMAT_CURRENT_OFFENDERS_ACTION_RESPONSE","parameterCode":"specificationKey","parameterDescription":"specificationKey","parameterType":"String","createDatetime":1667548224472,"modifyDatetime":1667548224472},{"createUserId":"OMS_OWNER","parameterId":159,"queryKey":"FORMAT_CURRENT_OFFENDERS_ACTION_RESPONSE","parameterCode":"activePrisoners","parameterDescription":"Active Prisoners","parameterType":"String","createDatetime":1667548224472,"modifyDatetime":1667548224472},{"createUserId":"OMS_OWNER","parameterId":160,"queryKey":"FORMAT_CURRENT_OFFENDERS_ACTION_RESPONSE","parameterCode":"releasePrisoners","parameterDescription":"Release Prisoners","parameterType":"String","createDatetime":1667548224472,"modifyDatetime":1667548224472},{"createUserId":"OMS_OWNER","parameterId":161,"queryKey":"FORMAT_CURRENT_OFFENDERS_ACTION_RESPONSE","parameterCode":"escapePrisoners","parameterDescription":"Escape Prisoners","parameterType":"String","createDatetime":1667548224472,"modifyDatetime":1667548224472}],"createUserId":"OMS_OWNER","apiId":"FORMAT_CURRENT_OFFENDERS_ACTION_RESPONSE","apiDescription":"Format Current Offenders Action Response","queryKey":"FORMAT_CURRENT_OFFENDERS_ACTION_RESPONSE","url":"Elite2Web/api/serviceBusController/convertJson","queryId":0,"createDatetime":1667548324000,"modifyDatetime":1667548324000},{"quickAction":[{"queryId":125,"queryKey":"GET_ACTIVE_OFFENDERS","queryText":"select \n    vo.offender_book_id\nfrom \n    v_offenders vo,\n    offender_escapes oe\nwhere \n    vo.active_flag = 'Y' and\n    vo.offender_book_id = oe.offender_book_id and\n    oe.recapture_date is not null\nunion    \nselect  \n    vo.offender_book_id\nfrom \n    v_offenders vo\nwhere \n    vo.active_flag = 'Y' and\n    vo.offender_book_id not in (select oe.offender_book_id from offender_escapes oe)","queryDesc":"Get Active Offenders","category":"CLIENT"}],"actionParams":[],"createUserId":"OMS_OWNER","apiId":"GET_ACTIVE_OFFENDERS","apiDescription":"Get Active Offenders","queryKey":"GET_ACTIVE_OFFENDERS","url":"Elite2Web/api/cmdaction/executeSelectQuery","queryId":0,"createDatetime":1667548058000,"modifyDatetime":1667548058000},{"quickAction":[{"queryId":121,"queryKey":"FORMAT_ACTIVE_OFFENDERS_ACTION_RESPONSE","queryText":"Select 1 from dual","queryDesc":"Format Active Offenders Action Response","category":"CLIENT"}],"actionParams":[{"createUserId":"OMS_OWNER","parameterId":148,"queryKey":"FORMAT_ACTIVE_OFFENDERS_ACTION_RESPONSE","parameterCode":"escapeDetails","parameterDescription":"Escape Details","parameterType":"String","createDatetime":1667537391461,"modifyDatetime":1667537391461},{"createUserId":"OMS_OWNER","parameterId":149,"queryKey":"FORMAT_ACTIVE_OFFENDERS_ACTION_RESPONSE","parameterCode":"offenderBookingDetails","parameterDescription":"Offender Booking Details","parameterType":"String","createDatetime":1667537391461,"modifyDatetime":1667537391461},{"createUserId":"OMS_OWNER","parameterId":150,"queryKey":"FORMAT_ACTIVE_OFFENDERS_ACTION_RESPONSE","parameterCode":"offenderDetails","parameterDescription":"Offender Details","parameterType":"String","createDatetime":1667543495613,"modifyDatetime":1667543495613},{"createUserId":"OMS_OWNER","parameterId":151,"queryKey":"FORMAT_ACTIVE_OFFENDERS_ACTION_RESPONSE","parameterCode":"offenderHousingDetails","parameterDescription":"Offender Housing Details","parameterType":"String","createDatetime":1667543495613,"modifyDatetime":1667543495613},{"createUserId":"OMS_OWNER","parameterId":152,"queryKey":"FORMAT_ACTIVE_OFFENDERS_ACTION_RESPONSE","parameterCode":"offenderReleaseDetails","parameterDescription":"Offender Release Details","parameterType":"String","createDatetime":1667543495613,"modifyDatetime":1667543495613},{"createUserId":"OMS_OWNER","parameterId":153,"queryKey":"FORMAT_ACTIVE_OFFENDERS_ACTION_RESPONSE","parameterCode":"specificationKey","parameterDescription":"specificationKey","parameterType":"String","createDatetime":1667543495613,"modifyDatetime":1667543495613},{"createUserId":"OMS_OWNER","parameterId":154,"queryKey":"FORMAT_ACTIVE_OFFENDERS_ACTION_RESPONSE","parameterCode":"staffDetails","parameterDescription":"Staff Details","parameterType":"String","createDatetime":1667543495613,"modifyDatetime":1667543495613}],"createUserId":"OMS_OWNER","apiId":"FORMAT_ACTIVE_OFFENDERS_ACTION_RESPONSE","apiDescription":"Format Active Offenders Action Response","queryKey":"FORMAT_ACTIVE_OFFENDERS_ACTION_RESPONSE","url":"Elite2Web/api/serviceBusController/convertJson","queryId":0,"createDatetime":1667543628000,"modifyDatetime":1667543628000}]