[{"processKey":"OTKCONDTRF_TRACK_CONDITIONS_TRANSFER_CANCEL_NOTIFY","processDesc":"OTKCONDTRF_TRACK_CONDITIONS_TRANSFER_CANCEL_NOTIFY","triggerId":"87","xmlFileName":"OTKCONDTRF_TRACK_CONDITIONS_TRANSFER_CANCEL_NOTIFY.bpmn","category":"PRODUCT"},{"processKey":"OCONDAWAIT_CONDITIONS_ASSIGNMENT_NOTIFY","processDesc":"OCONDAWAIT_CONDITIONS_ASSIGNMENT_NOTIFY","triggerId":"85","xmlFileName":"OCONDAWAIT_CONDITIONS_ASSIGNMENT_NOTIFY.bpmn","category":"PRODUCT"},{"processKey":"OCONDTRF_TRANSFER_CONDITIONS_NOTIFY","processDesc":"OCONDTRF_TRANSFER_CONDITIONS_NOTIFY","triggerId":"86","xmlFileName":"OCONDTRF_TRANSFER_CONDITIONS_NOTIFY.bpmn","category":"PRODUCT"}]