[{"quickAction":[{"queryId":135,"queryKey":"GET_OFFENDER_BOOKING_DETAILS","queryText":"select\n\t*\nfrom\n\t(\nSELECT \n\tob.offender_book_id,\n    ob.booking_no,\n    ob.booking_begin_date,\n    ois.imprisonment_status booking_status,\n    ois.dateOfDeath,\n   CASE\n        WHEN ob.agy_loc_id IS NOT NULL THEN ob.agy_loc_id\n         ELSE ob.intake_agy_loc_id\n    END AS agy_loc_id,\n    CASE\n        WHEN ob.agy_loc_id IS NOT NULL THEN al.description\n        ELSE (SELECT al.description FROM agency_locations al WHERE al.agy_loc_id = ob.intake_agy_loc_id)\n    END AS agy_loc_id_desc,\n    ob.living_unit_id\nFROM \n    offender_bookings ob\nLEFT JOIN\n    agency_locations al ON ob.agy_loc_id = al.agy_loc_id\nleft join \n\t(select\n\t\t\tA.offender_book_id,\n\t\t\tA.imprisonment_status,\n\t\t\tCASE\n        \t\tWHEN A.imprisonment_status = 'DT' THEN A.effective_date\n        \t\tELSE null\n    \t\tEND AS dateOfDeath\n\t\tfrom\n\t\t\t(\n\t\t\tselect\n\t\t\t\tmax(imprison_status_seq)max_iss_seq,\n\t\t\t\toffender_book_id\n\t\t\tfrom\n\t\t\t\toffender_imprison_statuses ois\n\t\t\tgroup by\n\t\t\t\toffender_book_id)B,\n\t\t\toffender_imprison_statuses A\n\t\twhere\n\t\t\tA.imprison_status_seq = B.max_iss_seq\n\t\t\tand A.offender_book_id = B.offender_book_id)ois on ois.offender_book_id = ob.offender_book_id) A\nWHERE\n    offender_book_id = :offenderBookId","queryDesc":"Get Offender Booking Details","category":"CLIENT"}],"actionParams":[{"createUserId":"OMS_OWNER","parameterId":168,"queryKey":"GET_OFFENDER_BOOKING_DETAILS","parameterCode":"offenderBookId","parameterDescription":"Offender Book Id","parameterType":"Number","createDatetime":1667552675293,"modifyDatetime":1667552675293}],"createUserId":"OMS_OWNER","apiId":"GET_OFFENDER_BOOKING_DETAILS","apiDescription":"Get Offender Booking Details","queryKey":"GET_OFFENDER_BOOKING_DETAILS","url":"Elite2Web/api/cmdaction/executeSelectQuery","queryId":0,"createDatetime":1667552719000,"modifyDatetime":1667552719000,"category":"CLIENT"}]