[{"quickAction":[{"queryId":186,"queryKey":"SMS_FORMATTER","queryText":"Select 1 from dual","queryDesc":"Sms Formatter","category":"SYSTEM"}],"actionParams":[{"createUserId":"OMS_OWNER","parameterId":302,"queryKey":"SMS_FORMATTER","parameterCode":"specificationKey","parameterDescription":"specificationKey","parameterType":"String","createDatetime":1675918921183,"modifyDatetime":1675918921183},{"createUserId":"OMS_OWNER","parameterId":303,"queryKey":"SMS_FORMATTER","parameterCode":"sendTo","parameterDescription":"Send To","parameterType":"String","createDatetime":1675918921183,"modifyDatetime":1675918921183},{"createUserId":"OMS_OWNER","parameterId":304,"queryKey":"SMS_FORMATTER","parameterCode":"message","parameterDescription":"Message","parameterType":"String","createDatetime":1675918921183,"modifyDatetime":1675918921183},{"createUserId":"OMS_OWNER","parameterId":305,"queryKey":"SMS_FORMATTER","parameterCode":"sourceSystem","parameterDescription":"Source System","parameterType":"String","createDatetime":1675918921183,"modifyDatetime":1675920168021,"modifyUserId":"OMS_OWNER"},{"createUserId":"OMS_OWNER","parameterId":313,"queryKey":"SMS_FORMATTER","parameterCode":"messageId","parameterDescription":"Message Id","parameterType":"String","createDatetime":1675927380310,"modifyDatetime":1675927380310},{"createUserId":"OMS_OWNER","parameterId":314,"queryKey":"SMS_FORMATTER","parameterCode":"dateTime","parameterDescription":"Date and Time","parameterType":"String","createDatetime":1675934501659,"modifyDatetime":1675934501659},{"createUserId":"OMS_OWNER","parameterId":328,"queryKey":"SMS_FORMATTER","parameterCode":"correlationId","parameterDescription":"Correlation Id","parameterType":"String","createDatetime":1676460838137,"modifyDatetime":1676460838137}],"createUserId":"OMS_OWNER","apiId":"SMS_FORMATTER","apiDescription":"Sms Formatter","queryKey":"SMS_FORMATTER","url":"Elite2Web/api/serviceBusController/convertJson","queryId":0,"createDatetime":1675918973000,"modifyDatetime":1675918973000,"category":"SYSTEM"}]