[{"quickAction":[{"queryId":557,"queryKey":"GET_UPDATED_OFFENDERS_DISCHARGED_LAST_WEEK","queryText":"select\noem.offender_book_id,\noem.movement_date movement_date\nfrom\noffender_external_movements oem\nwhere\n oem.movement_type = 'REL'\n and oem.movement_reason_code = 'DISC'\n and oem.direction_code = 'OUT'\n and oem.to_agy_loc_id = 'OUT'\n and (sysdate()::date - oem.movement_date::date)<8\n and offender_book_id in (SELECT MAX(offender_book_id) AS max_offender_book_id\nFROM offender_bookings\nGROUP BY root_offender_id)","queryDesc":"Get Updated Offenders Discharged Last Week","category":"CLIENT"}],"actionParams":[],"createUserId":"OMS_OWNER","apiId":"GET_UPDATED_OFFENDERS_DISCHARGED_LAST_WEEK","apiDescription":"Get Updated Offenders Discharged Last Week","queryKey":"GET_UPDATED_OFFENDERS_DISCHARGED_LAST_WEEK","url":"Elite2Web/api/cmdaction/executeSelectQuery","queryId":0,"createDatetime":1706848201000,"category":"CLIENT"},{"quickAction":[{"queryId":506,"queryKey":"FORMAT_UPDTAED_ACTIVE_OFF_ACTION_RESP","queryText":"Select 1 from Dual","queryDesc":"Format Updated Active Off Action Resp","category":"CLIENT"}],"actionParams":[{"createUserId":"OMS_OWNER","parameterId":2015,"queryKey":"FORMAT_UPDTAED_ACTIVE_OFF_ACTION_RESP","parameterCode":"offenderDetails","parameterDescription":"Offender Details","parameterType":"String","createDatetime":1706761573281},{"createUserId":"OMS_OWNER","parameterId":2016,"queryKey":"FORMAT_UPDTAED_ACTIVE_OFF_ACTION_RESP","parameterCode":"staffDetails","parameterDescription":"Staff Details","parameterType":"String","createDatetime":1706761573281},{"createUserId":"OMS_OWNER","parameterId":2017,"queryKey":"FORMAT_UPDTAED_ACTIVE_OFF_ACTION_RESP","parameterCode":"offenderBookingDetails","parameterDescription":"Offender Booking Details","parameterType":"String","createDatetime":1706761573281},{"createUserId":"OMS_OWNER","parameterId":2018,"queryKey":"FORMAT_UPDTAED_ACTIVE_OFF_ACTION_RESP","parameterCode":"specificationKey","parameterDescription":"specificationKey","parameterType":"String","createDatetime":1706761573281},{"createUserId":"OMS_OWNER","parameterId":2019,"queryKey":"FORMAT_UPDTAED_ACTIVE_OFF_ACTION_RESP","parameterCode":"section68Details","parameterDescription":" Section68 Details","parameterType":"String","createDatetime":1706761573281},{"createUserId":"OMS_OWNER","parameterId":2020,"queryKey":"FORMAT_UPDTAED_ACTIVE_OFF_ACTION_RESP","parameterCode":"homeDestinationDetails","parameterDescription":"Home Destination Details","parameterType":"String","createDatetime":1706761573281},{"createUserId":"OMS_OWNER","parameterId":2021,"queryKey":"FORMAT_UPDTAED_ACTIVE_OFF_ACTION_RESP","parameterCode":"offNextCourtDate","parameterDescription":"Off Next Court Date","parameterType":"String","createDatetime":1706761573281},{"createUserId":"OMS_OWNER","parameterId":2022,"queryKey":"FORMAT_UPDTAED_ACTIVE_OFF_ACTION_RESP","parameterCode":"releaseDates","parameterDescription":"Release Dates","parameterType":"String","createDatetime":1706761573281},{"createUserId":"OMS_OWNER","parameterId":2023,"queryKey":"FORMAT_UPDTAED_ACTIVE_OFF_ACTION_RESP","parameterCode":"offenderAddresses","parameterDescription":"Offender Address Details","parameterType":"String","createDatetime":1706761573281},{"createUserId":"OMS_OWNER","parameterId":2027,"queryKey":"FORMAT_UPDTAED_ACTIVE_OFF_ACTION_RESP","parameterCode":"releaseDetails","parameterDescription":"Offender Release Details","parameterType":"String","createDatetime":1706762136899,"modifyDatetime":1706768031017,"modifyUserId":"OMS_OWNER"}],"createUserId":"OMS_OWNER","apiId":"FORMAT_UPDTAED_ACTIVE_OFF_ACTION_RESP","apiDescription":"Format Updated Active Off Action Resp","queryKey":"FORMAT_UPDTAED_ACTIVE_OFF_ACTION_RESP","url":"Elite2Web/api/serviceBusController/convertJson","queryId":0,"createDatetime":1701836219000,"modifyDatetime":1706761573000,"modifyUserId":"OMS_OWNER","category":"CLIENT"},{"quickAction":[{"queryId":509,"queryKey":"GET_UPDATED_ACTIVE_OFFENDERS","queryText":"select\n\toffender_book_id\nfrom\n\tv_header_block vhb \nwhere\n\tactive_flag = 'Y' \n\tor community_active_flag = 'Y'","queryDesc":"Get Updated Active Offenders","category":"CLIENT"}],"actionParams":[],"createUserId":"OMS_OWNER","apiId":"GET_UPDATED_ACTIVE_OFFENDERS","apiDescription":"Get Updated Active Offenders","queryKey":"GET_UPDATED_ACTIVE_OFFENDERS","url":"Elite2Web/api/cmdaction/executeSelectQuery","queryId":0,"createDatetime":1701845314000,"modifyDatetime":1701845314000,"category":"CLIENT"},{"quickAction":[{"queryId":339,"queryKey":"GET_BULK_OFFENDER_RELEASE","queryText":"select\n\t*,\n\tcase\n\t\twhen movement_type  = 'REL' and direction_code = 'OUT' and to_agy_loc_id = 'OUT' then movement_time\n\t\telse null end release_date\n\tfrom\n\t\toffender_external_movements oem,\n\t\t(\n\t\tselect\n\t\t\tmax(movement_seq)max_seq,\n\t\t\toffender_book_id\n\t\tfrom\n\t\t\toffender_external_movements\n\t\tgroup by\n\t\t\toffender_book_id)oem2\n\twhere\n\t\toem.offender_book_id = oem2.offender_book_id\n\t\tand oem.movement_seq = oem2.max_seq\n\t\tand oem.offender_book_id in (:offenderBookIds) \n                order by oem2.offender_book_id","queryDesc":"Get Bulk Offender Release","category":"CLIENT"}],"actionParams":[{"createUserId":"OMS_OWNER","parameterId":1772,"queryKey":"GET_BULK_OFFENDER_RELEASE","parameterCode":"offenderBookIds","parameterDescription":"Offender Book Ids","parameterType":"List","createDatetime":1701837415856,"modifyDatetime":1701837415856,"modifyUserId":"OMS_OWNER"}],"createUserId":"OMS_OWNER","apiId":"GET_BULK_OFFENDER_RELEASE","apiDescription":"Get Bulk Offender Release","queryKey":"GET_BULK_OFFENDER_RELEASE","url":"Elite2Web/api/cmdaction/executeSelectQuery","queryId":0,"createDatetime":1667813736000,"modifyDatetime":1701837415000,"modifyUserId":"OMS_OWNER","category":"CLIENT"}]