[{"quickAction":[{"queryId":27,"queryKey":"GET_OFFICERS_MAIL_ID","queryText":"select\n\tsm.mail_id,\n\tvo.offender_book_id,\n\tvo.offender_id_display,\n\tvo.first_name,\n\tvo.last_name\nfrom\n\tstaff_members sm,\n\tcase_plans cp,\n\t(\n\tselect\n\t\tvo1.offender_book_id,\n\t\tvo1.offender_id_display,\n\t\tvo1.first_name,\n\t\tvo1.last_name\n\tfrom\n\t\tv_offenders vo1\n\twhere\n\t vo1.active_flag = 'Y' \n\t\t\tand (sysdate()::date - vo1.booking_begin_date::date)>7 \n\t\texcept (\n\t\tselect\n\t\t\tvo3.offender_book_id,\n\t\t\tvo3.offender_id_display,\n\t\t\tvo3.first_name,\n\t\t\tvo3.last_name\n\t\tfrom\n\t\t\tv_offenders vo3,\n\t\t\toffender_case_notes ocn1\n\t\twhere\n\t\t\tvo3.offender_book_id = ocn1.offender_book_id)\t\t\nunion\n\tselect\n\t\tvo2.offender_book_id,\n\t\tvo2.offender_id_display,\n\t\tvo2.first_name,\n\t\tvo2.last_name\n\tfrom\n\t\tv_offenders vo2,\n\t\toffender_case_notes ocn\n\twhere\n\t\tvo2.offender_book_id = ocn.offender_book_id\n\t\tand vo2.active_flag = 'Y'\n\t\tand ocn.case_note_id = (select max(case_note_id) from offender_case_notes where ocn.offender_book_id = vo2.offender_book_id)\n\t\tand (sysdate()::date - ocn.create_datetime::date)>7) vo\nwhere\n\tsm.staff_id =\n\tcase\n\t\twhen cp.caseload_type = 'INST' then cp.inst_Sac_staff_id\n\t\telse cp.Sac_staff_id\n\tend\n\tand cp.case_plan_status = 'ACTIVE'\n\tand cp.offender_book_id = vo.offender_book_id","queryDesc":"Get Officers Mail Id","category":"PRODUCT"}],"actionParams":[],"createUserId":"OMS_OWNER","apiId":"GET_OFFICERS_MAIL_ID","apiDescription":"Get officers mail Id","queryKey":"GET_OFFICERS_MAIL_ID","url":"Elite2Web/api/cmdaction/executeSelectQuery","queryId":0,"createDatetime":1662097480000,"modifyDatetime":1670240891000,"modifyUserId":"OMS_OWNER","category":"PRODUCT"}]